episode_id,frame_index,global_index,episode_length,max_frame_index,normalized_progress,selection_slot,selection_reason,pilot_order,prompt_id,prompt_class,instruction,semantic_notes,experiment_seed,execution_order_seed,execution_position,noise_seed,noise_hash,actual_compute_device,expert_action_x,expert_action_y,expert_action_z,expert_action_roll,expert_action_pitch,expert_action_yaw,expert_action_gripper,pred_action_x,pred_action_y,pred_action_z,pred_action_roll,pred_action_pitch,pred_action_yaw,pred_action_gripper,inference_time_ms
0,27,27,258,257,0.1050583657587548,coverage_anchor,coverage anchor nearest predetermined normalized progress target 0.10,1,C10,Contradictory,"move the cream cheese box into the basket, then take the butter out of the basket",Sequential inclusion/exclusion contradiction with distinct object roles.,20260810,20260837,1,7100027,sha256:6357e83ab1d4d19b,mps:0,0.3642857074737549,-0.09107142686843872,-0.7741071581840515,0.010714286006987095,-0.025714285671710968,-0.0,-1.0,0.3101663887500763,-0.22195014357566833,-0.5269004106521606,0.004511093255132437,-0.011896702460944653,-0.012211566790938377,-1.006392240524292,709.4117919914424
0,27,27,258,257,0.1050583657587548,coverage_anchor,coverage anchor nearest predetermined normalized progress target 0.10,1,CORRECT,Correct,put both the cream cheese box and the butter in the basket,Exact canonical dataset task; the single baseline for every observation.,20260810,20260837,2,7100027,sha256:6357e83ab1d4d19b,mps:0,0.3642857074737549,-0.09107142686843872,-0.7741071581840515,0.010714286006987095,-0.025714285671710968,-0.0,-1.0,0.5563234686851501,-0.4155029058456421,-0.4409889280796051,0.005267046857625246,0.004255675710737705,-0.01844170317053795,-1.0132862329483032,544.4600000046194
0,27,27,258,257,0.1050583657587548,coverage_anchor,coverage anchor nearest predetermined normalized progress target 0.10,1,U10,Unrelated,take the spoon from the counter and place it in the utensil holder,Different pick-and-place task with unrelated objects and destination.,20260810,20260837,3,7100027,sha256:6357e83ab1d4d19b,mps:0,0.3642857074737549,-0.09107142686843872,-0.7741071581840515,0.010714286006987095,-0.025714285671710968,-0.0,-1.0,-0.039867863059043884,-0.2167539894580841,-0.5994394421577454,0.0004957179189659655,-0.044518716633319855,-0.003289780579507351,-0.9943523406982422,801.7953331582248
0,27,27,258,257,0.1050583657587548,coverage_anchor,coverage anchor nearest predetermined normalized progress target 0.10,1,U02,Unrelated,close the microwave door,Plausible appliance manipulation unrelated to the packing goal.,20260810,20260837,4,7100027,sha256:6357e83ab1d4d19b,mps:0,0.3642857074737549,-0.09107142686843872,-0.7741071581840515,0.010714286006987095,-0.025714285671710968,-0.0,-1.0,-0.13883790373802185,-0.238987535238266,-0.6054823398590088,0.004998404998332262,0.0018117069266736507,0.04003750532865524,-1.0201483964920044,555.0640001893044
0,27,27,258,257,0.1050583657587548,coverage_anchor,coverage anchor nearest predetermined normalized progress target 0.10,1,C09,Contradictory,put the cream cheese box beside the basket and leave the butter on the table,Keeps both target objects outside at two stated locations.,20260810,20260837,5,7100027,sha256:6357e83ab1d4d19b,mps:0,0.3642857074737549,-0.09107142686843872,-0.7741071581840515,0.010714286006987095,-0.025714285671710968,-0.0,-1.0,0.06808577477931976,-0.09122098982334137,-0.6866275668144226,0.002057617763057351,-0.03742381930351257,-0.011118674650788307,-1.0064518451690674,542.2532500233501
0,27,27,258,257,0.1050583657587548,coverage_anchor,coverage anchor nearest predetermined normalized progress target 0.10,1,C06,Contradictory,place both the cream cheese box and the butter next to the basket instead of inside it,Preserves both objects but changes the destination for both.,20260810,20260837,6,7100027,sha256:6357e83ab1d4d19b,mps:0,0.3642857074737549,-0.09107142686843872,-0.7741071581840515,0.010714286006987095,-0.025714285671710968,-0.0,-1.0,0.45922940969467163,-0.28539592027664185,-0.48242244124412537,0.0032096775248646736,0.0005106562748551369,-0.02070525288581848,-1.0153298377990723,522.7594170719385
0,27,27,258,257,0.1050583657587548,coverage_anchor,coverage anchor nearest predetermined normalized progress target 0.10,1,C04,Contradictory,put only the butter in the basket and keep the cream cheese box where it is,Selects only the butter and preserves the cream-cheese position.,20260810,20260837,7,7100027,sha256:6357e83ab1d4d19b,mps:0,0.3642857074737549,-0.09107142686843872,-0.7741071581840515,0.010714286006987095,-0.025714285671710968,-0.0,-1.0,0.0959748700261116,-0.1354939043521881,-0.6457407474517822,0.007318711839616299,-0.014782330952584743,-0.024235965684056282,-1.0181326866149902,611.6030002012849
0,27,27,258,257,0.1050583657587548,coverage_anchor,coverage anchor nearest predetermined normalized progress target 0.10,1,P09,Paraphrase,the cream cheese box and the butter should both be put into the basket,Passive syntax; same object set and destination.,20260810,20260837,8,7100027,sha256:6357e83ab1d4d19b,mps:0,0.3642857074737549,-0.09107142686843872,-0.7741071581840515,0.010714286006987095,-0.025714285671710968,-0.0,-1.0,0.2724900245666504,-0.08138929307460785,-0.569287121295929,0.0018062980379909277,-0.004571093246340752,0.0028730249032378197,-1.0120428800582886,518.6376669444144
0,27,27,258,257,0.1050583657587548,coverage_anchor,coverage anchor nearest predetermined normalized progress target 0.10,1,U01,Unrelated,open the top drawer of the cabinet,Original Unrelated prompt retained as one variant for direct diagnosis.,20260810,20260837,9,7100027,sha256:6357e83ab1d4d19b,mps:0,0.3642857074737549,-0.09107142686843872,-0.7741071581840515,0.010714286006987095,-0.025714285671710968,-0.0,-1.0,0.028115473687648773,-0.3425479233264923,-0.5285617113113403,-0.004527158569544554,0.004205738659948111,0.06300479918718338,-0.9902862310409546,612.6722500193864
0,27,27,258,257,0.1050583657587548,coverage_anchor,coverage anchor nearest predetermined normalized progress target 0.10,1,P03,Paraphrase,move the cream cheese box and the butter into the basket,Uses move/into while retaining both objects and destination.,20260810,20260837,10,7100027,sha256:6357e83ab1d4d19b,mps:0,0.3642857074737549,-0.09107142686843872,-0.7741071581840515,0.010714286006987095,-0.025714285671710968,-0.0,-1.0,0.2356204092502594,-0.15095581114292145,-0.667464554309845,0.004314560908824205,-0.015368499793112278,0.007758197374641895,-1.0145374536514282,559.3608329072595
0,27,27,258,257,0.1050583657587548,coverage_anchor,coverage anchor nearest predetermined normalized progress target 0.10,1,P05,Paraphrase,set the cream cheese box as well as the butter inside the basket,As-well-as coordination; same two-object placement goal.,20260810,20260837,11,7100027,sha256:6357e83ab1d4d19b,mps:0,0.3642857074737549,-0.09107142686843872,-0.7741071581840515,0.010714286006987095,-0.025714285671710968,-0.0,-1.0,0.3672035038471222,-0.21208199858665466,-0.5092571377754211,-0.00036658119643107057,-0.006061317399144173,-0.0248612891882658,-1.0097116231918335,580.81966615282
0,27,27,258,257,0.1050583657587548,coverage_anchor,coverage anchor nearest predetermined normalized progress target 0.10,1,U03,Unrelated,pick up the red mug and place it on the saucer,Different object-transfer task with an unrelated destination.,20260810,20260837,12,7100027,sha256:6357e83ab1d4d19b,mps:0,0.3642857074737549,-0.09107142686843872,-0.7741071581840515,0.010714286006987095,-0.025714285671710968,-0.0,-1.0,-0.11238523572683334,-0.07334469258785248,-0.6842377781867981,0.0005918946117162704,-0.012286012060940266,0.020301371812820435,-1.0013030767440796,540.9671668894589
0,27,27,258,257,0.1050583657587548,coverage_anchor,coverage anchor nearest predetermined normalized progress target 0.10,1,C03,Contradictory,place only the cream cheese box in the basket and move the butter beside the basket,Changes inclusion and gives the butter an adjacent destination.,20260810,20260837,13,7100027,sha256:6357e83ab1d4d19b,mps:0,0.3642857074737549,-0.09107142686843872,-0.7741071581840515,0.010714286006987095,-0.025714285671710968,-0.0,-1.0,0.15872105956077576,-0.24831116199493408,-0.6389597058296204,0.0027408706955611706,-0.03316791355609894,-0.025848230347037315,-1.006448745727539,519.8896247893572
0,27,27,258,257,0.1050583657587548,coverage_anchor,coverage anchor nearest predetermined normalized progress target 0.10,1,P06,Paraphrase,pack the basket with both the cream cheese box and the butter,Destination-fronted packing wording; preserves complete goal.,20260810,20260837,14,7100027,sha256:6357e83ab1d4d19b,mps:0,0.3642857074737549,-0.09107142686843872,-0.7741071581840515,0.010714286006987095,-0.025714285671710968,-0.0,-1.0,0.280548095703125,-0.21628838777542114,-0.5739278793334961,-0.0017915335483849049,-0.006785026751458645,-0.03686276078224182,-1.0104482173919678,542.375166900456
0,27,27,258,257,0.1050583657587548,coverage_anchor,coverage anchor nearest predetermined normalized progress target 0.10,1,U08,Unrelated,slide the cutting board toward the sink,Different planar manipulation with unrelated object and target.,20260810,20260837,15,7100027,sha256:6357e83ab1d4d19b,mps:0,0.3642857074737549,-0.09107142686843872,-0.7741071581840515,0.010714286006987095,-0.025714285671710968,-0.0,-1.0,-0.06464820355176926,-0.06126058101654053,-0.6607415080070496,9.455127292312682e-05,-0.012022598646581173,0.03795245289802551,-0.9962080717086792,555.4539579898119
0,27,27,258,257,0.1050583657587548,coverage_anchor,coverage anchor nearest predetermined normalized progress target 0.10,1,P02,Paraphrase,put the butter and the cream cheese box together inside the basket,Reverses object order and uses inside/together; same goal.,20260810,20260837,16,7100027,sha256:6357e83ab1d4d19b,mps:0,0.3642857074737549,-0.09107142686843872,-0.7741071581840515,0.010714286006987095,-0.025714285671710968,-0.0,-1.0,0.3160851299762726,-0.2829262316226959,-0.554249107837677,0.005277483258396387,-0.014250262640416622,-0.02864636667072773,-1.0039538145065308,499.3252500426024
0,27,27,258,257,0.1050583657587548,coverage_anchor,coverage anchor nearest predetermined normalized progress target 0.10,1,P10,Paraphrase,"into the basket, place both the cream cheese box and the butter",Fronted destination; retains both objects and the original goal.,20260810,20260837,17,7100027,sha256:6357e83ab1d4d19b,mps:0,0.3642857074737549,-0.09107142686843872,-0.7741071581840515,0.010714286006987095,-0.025714285671710968,-0.0,-1.0,0.15746529400348663,-0.139024019241333,-0.6582033634185791,0.00017523052520118654,-0.004948724992573261,-0.0011529745534062386,-1.0047976970672607,510.82191593013704
0,27,27,258,257,0.1050583657587548,coverage_anchor,coverage anchor nearest predetermined normalized progress target 0.10,1,U06,Unrelated,place the cereal box inside the kitchen cabinet,Different object and destination; not a modification of the basket task.,20260810,20260837,18,7100027,sha256:6357e83ab1d4d19b,mps:0,0.3642857074737549,-0.09107142686843872,-0.7741071581840515,0.010714286006987095,-0.025714285671710968,-0.0,-1.0,0.25415709614753723,-0.5606239438056946,-0.3038060665130615,0.00240122782997787,0.01949543133378029,0.012796621769666672,-0.9994703531265259,515.8436249475926
0,27,27,258,257,0.1050583657587548,coverage_anchor,coverage anchor nearest predetermined normalized progress target 0.10,1,P04,Paraphrase,"transfer both items, the cream cheese box and the butter, to the basket",Appositive syntax; explicitly names both items and the basket.,20260810,20260837,19,7100027,sha256:6357e83ab1d4d19b,mps:0,0.3642857074737549,-0.09107142686843872,-0.7741071581840515,0.010714286006987095,-0.025714285671710968,-0.0,-1.0,0.6077128052711487,-0.1382998824119568,-0.47668227553367615,0.0017021980602294207,-0.014713111333549023,-0.0035575772635638714,-1.0068135261535645,539.347582962364
0,27,27,258,257,0.1050583657587548,coverage_anchor,coverage anchor nearest predetermined normalized progress target 0.10,1,U05,Unrelated,turn the stove knob clockwise,Plausible rotational manipulation unrelated to packing.,20260810,20260837,20,7100027,sha256:6357e83ab1d4d19b,mps:0,0.3642857074737549,-0.09107142686843872,-0.7741071581840515,0.010714286006987095,-0.025714285671710968,-0.0,-1.0,-0.13008606433868408,-0.35900020599365234,-0.5682765245437622,0.005074907559901476,-0.011026143096387386,0.06988759338855743,-0.9964750409126282,557.9969170503318
0,27,27,258,257,0.1050583657587548,coverage_anchor,coverage anchor nearest predetermined normalized progress target 0.10,1,P08,Paraphrase,ensure that both the butter and the cream cheese box are inside the basket,State-goal phrasing; both named objects must end inside the basket.,20260810,20260837,21,7100027,sha256:6357e83ab1d4d19b,mps:0,0.3642857074737549,-0.09107142686843872,-0.7741071581840515,0.010714286006987095,-0.025714285671710968,-0.0,-1.0,0.19094765186309814,-0.07442033290863037,-0.6525847911834717,0.00236614141613245,0.0008033448830246925,0.0070366645231842995,-1.0041182041168213,544.6890420280397
0,27,27,258,257,0.1050583657587548,coverage_anchor,coverage anchor nearest predetermined normalized progress target 0.10,1,C02,Contradictory,put the butter in the basket but leave the cream cheese box on the table,Reverses which target object is excluded.,20260810,20260837,22,7100027,sha256:6357e83ab1d4d19b,mps:0,0.3642857074737549,-0.09107142686843872,-0.7741071581840515,0.010714286006987095,-0.025714285671710968,-0.0,-1.0,0.15231779217720032,-0.06359390914440155,-0.6297783255577087,-0.0003216032637283206,-0.023217804729938507,-0.016042042523622513,-1.0055344104766846,537.9270410630852
0,27,27,258,257,0.1050583657587548,coverage_anchor,coverage anchor nearest predetermined normalized progress target 0.10,1,C07,Contradictory,put the cream cheese box in the basket and move the butter to the far side of the table,Keeps one original placement and gives the butter a distant destination.,20260810,20260837,23,7100027,sha256:6357e83ab1d4d19b,mps:0,0.3642857074737549,-0.09107142686843872,-0.7741071581840515,0.010714286006987095,-0.025714285671710968,-0.0,-1.0,0.1767256110906601,-0.13918378949165344,-0.6395856142044067,0.0017542815767228603,-0.03608378395438194,-0.026005251333117485,-1.0090467929840088,565.2621251065284
0,27,27,258,257,0.1050583657587548,coverage_anchor,coverage anchor nearest predetermined normalized progress target 0.10,1,C01,Contradictory,put the cream cheese box in the basket but leave the butter outside the basket,Original contradiction: excludes the butter from the destination.,20260810,20260837,24,7100027,sha256:6357e83ab1d4d19b,mps:0,0.3642857074737549,-0.09107142686843872,-0.7741071581840515,0.010714286006987095,-0.025714285671710968,-0.0,-1.0,0.07994915544986725,-0.1290019154548645,-0.6615040302276611,0.0025283528957515955,-0.026025131344795227,-0.0034477899316698313,-0.9980818629264832,540.2182501275092
0,27,27,258,257,0.1050583657587548,coverage_anchor,coverage anchor nearest predetermined normalized progress target 0.10,1,C05,Contradictory,place the cream cheese box on the table and put only the butter in the basket,Assigns different destinations and excludes one object from the basket.,20260810,20260837,25,7100027,sha256:6357e83ab1d4d19b,mps:0,0.3642857074737549,-0.09107142686843872,-0.7741071581840515,0.010714286006987095,-0.025714285671710968,-0.0,-1.0,0.19748634099960327,-0.12345321476459503,-0.584319531917572,0.002731268759816885,-0.004024088382720947,-0.006599249318242073,-1.0129369497299194,540.987707907334
0,27,27,258,257,0.1050583657587548,coverage_anchor,coverage anchor nearest predetermined normalized progress target 0.10,1,P01,Paraphrase,place both the cream cheese box and the butter in the basket,Lexical substitution; preserves both objects and destination.,20260810,20260837,26,7100027,sha256:6357e83ab1d4d19b,mps:0,0.3642857074737549,-0.09107142686843872,-0.7741071581840515,0.010714286006987095,-0.025714285671710968,-0.0,-1.0,0.5279086232185364,-0.42530035972595215,-0.44972968101501465,0.006152859888970852,0.007057582959532738,-0.019112352281808853,-1.0161904096603394,550.197958946228
0,27,27,258,257,0.1050583657587548,coverage_anchor,coverage anchor nearest predetermined normalized progress target 0.10,1,C08,Contradictory,stack the butter on top of the cream cheese box outside the basket,Changes the goal from packing to stacking both objects outside.,20260810,20260837,27,7100027,sha256:6357e83ab1d4d19b,mps:0,0.3642857074737549,-0.09107142686843872,-0.7741071581840515,0.010714286006987095,-0.025714285671710968,-0.0,-1.0,0.23048368096351624,-0.15617939829826355,-0.7304836511611938,0.0006307605654001236,-0.01917858049273491,-0.030725423246622086,-0.9999853372573853,540.7315001357347
0,27,27,258,257,0.1050583657587548,coverage_anchor,coverage anchor nearest predetermined normalized progress target 0.10,1,U04,Unrelated,move the black bowl onto the serving plate,Different tabletop placement task using unrelated objects.,20260810,20260837,28,7100027,sha256:6357e83ab1d4d19b,mps:0,0.3642857074737549,-0.09107142686843872,-0.7741071581840515,0.010714286006987095,-0.025714285671710968,-0.0,-1.0,-0.036642782390117645,0.05313043296337128,-0.7395822405815125,0.00028680721879936755,-0.010139652527868748,0.002984403632581234,-1.0133408308029175,533.2626670133322
0,27,27,258,257,0.1050583657587548,coverage_anchor,coverage anchor nearest predetermined normalized progress target 0.10,1,U09,Unrelated,put the blue cup on the upper shelf,Different object-placement task in another part of the workspace.,20260810,20260837,29,7100027,sha256:6357e83ab1d4d19b,mps:0,0.3642857074737549,-0.09107142686843872,-0.7741071581840515,0.010714286006987095,-0.025714285671710968,-0.0,-1.0,-0.06457535177469254,-0.38884639739990234,-0.461709201335907,-0.000936797063332051,0.008301973342895508,0.009331144392490387,-1.0032994747161865,506.27812510356307
0,27,27,258,257,0.1050583657587548,coverage_anchor,coverage anchor nearest predetermined normalized progress target 0.10,1,U07,Unrelated,lift the saucepan and set it on the front burner,Different two-step kitchen manipulation task.,20260810,20260837,30,7100027,sha256:6357e83ab1d4d19b,mps:0,0.3642857074737549,-0.09107142686843872,-0.7741071581840515,0.010714286006987095,-0.025714285671710968,-0.0,-1.0,-0.17545199394226074,-0.20039597153663635,-0.693087637424469,-0.001223965547978878,-0.05956568196415901,-0.00534138223156333,-1.0066410303115845,541.1775419488549
0,27,27,258,257,0.1050583657587548,coverage_anchor,coverage anchor nearest predetermined normalized progress target 0.10,1,P07,Paraphrase,take the cream cheese box and the butter and place them in the basket,Two-verb construction with an explicit plural reference to both objects.,20260810,20260837,31,7100027,sha256:6357e83ab1d4d19b,mps:0,0.3642857074737549,-0.09107142686843872,-0.7741071581840515,0.010714286006987095,-0.025714285671710968,-0.0,-1.0,0.0263381265103817,-0.09719529747962952,-0.71544349193573,0.0010329571086913347,-0.025429081171751022,0.004117858596146107,-1.0166929960250854,522.0512920059264
1,64,322,252,251,0.2549800796812749,coverage_anchor,coverage anchor nearest predetermined normalized progress target 0.30,2,P07,Paraphrase,take the cream cheese box and the butter and place them in the basket,Two-verb construction with an explicit plural reference to both objects.,20260810,20270874,1,7110064,sha256:cee87adbbefe914a,mps:0,-0.06160714104771614,0.0,-0.0,0.0,0.05892857164144516,-0.02678571455180645,1.0,-0.19790419936180115,0.05360032990574837,-0.30771753191947937,-0.0015867960173636675,0.0010460726916790009,0.04340557008981705,1.0123950242996216,494.55266701988876
1,64,322,252,251,0.2549800796812749,coverage_anchor,coverage anchor nearest predetermined normalized progress target 0.30,2,P03,Paraphrase,move the cream cheese box and the butter into the basket,Uses move/into while retaining both objects and destination.,20260810,20270874,2,7110064,sha256:cee87adbbefe914a,mps:0,-0.06160714104771614,0.0,-0.0,0.0,0.05892857164144516,-0.02678571455180645,1.0,-0.19379189610481262,0.0900217741727829,-0.36527249217033386,0.0009196321479976177,0.003057182068005204,0.05102767050266266,1.020187497138977,498.30008298158646
1,64,322,252,251,0.2549800796812749,coverage_anchor,coverage anchor nearest predetermined normalized progress target 0.30,2,C06,Contradictory,place both the cream cheese box and the butter next to the basket instead of inside it,Preserves both objects but changes the destination for both.,20260810,20270874,3,7110064,sha256:cee87adbbefe914a,mps:0,-0.06160714104771614,0.0,-0.0,0.0,0.05892857164144516,-0.02678571455180645,1.0,-0.20229670405387878,0.10906016081571579,-0.6195176243782043,0.009101484902203083,-0.017919350415468216,0.07067000865936279,-1.0057079792022705,531.2630420085043
1,64,322,252,251,0.2549800796812749,coverage_anchor,coverage anchor nearest predetermined normalized progress target 0.30,2,P04,Paraphrase,"transfer both items, the cream cheese box and the butter, to the basket",Appositive syntax; explicitly names both items and the basket.,20260810,20270874,4,7110064,sha256:cee87adbbefe914a,mps:0,-0.06160714104771614,0.0,-0.0,0.0,0.05892857164144516,-0.02678571455180645,1.0,-0.0072038546204566956,0.12235011905431747,-0.16751757264137268,-0.005244011990725994,0.00528842955827713,0.05226976424455643,0.9891507029533386,547.4642501212656
1,64,322,252,251,0.2549800796812749,coverage_anchor,coverage anchor nearest predetermined normalized progress target 0.30,2,C03,Contradictory,place only the cream cheese box in the basket and move the butter beside the basket,Changes inclusion and gives the butter an adjacent destination.,20260810,20270874,5,7110064,sha256:cee87adbbefe914a,mps:0,-0.06160714104771614,0.0,-0.0,0.0,0.05892857164144516,-0.02678571455180645,1.0,-0.1587502658367157,0.07308652251958847,-0.3030678927898407,-0.0016465068329125643,-0.0005184896290302277,0.0304903294891119,1.0109525918960571,544.0299159381539
1,64,322,252,251,0.2549800796812749,coverage_anchor,coverage anchor nearest predetermined normalized progress target 0.30,2,P05,Paraphrase,set the cream cheese box as well as the butter inside the basket,As-well-as coordination; same two-object placement goal.,20260810,20270874,6,7110064,sha256:cee87adbbefe914a,mps:0,-0.06160714104771614,0.0,-0.0,0.0,0.05892857164144516,-0.02678571455180645,1.0,-0.14591336250305176,0.10403883457183838,-0.30298927426338196,-0.002708058338612318,0.004322845488786697,0.05628626048564911,1.0187277793884277,544.777458999306
1,64,322,252,251,0.2549800796812749,coverage_anchor,coverage anchor nearest predetermined normalized progress target 0.30,2,U05,Unrelated,turn the stove knob clockwise,Plausible rotational manipulation unrelated to packing.,20260810,20270874,7,7110064,sha256:cee87adbbefe914a,mps:0,-0.06160714104771614,0.0,-0.0,0.0,0.05892857164144516,-0.02678571455180645,1.0,-0.1967611014842987,0.16889603435993195,-0.26262015104293823,-0.0012265013065189123,0.017963038757443428,0.06511068344116211,-1.0320229530334473,560.9592089895159
1,64,322,252,251,0.2549800796812749,coverage_anchor,coverage anchor nearest predetermined normalized progress target 0.30,2,U03,Unrelated,pick up the red mug and place it on the saucer,Different object-transfer task with an unrelated destination.,20260810,20270874,8,7110064,sha256:cee87adbbefe914a,mps:0,-0.06160714104771614,0.0,-0.0,0.0,0.05892857164144516,-0.02678571455180645,1.0,-0.21828734874725342,0.134328693151474,-0.28258442878723145,-0.005892958026379347,-0.006056054495275021,0.05214255303144455,1.0057718753814697,537.6122500747442
1,64,322,252,251,0.2549800796812749,coverage_anchor,coverage anchor nearest predetermined normalized progress target 0.30,2,U07,Unrelated,lift the saucepan and set it on the front burner,Different two-step kitchen manipulation task.,20260810,20270874,9,7110064,sha256:cee87adbbefe914a,mps:0,-0.06160714104771614,0.0,-0.0,0.0,0.05892857164144516,-0.02678571455180645,1.0,-0.21677663922309875,0.09568625688552856,-0.2747482657432556,-0.0015158660244196653,-0.009432966820895672,0.029910864308476448,1.0002398490905762,553.1212498899549
1,64,322,252,251,0.2549800796812749,coverage_anchor,coverage anchor nearest predetermined normalized progress target 0.30,2,U10,Unrelated,take the spoon from the counter and place it in the utensil holder,Different pick-and-place task with unrelated objects and destination.,20260810,20270874,10,7110064,sha256:cee87adbbefe914a,mps:0,-0.06160714104771614,0.0,-0.0,0.0,0.05892857164144516,-0.02678571455180645,1.0,-0.12237868458032608,0.15064354240894318,-0.2361866533756256,-0.001134652178734541,-0.003555980511009693,0.03663980960845947,1.003226637840271,532.9543331172317
1,64,322,252,251,0.2549800796812749,coverage_anchor,coverage anchor nearest predetermined normalized progress target 0.30,2,U09,Unrelated,put the blue cup on the upper shelf,Different object-placement task in another part of the workspace.,20260810,20270874,11,7110064,sha256:cee87adbbefe914a,mps:0,-0.06160714104771614,0.0,-0.0,0.0,0.05892857164144516,-0.02678571455180645,1.0,-0.16247084736824036,0.08147658407688141,-0.2309982180595398,-0.0013663722202181816,0.011274836026132107,0.028858812525868416,1.015567660331726,566.2039578892291
1,64,322,252,251,0.2549800796812749,coverage_anchor,coverage anchor nearest predetermined normalized progress target 0.30,2,C04,Contradictory,put only the butter in the basket and keep the cream cheese box where it is,Selects only the butter and preserves the cream-cheese position.,20260810,20270874,12,7110064,sha256:cee87adbbefe914a,mps:0,-0.06160714104771614,0.0,-0.0,0.0,0.05892857164144516,-0.02678571455180645,1.0,-0.176550954580307,0.10388684272766113,-0.39858266711235046,0.0023186455946415663,-0.009260988794267178,0.045746684074401855,1.0097124576568604,536.4883330184966
1,64,322,252,251,0.2549800796812749,coverage_anchor,coverage anchor nearest predetermined normalized progress target 0.30,2,P09,Paraphrase,the cream cheese box and the butter should both be put into the basket,Passive syntax; same object set and destination.,20260810,20270874,13,7110064,sha256:cee87adbbefe914a,mps:0,-0.06160714104771614,0.0,-0.0,0.0,0.05892857164144516,-0.02678571455180645,1.0,-0.10063493996858597,0.07375368475914001,-0.22203290462493896,-0.003463991917669773,0.005639567505568266,0.044143468141555786,1.0190064907073975,540.4960419982672
1,64,322,252,251,0.2549800796812749,coverage_anchor,coverage anchor nearest predetermined normalized progress target 0.30,2,C02,Contradictory,put the butter in the basket but leave the cream cheese box on the table,Reverses which target object is excluded.,20260810,20270874,14,7110064,sha256:cee87adbbefe914a,mps:0,-0.06160714104771614,0.0,-0.0,0.0,0.05892857164144516,-0.02678571455180645,1.0,-0.0810808315873146,0.08754834532737732,-0.24254873394966125,-0.002418584655970335,0.007410927210003138,0.04028262197971344,1.003462791442871,563.0393330939114
1,64,322,252,251,0.2549800796812749,coverage_anchor,coverage anchor nearest predetermined normalized progress target 0.30,2,U04,Unrelated,move the black bowl onto the serving plate,Different tabletop placement task using unrelated objects.,20260810,20270874,15,7110064,sha256:cee87adbbefe914a,mps:0,-0.06160714104771614,0.0,-0.0,0.0,0.05892857164144516,-0.02678571455180645,1.0,-0.1748734414577484,0.10354940593242645,-0.241399347782135,0.0006430787616409361,-0.004587844014167786,0.03316265344619751,1.0245643854141235,532.9625830054283
1,64,322,252,251,0.2549800796812749,coverage_anchor,coverage anchor nearest predetermined normalized progress target 0.30,2,CORRECT,Correct,put both the cream cheese box and the butter in the basket,Exact canonical dataset task; the single baseline for every observation.,20260810,20270874,16,7110064,sha256:cee87adbbefe914a,mps:0,-0.06160714104771614,0.0,-0.0,0.0,0.05892857164144516,-0.02678571455180645,1.0,-0.07627620548009872,0.08487065136432648,-0.2756166160106659,-0.000767659570556134,0.014972256496548653,0.05120633542537689,1.0128393173217773,541.0983329638839
1,64,322,252,251,0.2549800796812749,coverage_anchor,coverage anchor nearest predetermined normalized progress target 0.30,2,C01,Contradictory,put the cream cheese box in the basket but leave the butter outside the basket,Original contradiction: excludes the butter from the destination.,20260810,20270874,17,7110064,sha256:cee87adbbefe914a,mps:0,-0.06160714104771614,0.0,-0.0,0.0,0.05892857164144516,-0.02678571455180645,1.0,-0.06952295452356339,0.0740286260843277,-0.15621435642242432,-0.008898492902517319,0.015106482431292534,0.019376998767256737,1.0138874053955078,558.3488750271499
1,64,322,252,251,0.2549800796812749,coverage_anchor,coverage anchor nearest predetermined normalized progress target 0.30,2,P08,Paraphrase,ensure that both the butter and the cream cheese box are inside the basket,State-goal phrasing; both named objects must end inside the basket.,20260810,20270874,18,7110064,sha256:cee87adbbefe914a,mps:0,-0.06160714104771614,0.0,-0.0,0.0,0.05892857164144516,-0.02678571455180645,1.0,-0.12299612909555435,0.08042310923337936,-0.2777790129184723,0.000680694414768368,0.006850863806903362,0.026624826714396477,1.0106377601623535,525.4069999791682
1,64,322,252,251,0.2549800796812749,coverage_anchor,coverage anchor nearest predetermined normalized progress target 0.30,2,C05,Contradictory,place the cream cheese box on the table and put only the butter in the basket,Assigns different destinations and excludes one object from the basket.,20260810,20270874,19,7110064,sha256:cee87adbbefe914a,mps:0,-0.06160714104771614,0.0,-0.0,0.0,0.05892857164144516,-0.02678571455180645,1.0,-0.15363046526908875,0.09862494468688965,-0.2738216519355774,-0.0032476831693202257,0.002044421387836337,0.048874735832214355,1.0053894519805908,531.0081250499934
1,64,322,252,251,0.2549800796812749,coverage_anchor,coverage anchor nearest predetermined normalized progress target 0.30,2,U02,Unrelated,close the microwave door,Plausible appliance manipulation unrelated to the packing goal.,20260810,20270874,20,7110064,sha256:cee87adbbefe914a,mps:0,-0.06160714104771614,0.0,-0.0,0.0,0.05892857164144516,-0.02678571455180645,1.0,-0.3034500777721405,0.12916356325149536,-0.3246259391307831,0.0001497168850619346,-0.005942126736044884,0.06408879160881042,-1.0193006992340088,550.6245829164982
1,64,322,252,251,0.2549800796812749,coverage_anchor,coverage anchor nearest predetermined normalized progress target 0.30,2,C09,Contradictory,put the cream cheese box beside the basket and leave the butter on the table,Keeps both target objects outside at two stated locations.,20260810,20270874,21,7110064,sha256:cee87adbbefe914a,mps:0,-0.06160714104771614,0.0,-0.0,0.0,0.05892857164144516,-0.02678571455180645,1.0,-0.08093813806772232,0.06554067134857178,-0.1849469244480133,-0.0025258297100663185,0.004589743446558714,0.0377969816327095,1.0052872896194458,533.3834169432521
1,64,322,252,251,0.2549800796812749,coverage_anchor,coverage anchor nearest predetermined normalized progress target 0.30,2,P06,Paraphrase,pack the basket with both the cream cheese box and the butter,Destination-fronted packing wording; preserves complete goal.,20260810,20270874,22,7110064,sha256:cee87adbbefe914a,mps:0,-0.06160714104771614,0.0,-0.0,0.0,0.05892857164144516,-0.02678571455180645,1.0,-0.15290558338165283,0.10472050309181213,-0.3051784038543701,-0.004318952560424805,0.0036637461744248867,0.05124412477016449,1.0117024183273315,551.5665418934077
1,64,322,252,251,0.2549800796812749,coverage_anchor,coverage anchor nearest predetermined normalized progress target 0.30,2,U08,Unrelated,slide the cutting board toward the sink,Different planar manipulation with unrelated object and target.,20260810,20270874,23,7110064,sha256:cee87adbbefe914a,mps:0,-0.06160714104771614,0.0,-0.0,0.0,0.05892857164144516,-0.02678571455180645,1.0,-0.22826257348060608,0.07707340270280838,-0.35811594128608704,-0.00016943190712481737,-0.0034944256767630577,0.0430818572640419,1.0142786502838135,556.4187078271061
1,64,322,252,251,0.2549800796812749,coverage_anchor,coverage anchor nearest predetermined normalized progress target 0.30,2,P01,Paraphrase,place both the cream cheese box and the butter in the basket,Lexical substitution; preserves both objects and destination.,20260810,20270874,24,7110064,sha256:cee87adbbefe914a,mps:0,-0.06160714104771614,0.0,-0.0,0.0,0.05892857164144516,-0.02678571455180645,1.0,-0.12517964839935303,0.09071208536624908,-0.3462182879447937,0.0003023958415724337,0.013620693236589432,0.06695953756570816,1.0232092142105103,537.4712499324232
1,64,322,252,251,0.2549800796812749,coverage_anchor,coverage anchor nearest predetermined normalized progress target 0.30,2,C10,Contradictory,"move the cream cheese box into the basket, then take the butter out of the basket",Sequential inclusion/exclusion contradiction with distinct object roles.,20260810,20270874,25,7110064,sha256:cee87adbbefe914a,mps:0,-0.06160714104771614,0.0,-0.0,0.0,0.05892857164144516,-0.02678571455180645,1.0,-0.09729606658220291,0.11024142056703568,-0.25297150015830994,-0.0009464958566240966,0.004849746823310852,0.032215140759944916,1.0132248401641846,553.1219998374581
1,64,322,252,251,0.2549800796812749,coverage_anchor,coverage anchor nearest predetermined normalized progress target 0.30,2,P10,Paraphrase,"into the basket, place both the cream cheese box and the butter",Fronted destination; retains both objects and the original goal.,20260810,20270874,26,7110064,sha256:cee87adbbefe914a,mps:0,-0.06160714104771614,0.0,-0.0,0.0,0.05892857164144516,-0.02678571455180645,1.0,-0.1112474724650383,0.10674583166837692,-0.27220627665519714,-0.003098810324445367,0.006976249162107706,0.033001936972141266,1.007793664932251,545.4381250310689
1,64,322,252,251,0.2549800796812749,coverage_anchor,coverage anchor nearest predetermined normalized progress target 0.30,2,P02,Paraphrase,put the butter and the cream cheese box together inside the basket,Reverses object order and uses inside/together; same goal.,20260810,20270874,27,7110064,sha256:cee87adbbefe914a,mps:0,-0.06160714104771614,0.0,-0.0,0.0,0.05892857164144516,-0.02678571455180645,1.0,-0.1778084933757782,0.033127639442682266,-0.3497815430164337,0.004785837139934301,-0.00029923347756266594,0.043505601584911346,1.025640606880188,569.3485829979181
1,64,322,252,251,0.2549800796812749,coverage_anchor,coverage anchor nearest predetermined normalized progress target 0.30,2,U06,Unrelated,place the cereal box inside the kitchen cabinet,Different object and destination; not a modification of the basket task.,20260810,20270874,28,7110064,sha256:cee87adbbefe914a,mps:0,-0.06160714104771614,0.0,-0.0,0.0,0.05892857164144516,-0.02678571455180645,1.0,-0.14026150107383728,0.08904971927404404,-0.2028171420097351,-0.004091946873813868,0.012920577079057693,0.04261799901723862,1.0031856298446655,548.5481249634176
1,64,322,252,251,0.2549800796812749,coverage_anchor,coverage anchor nearest predetermined normalized progress target 0.30,2,U01,Unrelated,open the top drawer of the cabinet,Original Unrelated prompt retained as one variant for direct diagnosis.,20260810,20270874,29,7110064,sha256:cee87adbbefe914a,mps:0,-0.06160714104771614,0.0,-0.0,0.0,0.05892857164144516,-0.02678571455180645,1.0,-0.20359012484550476,0.2517203688621521,-0.4709388315677643,-0.0015348908491432667,-0.003019940108060837,0.12738488614559174,-1.024827003479004,565.6803750898689
1,64,322,252,251,0.2549800796812749,coverage_anchor,coverage anchor nearest predetermined normalized progress target 0.30,2,C07,Contradictory,put the cream cheese box in the basket and move the butter to the far side of the table,Keeps one original placement and gives the butter a distant destination.,20260810,20270874,30,7110064,sha256:cee87adbbefe914a,mps:0,-0.06160714104771614,0.0,-0.0,0.0,0.05892857164144516,-0.02678571455180645,1.0,-0.1970425248146057,0.0591660812497139,-0.46391668915748596,0.000777375535108149,-0.0223088376224041,0.03348146378993988,1.0338611602783203,567.5184999126941
1,64,322,252,251,0.2549800796812749,coverage_anchor,coverage anchor nearest predetermined normalized progress target 0.30,2,C08,Contradictory,stack the butter on top of the cream cheese box outside the basket,Changes the goal from packing to stacking both objects outside.,20260810,20270874,31,7110064,sha256:cee87adbbefe914a,mps:0,-0.06160714104771614,0.0,-0.0,0.0,0.05892857164144516,-0.02678571455180645,1.0,-0.19137337803840637,0.06671574711799622,-0.3317449986934662,4.662584979087114e-05,0.004192921798676252,0.048186227679252625,1.0290019512176514,561.9493750855327
0,128,128,258,257,0.4980544747081712,nearest_gripper_transition,nearest available stored observation to an expert gripper-command transition (offset -1 frames),0,C10,Contradictory,"move the cream cheese box into the basket, then take the butter out of the basket",Sequential inclusion/exclusion contradiction with distinct object roles.,20260810,20260938,1,7100128,sha256:d418642eb340f5fc,mps:0,0.12321428209543228,0.38035714626312256,-0.0,-0.035357143729925156,0.12857143580913544,0.023571427911520004,1.0,-0.004578784108161926,0.03324491158127785,-0.035938508808612823,0.00030962692108005285,-0.018053580075502396,-0.03131262958049774,-1.0156677961349487,723.2154170051217
0,128,128,258,257,0.4980544747081712,nearest_gripper_transition,nearest available stored observation to an expert gripper-command transition (offset -1 frames),0,U06,Unrelated,place the cereal box inside the kitchen cabinet,Different object and destination; not a modification of the basket task.,20260810,20260938,2,7100128,sha256:d418642eb340f5fc,mps:0,0.12321428209543228,0.38035714626312256,-0.0,-0.035357143729925156,0.12857143580913544,0.023571427911520004,1.0,-0.03363087773323059,0.11414407193660736,-0.18555337190628052,0.002930799964815378,-0.01787140965461731,-0.018339484930038452,1.01701819896698,563.2947920821607
0,128,128,258,257,0.4980544747081712,nearest_gripper_transition,nearest available stored observation to an expert gripper-command transition (offset -1 frames),0,P01,Paraphrase,place both the cream cheese box and the butter in the basket,Lexical substitution; preserves both objects and destination.,20260810,20260938,3,7100128,sha256:d418642eb340f5fc,mps:0,0.12321428209543228,0.38035714626312256,-0.0,-0.035357143729925156,0.12857143580913544,0.023571427911520004,1.0,-0.014819726347923279,0.06315172463655472,-0.03569969907402992,0.0005384433316066861,-0.01110097672790289,-0.01738184690475464,-1.015662670135498,546.5117078274488
0,128,128,258,257,0.4980544747081712,nearest_gripper_transition,nearest available stored observation to an expert gripper-command transition (offset -1 frames),0,U08,Unrelated,slide the cutting board toward the sink,Different planar manipulation with unrelated object and target.,20260810,20260938,4,7100128,sha256:d418642eb340f5fc,mps:0,0.12321428209543228,0.38035714626312256,-0.0,-0.035357143729925156,0.12857143580913544,0.023571427911520004,1.0,0.019341792911291122,0.036542654037475586,0.04073863476514816,0.00038039719220250845,-0.016438599675893784,-0.028249062597751617,-1.010362148284912,507.8421251382679
0,128,128,258,257,0.4980544747081712,nearest_gripper_transition,nearest available stored observation to an expert gripper-command transition (offset -1 frames),0,U09,Unrelated,put the blue cup on the upper shelf,Different object-placement task in another part of the workspace.,20260810,20260938,5,7100128,sha256:d418642eb340f5fc,mps:0,0.12321428209543228,0.38035714626312256,-0.0,-0.035357143729925156,0.12857143580913544,0.023571427911520004,1.0,0.023104045540094376,0.06790056824684143,-0.013180650770664215,-0.001170129282400012,-0.021519988775253296,-0.042136065661907196,-1.006332516670227,494.88691706210375
0,128,128,258,257,0.4980544747081712,nearest_gripper_transition,nearest available stored observation to an expert gripper-command transition (offset -1 frames),0,P10,Paraphrase,"into the basket, place both the cream cheese box and the butter",Fronted destination; retains both objects and the original goal.,20260810,20260938,6,7100128,sha256:d418642eb340f5fc,mps:0,0.12321428209543228,0.38035714626312256,-0.0,-0.035357143729925156,0.12857143580913544,0.023571427911520004,1.0,0.009183336049318314,0.07248171418905258,-0.05926648527383804,0.00035954080522060394,-0.01606021821498871,-0.020920787006616592,-1.0241527557373047,552.5381660554558
0,128,128,258,257,0.4980544747081712,nearest_gripper_transition,nearest available stored observation to an expert gripper-command transition (offset -1 frames),0,C03,Contradictory,place only the cream cheese box in the basket and move the butter beside the basket,Changes inclusion and gives the butter an adjacent destination.,20260810,20260938,7,7100128,sha256:d418642eb340f5fc,mps:0,0.12321428209543228,0.38035714626312256,-0.0,-0.035357143729925156,0.12857143580913544,0.023571427911520004,1.0,-0.006289772689342499,0.03920106589794159,0.04062589257955551,0.0006331668118946254,-0.012904544360935688,-0.023971740156412125,-1.0114631652832031,562.5293329358101
0,128,128,258,257,0.4980544747081712,nearest_gripper_transition,nearest available stored observation to an expert gripper-command transition (offset -1 frames),0,C05,Contradictory,place the cream cheese box on the table and put only the butter in the basket,Assigns different destinations and excludes one object from the basket.,20260810,20260938,8,7100128,sha256:d418642eb340f5fc,mps:0,0.12321428209543228,0.38035714626312256,-0.0,-0.035357143729925156,0.12857143580913544,0.023571427911520004,1.0,0.004564482718706131,0.04765201359987259,0.034310199320316315,0.0004247554170433432,-0.014912472106516361,-0.02680269442498684,-1.0139565467834473,482.31312492862344
0,128,128,258,257,0.4980544747081712,nearest_gripper_transition,nearest available stored observation to an expert gripper-command transition (offset -1 frames),0,C04,Contradictory,put only the butter in the basket and keep the cream cheese box where it is,Selects only the butter and preserves the cream-cheese position.,20260810,20260938,9,7100128,sha256:d418642eb340f5fc,mps:0,0.12321428209543228,0.38035714626312256,-0.0,-0.035357143729925156,0.12857143580913544,0.023571427911520004,1.0,0.040357790887355804,0.0632307231426239,0.013297230005264282,0.00115709169767797,-0.006396188400685787,-0.029790176078677177,-1.008638858795166,482.5370421167463
0,128,128,258,257,0.4980544747081712,nearest_gripper_transition,nearest available stored observation to an expert gripper-command transition (offset -1 frames),0,P05,Paraphrase,set the cream cheese box as well as the butter inside the basket,As-well-as coordination; same two-object placement goal.,20260810,20260938,10,7100128,sha256:d418642eb340f5fc,mps:0,0.12321428209543228,0.38035714626312256,-0.0,-0.035357143729925156,0.12857143580913544,0.023571427911520004,1.0,-0.017459645867347717,0.053434133529663086,-0.01753924787044525,0.0002990521606989205,-0.012449133209884167,-0.02715465798974037,-1.0062856674194336,495.1762498822063
0,128,128,258,257,0.4980544747081712,nearest_gripper_transition,nearest available stored observation to an expert gripper-command transition (offset -1 frames),0,U02,Unrelated,close the microwave door,Plausible appliance manipulation unrelated to the packing goal.,20260810,20260938,11,7100128,sha256:d418642eb340f5fc,mps:0,0.12321428209543228,0.38035714626312256,-0.0,-0.035357143729925156,0.12857143580913544,0.023571427911520004,1.0,0.0003143325448036194,0.03466047719120979,-0.003026112914085388,-2.776447217911482e-05,-0.02216469869017601,-0.02754093147814274,-1.019511103630066,533.7749999016523
0,128,128,258,257,0.4980544747081712,nearest_gripper_transition,nearest available stored observation to an expert gripper-command transition (offset -1 frames),0,P02,Paraphrase,put the butter and the cream cheese box together inside the basket,Reverses object order and uses inside/together; same goal.,20260810,20260938,12,7100128,sha256:d418642eb340f5fc,mps:0,0.12321428209543228,0.38035714626312256,-0.0,-0.035357143729925156,0.12857143580913544,0.023571427911520004,1.0,-0.008815377950668335,0.10658909380435944,-0.15914911031723022,0.0015378349926322699,-0.01498060766607523,-0.01255384087562561,1.0346604585647583,510.9861670061946
0,128,128,258,257,0.4980544747081712,nearest_gripper_transition,nearest available stored observation to an expert gripper-command transition (offset -1 frames),0,P07,Paraphrase,take the cream cheese box and the butter and place them in the basket,Two-verb construction with an explicit plural reference to both objects.,20260810,20260938,13,7100128,sha256:d418642eb340f5fc,mps:0,0.12321428209543228,0.38035714626312256,-0.0,-0.035357143729925156,0.12857143580913544,0.023571427911520004,1.0,0.013238441199064255,0.05920176953077316,-0.020313754677772522,9.645783575251698e-05,-0.0123337646946311,-0.02636859565973282,-1.0273358821868896,566.5052919648588
0,128,128,258,257,0.4980544747081712,nearest_gripper_transition,nearest available stored observation to an expert gripper-command transition (offset -1 frames),0,U03,Unrelated,pick up the red mug and place it on the saucer,Different object-transfer task with an unrelated destination.,20260810,20260938,14,7100128,sha256:d418642eb340f5fc,mps:0,0.12321428209543228,0.38035714626312256,-0.0,-0.035357143729925156,0.12857143580913544,0.023571427911520004,1.0,0.0051560960710048676,0.07600410282611847,-0.13747793436050415,-0.0009264244581572711,-0.027371376752853394,-0.016679568216204643,-1.0646319389343262,519.199833041057
0,128,128,258,257,0.4980544747081712,nearest_gripper_transition,nearest available stored observation to an expert gripper-command transition (offset -1 frames),0,C09,Contradictory,put the cream cheese box beside the basket and leave the butter on the table,Keeps both target objects outside at two stated locations.,20260810,20260938,15,7100128,sha256:d418642eb340f5fc,mps:0,0.12321428209543228,0.38035714626312256,-0.0,-0.035357143729925156,0.12857143580913544,0.023571427911520004,1.0,0.03792072832584381,0.03454845771193504,0.06380701810121536,0.00013914387091062963,-0.012028410099446774,-0.023253465071320534,-1.0078766345977783,578.5408748779446
0,128,128,258,257,0.4980544747081712,nearest_gripper_transition,nearest available stored observation to an expert gripper-command transition (offset -1 frames),0,C02,Contradictory,put the butter in the basket but leave the cream cheese box on the table,Reverses which target object is excluded.,20260810,20260938,16,7100128,sha256:d418642eb340f5fc,mps:0,0.12321428209543228,0.38035714626312256,-0.0,-0.035357143729925156,0.12857143580913544,0.023571427911520004,1.0,0.04178481549024582,0.04335320368409157,0.07769510895013809,0.0004458293551579118,-0.00744800828397274,-0.021594295278191566,-1.008462905883789,500.8997500408441
0,128,128,258,257,0.4980544747081712,nearest_gripper_transition,nearest available stored observation to an expert gripper-command transition (offset -1 frames),0,P06,Paraphrase,pack the basket with both the cream cheese box and the butter,Destination-fronted packing wording; preserves complete goal.,20260810,20260938,17,7100128,sha256:d418642eb340f5fc,mps:0,0.12321428209543228,0.38035714626312256,-0.0,-0.035357143729925156,0.12857143580913544,0.023571427911520004,1.0,0.02163126692175865,0.13118652999401093,-0.12617264688014984,0.00029653427191078663,-0.004822365939617157,-0.007174372207373381,1.036589503288269,528.1644591595978
0,128,128,258,257,0.4980544747081712,nearest_gripper_transition,nearest available stored observation to an expert gripper-command transition (offset -1 frames),0,C06,Contradictory,place both the cream cheese box and the butter next to the basket instead of inside it,Preserves both objects but changes the destination for both.,20260810,20260938,18,7100128,sha256:d418642eb340f5fc,mps:0,0.12321428209543228,0.38035714626312256,-0.0,-0.035357143729925156,0.12857143580913544,0.023571427911520004,1.0,0.008515574038028717,0.04043252021074295,-0.00831449031829834,0.0006877180421724916,-0.012054507620632648,-0.026246601715683937,-1.0149041414260864,547.5455420091748
0,128,128,258,257,0.4980544747081712,nearest_gripper_transition,nearest available stored observation to an expert gripper-command transition (offset -1 frames),0,CORRECT,Correct,put both the cream cheese box and the butter in the basket,Exact canonical dataset task; the single baseline for every observation.,20260810,20260938,19,7100128,sha256:d418642eb340f5fc,mps:0,0.12321428209543228,0.38035714626312256,-0.0,-0.035357143729925156,0.12857143580913544,0.023571427911520004,1.0,-0.006086945533752441,0.059012286365032196,-0.028186623007059097,0.0003615155001170933,-0.013127355836331844,-0.020327426493167877,-1.013353705406189,511.21533289551735
0,128,128,258,257,0.4980544747081712,nearest_gripper_transition,nearest available stored observation to an expert gripper-command transition (offset -1 frames),0,U07,Unrelated,lift the saucepan and set it on the front burner,Different two-step kitchen manipulation task.,20260810,20260938,20,7100128,sha256:d418642eb340f5fc,mps:0,0.12321428209543228,0.38035714626312256,-0.0,-0.035357143729925156,0.12857143580913544,0.023571427911520004,1.0,-0.023181214928627014,0.07552391290664673,-0.3152364492416382,0.0015407430473715067,-0.03260117396712303,-0.03182484954595566,0.9911308884620667,566.5614169556648
0,128,128,258,257,0.4980544747081712,nearest_gripper_transition,nearest available stored observation to an expert gripper-command transition (offset -1 frames),0,U01,Unrelated,open the top drawer of the cabinet,Original Unrelated prompt retained as one variant for direct diagnosis.,20260810,20260938,21,7100128,sha256:d418642eb340f5fc,mps:0,0.12321428209543228,0.38035714626312256,-0.0,-0.035357143729925156,0.12857143580913544,0.023571427911520004,1.0,0.04184090718626976,0.008811108767986298,0.05488082021474838,-0.00021957949502393603,0.0013377671130001545,-0.026203354820609093,-1.0145182609558105,550.8833338972181
0,128,128,258,257,0.4980544747081712,nearest_gripper_transition,nearest available stored observation to an expert gripper-command transition (offset -1 frames),0,P03,Paraphrase,move the cream cheese box and the butter into the basket,Uses move/into while retaining both objects and destination.,20260810,20260938,22,7100128,sha256:d418642eb340f5fc,mps:0,0.12321428209543228,0.38035714626312256,-0.0,-0.035357143729925156,0.12857143580913544,0.023571427911520004,1.0,-0.03058473765850067,0.12009356170892715,-0.2601505219936371,0.0007655503577552736,-0.015399838797748089,-0.007363998331129551,1.020421028137207,502.99229100346565
0,128,128,258,257,0.4980544747081712,nearest_gripper_transition,nearest available stored observation to an expert gripper-command transition (offset -1 frames),0,P08,Paraphrase,ensure that both the butter and the cream cheese box are inside the basket,State-goal phrasing; both named objects must end inside the basket.,20260810,20260938,23,7100128,sha256:d418642eb340f5fc,mps:0,0.12321428209543228,0.38035714626312256,-0.0,-0.035357143729925156,0.12857143580913544,0.023571427911520004,1.0,0.0114084891974926,0.06254299730062485,0.004181265830993652,0.00031868770020082593,-0.010637025348842144,-0.014695101417601109,-1.0075401067733765,546.274125110358
0,128,128,258,257,0.4980544747081712,nearest_gripper_transition,nearest available stored observation to an expert gripper-command transition (offset -1 frames),0,U04,Unrelated,move the black bowl onto the serving plate,Different tabletop placement task using unrelated objects.,20260810,20260938,24,7100128,sha256:d418642eb340f5fc,mps:0,0.12321428209543228,0.38035714626312256,-0.0,-0.035357143729925156,0.12857143580913544,0.023571427911520004,1.0,0.06265623867511749,0.10676145553588867,-0.16760796308517456,0.0019739193376153708,-0.03385280817747116,-0.03556275740265846,1.012696623802185,537.4564579688013
0,128,128,258,257,0.4980544747081712,nearest_gripper_transition,nearest available stored observation to an expert gripper-command transition (offset -1 frames),0,C07,Contradictory,put the cream cheese box in the basket and move the butter to the far side of the table,Keeps one original placement and gives the butter a distant destination.,20260810,20260938,25,7100128,sha256:d418642eb340f5fc,mps:0,0.12321428209543228,0.38035714626312256,-0.0,-0.035357143729925156,0.12857143580913544,0.023571427911520004,1.0,0.02074265107512474,0.017021097242832184,0.008117683231830597,0.0005796373006887734,-0.006903814151883125,-0.037783168256282806,-1.0205867290496826,553.4359160810709
0,128,128,258,257,0.4980544747081712,nearest_gripper_transition,nearest available stored observation to an expert gripper-command transition (offset -1 frames),0,P04,Paraphrase,"transfer both items, the cream cheese box and the butter, to the basket",Appositive syntax; explicitly names both items and the basket.,20260810,20260938,26,7100128,sha256:d418642eb340f5fc,mps:0,0.12321428209543228,0.38035714626312256,-0.0,-0.035357143729925156,0.12857143580913544,0.023571427911520004,1.0,0.027770310640335083,0.1304686963558197,-0.05315466597676277,-0.0017967461608350277,-0.014648779295384884,-0.010373800992965698,-0.910624086856842,534.5396669581532
0,128,128,258,257,0.4980544747081712,nearest_gripper_transition,nearest available stored observation to an expert gripper-command transition (offset -1 frames),0,P09,Paraphrase,the cream cheese box and the butter should both be put into the basket,Passive syntax; same object set and destination.,20260810,20260938,27,7100128,sha256:d418642eb340f5fc,mps:0,0.12321428209543228,0.38035714626312256,-0.0,-0.035357143729925156,0.12857143580913544,0.023571427911520004,1.0,0.021060701459646225,0.05237308889627457,0.031089618802070618,-9.026133920997381e-05,-0.013194170780479908,-0.016871124505996704,-1.0081826448440552,536.7477908730507
0,128,128,258,257,0.4980544747081712,nearest_gripper_transition,nearest available stored observation to an expert gripper-command transition (offset -1 frames),0,U05,Unrelated,turn the stove knob clockwise,Plausible rotational manipulation unrelated to packing.,20260810,20260938,28,7100128,sha256:d418642eb340f5fc,mps:0,0.12321428209543228,0.38035714626312256,-0.0,-0.035357143729925156,0.12857143580913544,0.023571427911520004,1.0,-0.028755053877830505,0.05449903383851051,-0.24655219912528992,0.0006672924500890076,-0.01561316940933466,-0.014063228853046894,1.0448511838912964,574.387958040461
0,128,128,258,257,0.4980544747081712,nearest_gripper_transition,nearest available stored observation to an expert gripper-command transition (offset -1 frames),0,U10,Unrelated,take the spoon from the counter and place it in the utensil holder,Different pick-and-place task with unrelated objects and destination.,20260810,20260938,29,7100128,sha256:d418642eb340f5fc,mps:0,0.12321428209543228,0.38035714626312256,-0.0,-0.035357143729925156,0.12857143580913544,0.023571427911520004,1.0,0.01152973622083664,0.047836195677518845,-0.019304759800434113,-0.00035275559639558196,-0.015257972292602062,-0.024435950443148613,-1.0225019454956055,498.00079106353223
0,128,128,258,257,0.4980544747081712,nearest_gripper_transition,nearest available stored observation to an expert gripper-command transition (offset -1 frames),0,C08,Contradictory,stack the butter on top of the cream cheese box outside the basket,Changes the goal from packing to stacking both objects outside.,20260810,20260938,30,7100128,sha256:d418642eb340f5fc,mps:0,0.12321428209543228,0.38035714626312256,-0.0,-0.035357143729925156,0.12857143580913544,0.023571427911520004,1.0,0.03634775057435036,0.05801442638039589,0.055594317615032196,-7.187569281086326e-05,-0.004244607873260975,-0.027696747332811356,-1.0055359601974487,532.6861250214279
0,128,128,258,257,0.4980544747081712,nearest_gripper_transition,nearest available stored observation to an expert gripper-command transition (offset -1 frames),0,C01,Contradictory,put the cream cheese box in the basket but leave the butter outside the basket,Original contradiction: excludes the butter from the destination.,20260810,20260938,31,7100128,sha256:d418642eb340f5fc,mps:0,0.12321428209543228,0.38035714626312256,-0.0,-0.035357143729925156,0.12857143580913544,0.023571427911520004,1.0,0.02887902408838272,0.060838233679533005,0.06534218043088913,0.00033937557600438595,-0.007621960714459419,-0.030761681497097015,-1.009426236152649,560.7516248710454
1,223,481,252,251,0.8884462151394422,curated_failure_case,existing deterministic demo failure/counterexample selection: late_stage_strong_sensitivity,0,C07,Contradictory,put the cream cheese box in the basket and move the butter to the far side of the table,Keeps one original placement and gives the butter a distant destination.,20260810,20271033,1,7110223,sha256:e241a344e6f20c10,mps:0,-0.1339285671710968,0.6937500238418579,-0.06160714104771614,0.0503571443259716,0.0,-0.0,1.0,0.11927808821201324,0.11199847608804703,0.23022514581680298,-0.01102256029844284,0.08478548377752304,-0.010789472609758377,0.9846311211585999,527.4261662270874
1,223,481,252,251,0.8884462151394422,curated_failure_case,existing deterministic demo failure/counterexample selection: late_stage_strong_sensitivity,0,P03,Paraphrase,move the cream cheese box and the butter into the basket,Uses move/into while retaining both objects and destination.,20260810,20271033,2,7110223,sha256:e241a344e6f20c10,mps:0,-0.1339285671710968,0.6937500238418579,-0.06160714104771614,0.0503571443259716,0.0,-0.0,1.0,-0.10139184445142746,0.23675310611724854,0.0034486204385757446,-0.01681782491505146,0.09260210394859314,0.024280894547700882,0.9773293137550354,538.1831249687821
1,223,481,252,251,0.8884462151394422,curated_failure_case,existing deterministic demo failure/counterexample selection: late_stage_strong_sensitivity,0,P05,Paraphrase,set the cream cheese box as well as the butter inside the basket,As-well-as coordination; same two-object placement goal.,20260810,20271033,3,7110223,sha256:e241a344e6f20c10,mps:0,-0.1339285671710968,0.6937500238418579,-0.06160714104771614,0.0503571443259716,0.0,-0.0,1.0,-0.10270930081605911,0.2832699716091156,0.19113489985466003,-0.035666629672050476,0.11042138189077377,0.01254059188067913,0.9806167483329773,560.2445411495864
1,223,481,252,251,0.8884462151394422,curated_failure_case,existing deterministic demo failure/counterexample selection: late_stage_strong_sensitivity,0,U07,Unrelated,lift the saucepan and set it on the front burner,Different two-step kitchen manipulation task.,20260810,20271033,4,7110223,sha256:e241a344e6f20c10,mps:0,-0.1339285671710968,0.6937500238418579,-0.06160714104771614,0.0503571443259716,0.0,-0.0,1.0,-0.10505460947751999,0.07688314467668533,-0.030785974115133286,0.00012421561405062675,0.0668904110789299,0.005081875249743462,0.9733393788337708,508.08683317154646
1,223,481,252,251,0.8884462151394422,curated_failure_case,existing deterministic demo failure/counterexample selection: late_stage_strong_sensitivity,0,U09,Unrelated,put the blue cup on the upper shelf,Different object-placement task in another part of the workspace.,20260810,20271033,5,7110223,sha256:e241a344e6f20c10,mps:0,-0.1339285671710968,0.6937500238418579,-0.06160714104771614,0.0503571443259716,0.0,-0.0,1.0,0.0847613513469696,0.0960504487156868,0.5131886601448059,-0.02676139771938324,0.10758015513420105,-0.004971102811396122,1.0032336711883545,549.2768329568207
1,223,481,252,251,0.8884462151394422,curated_failure_case,existing deterministic demo failure/counterexample selection: late_stage_strong_sensitivity,0,U01,Unrelated,open the top drawer of the cabinet,Original Unrelated prompt retained as one variant for direct diagnosis.,20260810,20271033,6,7110223,sha256:e241a344e6f20c10,mps:0,-0.1339285671710968,0.6937500238418579,-0.06160714104771614,0.0503571443259716,0.0,-0.0,1.0,0.11578819155693054,0.03211670741438866,0.4448132812976837,-0.02567056566476822,0.10535390675067902,0.0011481372639536858,-1.0059332847595215,536.0386669635773
1,223,481,252,251,0.8884462151394422,curated_failure_case,existing deterministic demo failure/counterexample selection: late_stage_strong_sensitivity,0,U05,Unrelated,turn the stove knob clockwise,Plausible rotational manipulation unrelated to packing.,20260810,20271033,7,7110223,sha256:e241a344e6f20c10,mps:0,-0.1339285671710968,0.6937500238418579,-0.06160714104771614,0.0503571443259716,0.0,-0.0,1.0,-0.11309625953435898,0.13156700134277344,-0.05707086995244026,-0.014234492555260658,0.12717503309249878,0.03517413139343262,1.0013997554779053,543.7512090429664
1,223,481,252,251,0.8884462151394422,curated_failure_case,existing deterministic demo failure/counterexample selection: late_stage_strong_sensitivity,0,P09,Paraphrase,the cream cheese box and the butter should both be put into the basket,Passive syntax; same object set and destination.,20260810,20271033,8,7110223,sha256:e241a344e6f20c10,mps:0,-0.1339285671710968,0.6937500238418579,-0.06160714104771614,0.0503571443259716,0.0,-0.0,1.0,0.07617305964231491,0.07487566024065018,0.4117589294910431,-0.02687547169625759,0.07408799231052399,-0.0006976225413382053,-0.9976257681846619,552.0916250534356
1,223,481,252,251,0.8884462151394422,curated_failure_case,existing deterministic demo failure/counterexample selection: late_stage_strong_sensitivity,0,P08,Paraphrase,ensure that both the butter and the cream cheese box are inside the basket,State-goal phrasing; both named objects must end inside the basket.,20260810,20271033,9,7110223,sha256:e241a344e6f20c10,mps:0,-0.1339285671710968,0.6937500238418579,-0.06160714104771614,0.0503571443259716,0.0,-0.0,1.0,0.03758595138788223,0.13575375080108643,0.27861642837524414,-0.030165614560246468,0.07846951484680176,0.00042109936475753784,-1.0268795490264893,509.2111248522997
1,223,481,252,251,0.8884462151394422,curated_failure_case,existing deterministic demo failure/counterexample selection: late_stage_strong_sensitivity,0,P07,Paraphrase,take the cream cheese box and the butter and place them in the basket,Two-verb construction with an explicit plural reference to both objects.,20260810,20271033,10,7110223,sha256:e241a344e6f20c10,mps:0,-0.1339285671710968,0.6937500238418579,-0.06160714104771614,0.0503571443259716,0.0,-0.0,1.0,0.03877060115337372,0.2816755175590515,0.3188658058643341,-0.02724650874733925,0.09318678081035614,0.0006128563545644283,0.9843595623970032,511.901417048648
1,223,481,252,251,0.8884462151394422,curated_failure_case,existing deterministic demo failure/counterexample selection: late_stage_strong_sensitivity,0,C10,Contradictory,"move the cream cheese box into the basket, then take the butter out of the basket",Sequential inclusion/exclusion contradiction with distinct object roles.,20260810,20271033,11,7110223,sha256:e241a344e6f20c10,mps:0,-0.1339285671710968,0.6937500238418579,-0.06160714104771614,0.0503571443259716,0.0,-0.0,1.0,0.021659422665834427,0.1009683609008789,0.10668013244867325,-0.00344855897128582,0.09323301166296005,0.00045501021668314934,0.9769946932792664,537.3488750774413
1,223,481,252,251,0.8884462151394422,curated_failure_case,existing deterministic demo failure/counterexample selection: late_stage_strong_sensitivity,0,P02,Paraphrase,put the butter and the cream cheese box together inside the basket,Reverses object order and uses inside/together; same goal.,20260810,20271033,12,7110223,sha256:e241a344e6f20c10,mps:0,-0.1339285671710968,0.6937500238418579,-0.06160714104771614,0.0503571443259716,0.0,-0.0,1.0,-0.09765166789293289,0.3306770920753479,0.15533360838890076,-0.015884004533290863,0.10389865189790726,0.019701141864061356,0.9790782332420349,542.0691668987274
1,223,481,252,251,0.8884462151394422,curated_failure_case,existing deterministic demo failure/counterexample selection: late_stage_strong_sensitivity,0,P04,Paraphrase,"transfer both items, the cream cheese box and the butter, to the basket",Appositive syntax; explicitly names both items and the basket.,20260810,20271033,13,7110223,sha256:e241a344e6f20c10,mps:0,-0.1339285671710968,0.6937500238418579,-0.06160714104771614,0.0503571443259716,0.0,-0.0,1.0,0.049745261669158936,0.3018905520439148,0.4811878502368927,-0.04052185267210007,0.10244342684745789,0.014774471521377563,0.9834864735603333,554.8781249672174
1,223,481,252,251,0.8884462151394422,curated_failure_case,existing deterministic demo failure/counterexample selection: late_stage_strong_sensitivity,0,C04,Contradictory,put only the butter in the basket and keep the cream cheese box where it is,Selects only the butter and preserves the cream-cheese position.,20260810,20271033,14,7110223,sha256:e241a344e6f20c10,mps:0,-0.1339285671710968,0.6937500238418579,-0.06160714104771614,0.0503571443259716,0.0,-0.0,1.0,0.046854227781295776,0.26051193475723267,0.20835593342781067,-0.019933121278882027,0.11418469250202179,0.004748456180095673,0.9780686497688293,542.2433749772608
1,223,481,252,251,0.8884462151394422,curated_failure_case,existing deterministic demo failure/counterexample selection: late_stage_strong_sensitivity,0,U02,Unrelated,close the microwave door,Plausible appliance manipulation unrelated to the packing goal.,20260810,20271033,15,7110223,sha256:e241a344e6f20c10,mps:0,-0.1339285671710968,0.6937500238418579,-0.06160714104771614,0.0503571443259716,0.0,-0.0,1.0,0.030560579150915146,0.08946222811937332,0.26460087299346924,-0.02957046777009964,0.08802458643913269,0.0023536505177617073,-1.0221991539001465,550.3578328061849
1,223,481,252,251,0.8884462151394422,curated_failure_case,existing deterministic demo failure/counterexample selection: late_stage_strong_sensitivity,0,U08,Unrelated,slide the cutting board toward the sink,Different planar manipulation with unrelated object and target.,20260810,20271033,16,7110223,sha256:e241a344e6f20c10,mps:0,-0.1339285671710968,0.6937500238418579,-0.06160714104771614,0.0503571443259716,0.0,-0.0,1.0,0.13667726516723633,0.020788252353668213,0.677838146686554,-0.019812611863017082,0.09059295058250427,-0.01100228726863861,0.9994500279426575,531.2223751097918
1,223,481,252,251,0.8884462151394422,curated_failure_case,existing deterministic demo failure/counterexample selection: late_stage_strong_sensitivity,0,C05,Contradictory,place the cream cheese box on the table and put only the butter in the basket,Assigns different destinations and excludes one object from the basket.,20260810,20271033,17,7110223,sha256:e241a344e6f20c10,mps:0,-0.1339285671710968,0.6937500238418579,-0.06160714104771614,0.0503571443259716,0.0,-0.0,1.0,0.012035533785820007,0.14510902762413025,0.26460349559783936,-0.02023928612470627,0.08004489541053772,0.00274057500064373,0.9816734194755554,532.9021669458598
1,223,481,252,251,0.8884462151394422,curated_failure_case,existing deterministic demo failure/counterexample selection: late_stage_strong_sensitivity,0,C02,Contradictory,put the butter in the basket but leave the cream cheese box on the table,Reverses which target object is excluded.,20260810,20271033,18,7110223,sha256:e241a344e6f20c10,mps:0,-0.1339285671710968,0.6937500238418579,-0.06160714104771614,0.0503571443259716,0.0,-0.0,1.0,0.106512650847435,0.07561466842889786,0.4207603633403778,-0.037010665982961655,0.08221437782049179,-0.0035844254307448864,-1.0009944438934326,563.6354999151081
1,223,481,252,251,0.8884462151394422,curated_failure_case,existing deterministic demo failure/counterexample selection: late_stage_strong_sensitivity,0,U03,Unrelated,pick up the red mug and place it on the saucer,Different object-transfer task with an unrelated destination.,20260810,20271033,19,7110223,sha256:e241a344e6f20c10,mps:0,-0.1339285671710968,0.6937500238418579,-0.06160714104771614,0.0503571443259716,0.0,-0.0,1.0,0.03386417776346207,0.08346150815486908,0.20280501246452332,-0.028786806389689445,0.07335905730724335,0.0038606300950050354,-1.037041425704956,544.4038328714669
1,223,481,252,251,0.8884462151394422,curated_failure_case,existing deterministic demo failure/counterexample selection: late_stage_strong_sensitivity,0,U10,Unrelated,take the spoon from the counter and place it in the utensil holder,Different pick-and-place task with unrelated objects and destination.,20260810,20271033,20,7110223,sha256:e241a344e6f20c10,mps:0,-0.1339285671710968,0.6937500238418579,-0.06160714104771614,0.0503571443259716,0.0,-0.0,1.0,-0.0030599310994148254,0.07845373451709747,0.2246413230895996,-0.024599505588412285,0.06307073682546616,-0.005821973085403442,-1.0382459163665771,546.9237500801682
1,223,481,252,251,0.8884462151394422,curated_failure_case,existing deterministic demo failure/counterexample selection: late_stage_strong_sensitivity,0,CORRECT,Correct,put both the cream cheese box and the butter in the basket,Exact canonical dataset task; the single baseline for every observation.,20260810,20271033,21,7110223,sha256:e241a344e6f20c10,mps:0,-0.1339285671710968,0.6937500238418579,-0.06160714104771614,0.0503571443259716,0.0,-0.0,1.0,-0.04995691776275635,0.31993263959884644,0.33187851309776306,-0.03916984796524048,0.11129633337259293,0.021655304357409477,0.9875766634941101,563.4310829918832
1,223,481,252,251,0.8884462151394422,curated_failure_case,existing deterministic demo failure/counterexample selection: late_stage_strong_sensitivity,0,C08,Contradictory,stack the butter on top of the cream cheese box outside the basket,Changes the goal from packing to stacking both objects outside.,20260810,20271033,22,7110223,sha256:e241a344e6f20c10,mps:0,-0.1339285671710968,0.6937500238418579,-0.06160714104771614,0.0503571443259716,0.0,-0.0,1.0,0.12235036492347717,0.08030703663825989,0.4824220836162567,-0.024739351123571396,0.09406134486198425,-0.012754419818520546,-0.9894005656242371,523.4030829742551
1,223,481,252,251,0.8884462151394422,curated_failure_case,existing deterministic demo failure/counterexample selection: late_stage_strong_sensitivity,0,C06,Contradictory,place both the cream cheese box and the butter next to the basket instead of inside it,Preserves both objects but changes the destination for both.,20260810,20271033,23,7110223,sha256:e241a344e6f20c10,mps:0,-0.1339285671710968,0.6937500238418579,-0.06160714104771614,0.0503571443259716,0.0,-0.0,1.0,0.2056940793991089,0.18496227264404297,0.658281147480011,-0.01664125919342041,0.10548748821020126,0.0023342142812907696,0.9881033301353455,535.5612919665873
1,223,481,252,251,0.8884462151394422,curated_failure_case,existing deterministic demo failure/counterexample selection: late_stage_strong_sensitivity,0,C09,Contradictory,put the cream cheese box beside the basket and leave the butter on the table,Keeps both target objects outside at two stated locations.,20260810,20271033,24,7110223,sha256:e241a344e6f20c10,mps:0,-0.1339285671710968,0.6937500238418579,-0.06160714104771614,0.0503571443259716,0.0,-0.0,1.0,0.07999970018863678,0.06400450319051743,0.42921707034111023,-0.026386192068457603,0.07129520922899246,-0.0083078658208251,-1.0011870861053467,549.0608338732272
1,223,481,252,251,0.8884462151394422,curated_failure_case,existing deterministic demo failure/counterexample selection: late_stage_strong_sensitivity,0,P10,Paraphrase,"into the basket, place both the cream cheese box and the butter",Fronted destination; retains both objects and the original goal.,20260810,20271033,25,7110223,sha256:e241a344e6f20c10,mps:0,-0.1339285671710968,0.6937500238418579,-0.06160714104771614,0.0503571443259716,0.0,-0.0,1.0,0.07599407434463501,0.26476386189460754,0.4642707407474518,-0.028886113315820694,0.10269082337617874,0.0020801741629838943,0.9982795119285583,534.4320829026401
1,223,481,252,251,0.8884462151394422,curated_failure_case,existing deterministic demo failure/counterexample selection: late_stage_strong_sensitivity,0,P01,Paraphrase,place both the cream cheese box and the butter in the basket,Lexical substitution; preserves both objects and destination.,20260810,20271033,26,7110223,sha256:e241a344e6f20c10,mps:0,-0.1339285671710968,0.6937500238418579,-0.06160714104771614,0.0503571443259716,0.0,-0.0,1.0,-0.06260625272989273,0.33699023723602295,0.3406044542789459,-0.035834185779094696,0.10933257639408112,0.022620314732193947,0.9868156313896179,547.3220830317587
1,223,481,252,251,0.8884462151394422,curated_failure_case,existing deterministic demo failure/counterexample selection: late_stage_strong_sensitivity,0,P06,Paraphrase,pack the basket with both the cream cheese box and the butter,Destination-fronted packing wording; preserves complete goal.,20260810,20271033,27,7110223,sha256:e241a344e6f20c10,mps:0,-0.1339285671710968,0.6937500238418579,-0.06160714104771614,0.0503571443259716,0.0,-0.0,1.0,0.016457218676805496,0.35478878021240234,0.5585511326789856,-0.042097799479961395,0.1082579642534256,0.016259513795375824,0.9966934323310852,521.199458045885
1,223,481,252,251,0.8884462151394422,curated_failure_case,existing deterministic demo failure/counterexample selection: late_stage_strong_sensitivity,0,U06,Unrelated,place the cereal box inside the kitchen cabinet,Different object and destination; not a modification of the basket task.,20260810,20271033,28,7110223,sha256:e241a344e6f20c10,mps:0,-0.1339285671710968,0.6937500238418579,-0.06160714104771614,0.0503571443259716,0.0,-0.0,1.0,-0.06381868571043015,0.13453976809978485,0.43750420212745667,-0.013794762082397938,0.11065204441547394,0.013293938711285591,0.9852737784385681,542.0939580071718
1,223,481,252,251,0.8884462151394422,curated_failure_case,existing deterministic demo failure/counterexample selection: late_stage_strong_sensitivity,0,C03,Contradictory,place only the cream cheese box in the basket and move the butter beside the basket,Changes inclusion and gives the butter an adjacent destination.,20260810,20271033,29,7110223,sha256:e241a344e6f20c10,mps:0,-0.1339285671710968,0.6937500238418579,-0.06160714104771614,0.0503571443259716,0.0,-0.0,1.0,-0.027456074953079224,0.14571210741996765,0.22929346561431885,-0.02821151167154312,0.09575553238391876,0.003577372059226036,0.9860016703605652,539.8211248684675
1,223,481,252,251,0.8884462151394422,curated_failure_case,existing deterministic demo failure/counterexample selection: late_stage_strong_sensitivity,0,U04,Unrelated,move the black bowl onto the serving plate,Different tabletop placement task using unrelated objects.,20260810,20271033,30,7110223,sha256:e241a344e6f20c10,mps:0,-0.1339285671710968,0.6937500238418579,-0.06160714104771614,0.0503571443259716,0.0,-0.0,1.0,0.08530208468437195,0.07649333029985428,0.3686792850494385,-0.00663342047482729,0.0968879833817482,-0.006880679167807102,0.9975244402885437,514.2127079889178
1,223,481,252,251,0.8884462151394422,curated_failure_case,existing deterministic demo failure/counterexample selection: late_stage_strong_sensitivity,0,C01,Contradictory,put the cream cheese box in the basket but leave the butter outside the basket,Original contradiction: excludes the butter from the destination.,20260810,20271033,31,7110223,sha256:e241a344e6f20c10,mps:0,-0.1339285671710968,0.6937500238418579,-0.06160714104771614,0.0503571443259716,0.0,-0.0,1.0,0.04739750176668167,0.09288795292377472,0.3686131238937378,-0.03310556337237358,0.08658047765493393,-0.012120148167014122,-1.0126372575759888,559.4532920513302
2,127,637,246,245,0.5183673469387755,coverage_anchor,coverage anchor nearest predetermined normalized progress target 0.50,0,C10,Contradictory,"move the cream cheese box into the basket, then take the butter out of the basket",Sequential inclusion/exclusion contradiction with distinct object roles.,20260810,20280937,1,7120127,sha256:14f5f2550b1ed20b,mps:0,-0.02410714328289032,0.0,0.14464285969734192,-0.0053571430034935474,0.034285712987184525,-0.006428571417927742,-1.0,0.08873128890991211,0.05100756511092186,0.08202945441007614,-0.0008959902334026992,0.0009246584959328175,-0.0679902583360672,-1.0107232332229614,543.8431659713387
2,127,637,246,245,0.5183673469387755,coverage_anchor,coverage anchor nearest predetermined normalized progress target 0.50,0,C07,Contradictory,put the cream cheese box in the basket and move the butter to the far side of the table,Keeps one original placement and gives the butter a distant destination.,20260810,20280937,2,7120127,sha256:14f5f2550b1ed20b,mps:0,-0.02410714328289032,0.0,0.14464285969734192,-0.0053571430034935474,0.034285712987184525,-0.006428571417927742,-1.0,0.08205927908420563,0.04340093955397606,0.11925681680440903,-0.00960159208625555,0.0076661491766572,-0.0580841526389122,-1.009481430053711,551.4617501758039
2,127,637,246,245,0.5183673469387755,coverage_anchor,coverage anchor nearest predetermined normalized progress target 0.50,0,C01,Contradictory,put the cream cheese box in the basket but leave the butter outside the basket,Original contradiction: excludes the butter from the destination.,20260810,20280937,3,7120127,sha256:14f5f2550b1ed20b,mps:0,-0.02410714328289032,0.0,0.14464285969734192,-0.0053571430034935474,0.034285712987184525,-0.006428571417927742,-1.0,0.08358810842037201,0.10701219737529755,0.22650033235549927,-0.027978047728538513,0.00787175539880991,-0.04691420495510101,-0.9976951479911804,522.5485421251506
2,127,637,246,245,0.5183673469387755,coverage_anchor,coverage anchor nearest predetermined normalized progress target 0.50,0,U06,Unrelated,place the cereal box inside the kitchen cabinet,Different object and destination; not a modification of the basket task.,20260810,20280937,4,7120127,sha256:14f5f2550b1ed20b,mps:0,-0.02410714328289032,0.0,0.14464285969734192,-0.0053571430034935474,0.034285712987184525,-0.006428571417927742,-1.0,0.0035297609865665436,0.040208350867033005,0.13722765445709229,0.0011853775940835476,-0.0005970695056021214,-0.05228002369403839,-1.0039281845092773,548.5624170396477
2,127,637,246,245,0.5183673469387755,coverage_anchor,coverage anchor nearest predetermined normalized progress target 0.50,0,C06,Contradictory,place both the cream cheese box and the butter next to the basket instead of inside it,Preserves both objects but changes the destination for both.,20260810,20280937,5,7120127,sha256:14f5f2550b1ed20b,mps:0,-0.02410714328289032,0.0,0.14464285969734192,-0.0053571430034935474,0.034285712987184525,-0.006428571417927742,-1.0,0.12849216163158417,0.0031164661049842834,0.13012942671775818,-0.005886347498744726,0.014833138324320316,-0.05250464379787445,-1.0083398818969727,565.335915889591
2,127,637,246,245,0.5183673469387755,coverage_anchor,coverage anchor nearest predetermined normalized progress target 0.50,0,P04,Paraphrase,"transfer both items, the cream cheese box and the butter, to the basket",Appositive syntax; explicitly names both items and the basket.,20260810,20280937,6,7120127,sha256:14f5f2550b1ed20b,mps:0,-0.02410714328289032,0.0,0.14464285969734192,-0.0053571430034935474,0.034285712987184525,-0.006428571417927742,-1.0,0.08674225211143494,0.11844590306282043,0.19127416610717773,-0.026622572913765907,0.011039556935429573,-0.02063082531094551,-1.0176132917404175,555.7130000088364
2,127,637,246,245,0.5183673469387755,coverage_anchor,coverage anchor nearest predetermined normalized progress target 0.50,0,C09,Contradictory,put the cream cheese box beside the basket and leave the butter on the table,Keeps both target objects outside at two stated locations.,20260810,20280937,7,7120127,sha256:14f5f2550b1ed20b,mps:0,-0.02410714328289032,0.0,0.14464285969734192,-0.0053571430034935474,0.034285712987184525,-0.006428571417927742,-1.0,0.07361198216676712,0.07649794965982437,0.2095794379711151,-0.013097455725073814,0.0007281675934791565,-0.03746088594198227,-1.000784158706665,540.5175830237567
2,127,637,246,245,0.5183673469387755,coverage_anchor,coverage anchor nearest predetermined normalized progress target 0.50,0,C04,Contradictory,put only the butter in the basket and keep the cream cheese box where it is,Selects only the butter and preserves the cream-cheese position.,20260810,20280937,8,7120127,sha256:14f5f2550b1ed20b,mps:0,-0.02410714328289032,0.0,0.14464285969734192,-0.0053571430034935474,0.034285712987184525,-0.006428571417927742,-1.0,0.09346272051334381,0.11354704201221466,0.15955892205238342,-0.0234910249710083,0.01283896155655384,-0.04293108731508255,-1.0021953582763672,534.1523748356849
2,127,637,246,245,0.5183673469387755,coverage_anchor,coverage anchor nearest predetermined normalized progress target 0.50,0,P06,Paraphrase,pack the basket with both the cream cheese box and the butter,Destination-fronted packing wording; preserves complete goal.,20260810,20280937,9,7120127,sha256:14f5f2550b1ed20b,mps:0,-0.02410714328289032,0.0,0.14464285969734192,-0.0053571430034935474,0.034285712987184525,-0.006428571417927742,-1.0,0.03773656487464905,0.11090097576379776,0.1523539125919342,-0.030530182644724846,0.010205168277025223,-0.02252979576587677,-1.0039976835250854,567.8727498743683
2,127,637,246,245,0.5183673469387755,coverage_anchor,coverage anchor nearest predetermined normalized progress target 0.50,0,U03,Unrelated,pick up the red mug and place it on the saucer,Different object-transfer task with an unrelated destination.,20260810,20280937,10,7120127,sha256:14f5f2550b1ed20b,mps:0,-0.02410714328289032,0.0,0.14464285969734192,-0.0053571430034935474,0.034285712987184525,-0.006428571417927742,-1.0,0.036692552268505096,0.09577959775924683,0.051484622061252594,-0.02040376514196396,-0.0025984197854995728,-0.02569974772632122,-1.0145695209503174,563.8401249889284
2,127,637,246,245,0.5183673469387755,coverage_anchor,coverage anchor nearest predetermined normalized progress target 0.50,0,U04,Unrelated,move the black bowl onto the serving plate,Different tabletop placement task using unrelated objects.,20260810,20280937,11,7120127,sha256:14f5f2550b1ed20b,mps:0,-0.02410714328289032,0.0,0.14464285969734192,-0.0053571430034935474,0.034285712987184525,-0.006428571417927742,-1.0,0.15268391370773315,0.0959424301981926,0.128351092338562,0.0017383014783263206,0.0012645171955227852,-0.06216517835855484,1.012276530265808,580.8423340786248
2,127,637,246,245,0.5183673469387755,coverage_anchor,coverage anchor nearest predetermined normalized progress target 0.50,0,U10,Unrelated,take the spoon from the counter and place it in the utensil holder,Different pick-and-place task with unrelated objects and destination.,20260810,20280937,12,7120127,sha256:14f5f2550b1ed20b,mps:0,-0.02410714328289032,0.0,0.14464285969734192,-0.0053571430034935474,0.034285712987184525,-0.006428571417927742,-1.0,0.049995534121990204,0.08715968579053879,0.10388471931219101,-0.016724547371268272,6.584078073501587e-05,-0.04160115122795105,-1.0102514028549194,555.3250829689205
2,127,637,246,245,0.5183673469387755,coverage_anchor,coverage anchor nearest predetermined normalized progress target 0.50,0,U09,Unrelated,put the blue cup on the upper shelf,Different object-placement task in another part of the workspace.,20260810,20280937,13,7120127,sha256:14f5f2550b1ed20b,mps:0,-0.02410714328289032,0.0,0.14464285969734192,-0.0053571430034935474,0.034285712987184525,-0.006428571417927742,-1.0,0.06443087011575699,0.07437219470739365,0.218389630317688,-0.012855876237154007,0.008899244479835033,-0.0661081001162529,-1.0019054412841797,534.9521250464022
2,127,637,246,245,0.5183673469387755,coverage_anchor,coverage anchor nearest predetermined normalized progress target 0.50,0,P07,Paraphrase,take the cream cheese box and the butter and place them in the basket,Two-verb construction with an explicit plural reference to both objects.,20260810,20280937,14,7120127,sha256:14f5f2550b1ed20b,mps:0,-0.02410714328289032,0.0,0.14464285969734192,-0.0053571430034935474,0.034285712987184525,-0.006428571417927742,-1.0,0.05007333308458328,0.09578850865364075,0.0935765728354454,-0.01314258947968483,-9.971251711249352e-05,-0.03874329477548599,-1.0143893957138062,540.4942918103188
2,127,637,246,245,0.5183673469387755,coverage_anchor,coverage anchor nearest predetermined normalized progress target 0.50,0,P03,Paraphrase,move the cream cheese box and the butter into the basket,Uses move/into while retaining both objects and destination.,20260810,20280937,15,7120127,sha256:14f5f2550b1ed20b,mps:0,-0.02410714328289032,0.0,0.14464285969734192,-0.0053571430034935474,0.034285712987184525,-0.006428571417927742,-1.0,0.011074237525463104,0.15199759602546692,-0.12860040366649628,0.0006148461252450943,0.00764678418636322,-0.02755250222980976,1.0231317281723022,561.9216251652688
2,127,637,246,245,0.5183673469387755,coverage_anchor,coverage anchor nearest predetermined normalized progress target 0.50,0,U08,Unrelated,slide the cutting board toward the sink,Different planar manipulation with unrelated object and target.,20260810,20280937,16,7120127,sha256:14f5f2550b1ed20b,mps:0,-0.02410714328289032,0.0,0.14464285969734192,-0.0053571430034935474,0.034285712987184525,-0.006428571417927742,-1.0,0.08569219708442688,0.036927901208400726,0.24753394722938538,-0.011368677020072937,0.00888046808540821,-0.05473938584327698,-0.9865742325782776,568.6882089357823
2,127,637,246,245,0.5183673469387755,coverage_anchor,coverage anchor nearest predetermined normalized progress target 0.50,0,U02,Unrelated,close the microwave door,Plausible appliance manipulation unrelated to the packing goal.,20260810,20280937,17,7120127,sha256:14f5f2550b1ed20b,mps:0,-0.02410714328289032,0.0,0.14464285969734192,-0.0053571430034935474,0.034285712987184525,-0.006428571417927742,-1.0,0.041551291942596436,0.05799676477909088,0.1618780791759491,-0.012972906231880188,0.008867727592587471,-0.042765140533447266,-1.0074001550674438,550.3659171517938
2,127,637,246,245,0.5183673469387755,coverage_anchor,coverage anchor nearest predetermined normalized progress target 0.50,0,P01,Paraphrase,place both the cream cheese box and the butter in the basket,Lexical substitution; preserves both objects and destination.,20260810,20280937,18,7120127,sha256:14f5f2550b1ed20b,mps:0,-0.02410714328289032,0.0,0.14464285969734192,-0.0053571430034935474,0.034285712987184525,-0.006428571417927742,-1.0,0.04612801969051361,0.091444231569767,0.13276270031929016,-0.023045597597956657,0.00965304858982563,-0.031819358468055725,-1.0006465911865234,553.4830000251532
2,127,637,246,245,0.5183673469387755,coverage_anchor,coverage anchor nearest predetermined normalized progress target 0.50,0,P02,Paraphrase,put the butter and the cream cheese box together inside the basket,Reverses object order and uses inside/together; same goal.,20260810,20280937,19,7120127,sha256:14f5f2550b1ed20b,mps:0,-0.02410714328289032,0.0,0.14464285969734192,-0.0053571430034935474,0.034285712987184525,-0.006428571417927742,-1.0,0.02115222066640854,0.054035525768995285,0.11926392465829849,-0.004832003265619278,-0.002052015159279108,-0.03226287662982941,-1.0074154138565063,538.2500840350986
2,127,637,246,245,0.5183673469387755,coverage_anchor,coverage anchor nearest predetermined normalized progress target 0.50,0,P08,Paraphrase,ensure that both the butter and the cream cheese box are inside the basket,State-goal phrasing; both named objects must end inside the basket.,20260810,20280937,20,7120127,sha256:14f5f2550b1ed20b,mps:0,-0.02410714328289032,0.0,0.14464285969734192,-0.0053571430034935474,0.034285712987184525,-0.006428571417927742,-1.0,0.03644202649593353,0.09759949147701263,0.11864425987005234,-0.013176962733268738,0.002889020834118128,-0.03019152767956257,-1.0056604146957397,543.5131250414997
2,127,637,246,245,0.5183673469387755,coverage_anchor,coverage anchor nearest predetermined normalized progress target 0.50,0,C03,Contradictory,place only the cream cheese box in the basket and move the butter beside the basket,Changes inclusion and gives the butter an adjacent destination.,20260810,20280937,21,7120127,sha256:14f5f2550b1ed20b,mps:0,-0.02410714328289032,0.0,0.14464285969734192,-0.0053571430034935474,0.034285712987184525,-0.006428571417927742,-1.0,0.02479557693004608,0.08205348253250122,0.1530824601650238,-0.017743125557899475,0.0021221546921879053,-0.04052747040987015,-1.002682089805603,555.5524579249322
2,127,637,246,245,0.5183673469387755,coverage_anchor,coverage anchor nearest predetermined normalized progress target 0.50,0,C08,Contradictory,stack the butter on top of the cream cheese box outside the basket,Changes the goal from packing to stacking both objects outside.,20260810,20280937,22,7120127,sha256:14f5f2550b1ed20b,mps:0,-0.02410714328289032,0.0,0.14464285969734192,-0.0053571430034935474,0.034285712987184525,-0.006428571417927742,-1.0,0.09283767640590668,0.08862772583961487,0.22147226333618164,-0.007615163456648588,0.012449657544493675,-0.047542281448841095,-0.99525386095047,558.4899170789868
2,127,637,246,245,0.5183673469387755,coverage_anchor,coverage anchor nearest predetermined normalized progress target 0.50,0,CORRECT,Correct,put both the cream cheese box and the butter in the basket,Exact canonical dataset task; the single baseline for every observation.,20260810,20280937,23,7120127,sha256:14f5f2550b1ed20b,mps:0,-0.02410714328289032,0.0,0.14464285969734192,-0.0053571430034935474,0.034285712987184525,-0.006428571417927742,-1.0,0.058710888028144836,0.08496788889169693,0.14392775297164917,-0.024954363703727722,0.008968213573098183,-0.03619489073753357,-1.0023977756500244,560.4344590101391
2,127,637,246,245,0.5183673469387755,coverage_anchor,coverage anchor nearest predetermined normalized progress target 0.50,0,U07,Unrelated,lift the saucepan and set it on the front burner,Different two-step kitchen manipulation task.,20260810,20280937,24,7120127,sha256:14f5f2550b1ed20b,mps:0,-0.02410714328289032,0.0,0.14464285969734192,-0.0053571430034935474,0.034285712987184525,-0.006428571417927742,-1.0,0.02122153341770172,0.08083920180797577,-0.18686974048614502,-0.00018721958622336388,-0.010463823564350605,-0.054367221891880035,1.00411057472229,565.9280421677977
2,127,637,246,245,0.5183673469387755,coverage_anchor,coverage anchor nearest predetermined normalized progress target 0.50,0,P10,Paraphrase,"into the basket, place both the cream cheese box and the butter",Fronted destination; retains both objects and the original goal.,20260810,20280937,25,7120127,sha256:14f5f2550b1ed20b,mps:0,-0.02410714328289032,0.0,0.14464285969734192,-0.0053571430034935474,0.034285712987184525,-0.006428571417927742,-1.0,0.04636721685528755,0.10793280601501465,0.10857934504747391,-0.018848981708288193,0.0032817013561725616,-0.031000208109617233,-1.002493977546692,538.9984580688179
2,127,637,246,245,0.5183673469387755,coverage_anchor,coverage anchor nearest predetermined normalized progress target 0.50,0,P09,Paraphrase,the cream cheese box and the butter should both be put into the basket,Passive syntax; same object set and destination.,20260810,20280937,26,7120127,sha256:14f5f2550b1ed20b,mps:0,-0.02410714328289032,0.0,0.14464285969734192,-0.0053571430034935474,0.034285712987184525,-0.006428571417927742,-1.0,0.05768689513206482,0.0638701543211937,0.1812203824520111,-0.008930826559662819,-0.00040321145206689835,-0.0329928994178772,-0.9979391098022461,563.8903749641031
2,127,637,246,245,0.5183673469387755,coverage_anchor,coverage anchor nearest predetermined normalized progress target 0.50,0,U01,Unrelated,open the top drawer of the cabinet,Original Unrelated prompt retained as one variant for direct diagnosis.,20260810,20280937,27,7120127,sha256:14f5f2550b1ed20b,mps:0,-0.02410714328289032,0.0,0.14464285969734192,-0.0053571430034935474,0.034285712987184525,-0.006428571417927742,-1.0,0.09281738102436066,0.025777708739042282,0.2176041305065155,-0.0121430279687047,0.025119569152593613,-0.04147876054048538,-1.0034795999526978,587.7104999963194
2,127,637,246,245,0.5183673469387755,coverage_anchor,coverage anchor nearest predetermined normalized progress target 0.50,0,C02,Contradictory,put the butter in the basket but leave the cream cheese box on the table,Reverses which target object is excluded.,20260810,20280937,28,7120127,sha256:14f5f2550b1ed20b,mps:0,-0.02410714328289032,0.0,0.14464285969734192,-0.0053571430034935474,0.034285712987184525,-0.006428571417927742,-1.0,0.09227035939693451,0.10173321515321732,0.2287951409816742,-0.027946704998612404,0.00965520367026329,-0.03266068547964096,-0.994695782661438,583.7251669727266
2,127,637,246,245,0.5183673469387755,coverage_anchor,coverage anchor nearest predetermined normalized progress target 0.50,0,U05,Unrelated,turn the stove knob clockwise,Plausible rotational manipulation unrelated to packing.,20260810,20280937,29,7120127,sha256:14f5f2550b1ed20b,mps:0,-0.02410714328289032,0.0,0.14464285969734192,-0.0053571430034935474,0.034285712987184525,-0.006428571417927742,-1.0,0.020704418420791626,0.03902782127261162,0.1011308804154396,-0.002447670791298151,0.015785660594701767,-0.037001319229602814,-1.0040132999420166,589.3882079981267
2,127,637,246,245,0.5183673469387755,coverage_anchor,coverage anchor nearest predetermined normalized progress target 0.50,0,C05,Contradictory,place the cream cheese box on the table and put only the butter in the basket,Assigns different destinations and excludes one object from the basket.,20260810,20280937,30,7120127,sha256:14f5f2550b1ed20b,mps:0,-0.02410714328289032,0.0,0.14464285969734192,-0.0053571430034935474,0.034285712987184525,-0.006428571417927742,-1.0,0.059167321771383286,0.09413450211286545,0.1681978702545166,-0.011433259584009647,0.0028304876759648323,-0.04597223550081253,-1.0048670768737793,557.1707079652697
2,127,637,246,245,0.5183673469387755,coverage_anchor,coverage anchor nearest predetermined normalized progress target 0.50,0,P05,Paraphrase,set the cream cheese box as well as the butter inside the basket,As-well-as coordination; same two-object placement goal.,20260810,20280937,31,7120127,sha256:14f5f2550b1ed20b,mps:0,-0.02410714328289032,0.0,0.14464285969734192,-0.0053571430034935474,0.034285712987184525,-0.006428571417927742,-1.0,0.01440347358584404,0.08673945814371109,0.12172158807516098,-0.015679314732551575,0.002306375652551651,-0.04385162889957428,-0.9931983947753906,559.8594590555876
2,217,727,246,245,0.8857142857142857,ordering_counterexample,strongest existing aggregate-order violation in this episode,0,C05,Contradictory,place the cream cheese box on the table and put only the butter in the basket,Assigns different destinations and excludes one object from the basket.,20260810,20281027,1,7120217,sha256:0d96645364721fc6,mps:0,-0.3883928656578064,0.22232143580913544,-0.27321428060531616,0.05464285612106323,0.04178571328520775,-0.0,1.0,-0.17030802369117737,-0.13083581626415253,-0.5673045516014099,0.044777534902095795,0.022887252271175385,-0.009642859920859337,0.9998553395271301,527.712875045836
2,217,727,246,245,0.8857142857142857,ordering_counterexample,strongest existing aggregate-order violation in this episode,0,U06,Unrelated,place the cereal box inside the kitchen cabinet,Different object and destination; not a modification of the basket task.,20260810,20281027,2,7120217,sha256:0d96645364721fc6,mps:0,-0.3883928656578064,0.22232143580913544,-0.27321428060531616,0.05464285612106323,0.04178571328520775,-0.0,1.0,-0.2719798684120178,-0.2830323576927185,-0.5701253414154053,0.05954698845744133,0.0465167760848999,-0.0033344384282827377,-1.0021648406982422,589.7305828984827
2,217,727,246,245,0.8857142857142857,ordering_counterexample,strongest existing aggregate-order violation in this episode,0,P04,Paraphrase,"transfer both items, the cream cheese box and the butter, to the basket",Appositive syntax; explicitly names both items and the basket.,20260810,20281027,3,7120217,sha256:0d96645364721fc6,mps:0,-0.3883928656578064,0.22232143580913544,-0.27321428060531616,0.05464285612106323,0.04178571328520775,-0.0,1.0,-0.12716931104660034,-0.10029973089694977,-0.5898271203041077,0.047516487538814545,0.045397836714982986,0.012322476133704185,0.9758760333061218,569.0485830418766
2,217,727,246,245,0.8857142857142857,ordering_counterexample,strongest existing aggregate-order violation in this episode,0,P06,Paraphrase,pack the basket with both the cream cheese box and the butter,Destination-fronted packing wording; preserves complete goal.,20260810,20281027,4,7120217,sha256:0d96645364721fc6,mps:0,-0.3883928656578064,0.22232143580913544,-0.27321428060531616,0.05464285612106323,0.04178571328520775,-0.0,1.0,-0.12375146895647049,-0.0693163126707077,-0.5975303649902344,0.04452070966362953,0.047953538596630096,0.013563703745603561,1.0029851198196411,552.7473329566419
2,217,727,246,245,0.8857142857142857,ordering_counterexample,strongest existing aggregate-order violation in this episode,0,P07,Paraphrase,take the cream cheese box and the butter and place them in the basket,Two-verb construction with an explicit plural reference to both objects.,20260810,20281027,5,7120217,sha256:0d96645364721fc6,mps:0,-0.3883928656578064,0.22232143580913544,-0.27321428060531616,0.05464285612106323,0.04178571328520775,-0.0,1.0,-0.11332262307405472,-0.0798923671245575,-0.555072009563446,0.042355455458164215,0.023943200707435608,-0.0032433734741061926,1.000680923461914,570.088833803311
2,217,727,246,245,0.8857142857142857,ordering_counterexample,strongest existing aggregate-order violation in this episode,0,U05,Unrelated,turn the stove knob clockwise,Plausible rotational manipulation unrelated to packing.,20260810,20281027,6,7120217,sha256:0d96645364721fc6,mps:0,-0.3883928656578064,0.22232143580913544,-0.27321428060531616,0.05464285612106323,0.04178571328520775,-0.0,1.0,-0.24875715374946594,-0.21030786633491516,-0.6974185705184937,0.053936731070280075,0.02912713959813118,0.008653173223137856,1.0192298889160156,568.1813331320882
2,217,727,246,245,0.8857142857142857,ordering_counterexample,strongest existing aggregate-order violation in this episode,0,P05,Paraphrase,set the cream cheese box as well as the butter inside the basket,As-well-as coordination; same two-object placement goal.,20260810,20281027,7,7120217,sha256:0d96645364721fc6,mps:0,-0.3883928656578064,0.22232143580913544,-0.27321428060531616,0.05464285612106323,0.04178571328520775,-0.0,1.0,-0.20624220371246338,-0.06980496644973755,-0.5821702480316162,0.03442087396979332,0.045115191489458084,0.0017278492450714111,0.9925294518470764,555.280959000811
2,217,727,246,245,0.8857142857142857,ordering_counterexample,strongest existing aggregate-order violation in this episode,0,U02,Unrelated,close the microwave door,Plausible appliance manipulation unrelated to the packing goal.,20260810,20281027,8,7120217,sha256:0d96645364721fc6,mps:0,-0.3883928656578064,0.22232143580913544,-0.27321428060531616,0.05464285612106323,0.04178571328520775,-0.0,1.0,-0.22503367066383362,-0.18606162071228027,-0.5686923861503601,0.04582751914858818,0.030776485800743103,-0.008660444989800453,-1.0140970945358276,592.175249941647
2,217,727,246,245,0.8857142857142857,ordering_counterexample,strongest existing aggregate-order violation in this episode,0,C07,Contradictory,put the cream cheese box in the basket and move the butter to the far side of the table,Keeps one original placement and gives the butter a distant destination.,20260810,20281027,9,7120217,sha256:0d96645364721fc6,mps:0,-0.3883928656578064,0.22232143580913544,-0.27321428060531616,0.05464285612106323,0.04178571328520775,-0.0,1.0,-0.15501374006271362,-0.2228703796863556,-0.4277404844760895,0.03839408606290817,0.028715897351503372,-0.027965929359197617,-1.011597990989685,570.9298332221806
2,217,727,246,245,0.8857142857142857,ordering_counterexample,strongest existing aggregate-order violation in this episode,0,P01,Paraphrase,place both the cream cheese box and the butter in the basket,Lexical substitution; preserves both objects and destination.,20260810,20281027,10,7120217,sha256:0d96645364721fc6,mps:0,-0.3883928656578064,0.22232143580913544,-0.27321428060531616,0.05464285612106323,0.04178571328520775,-0.0,1.0,-0.16432100534439087,-0.05978390574455261,-0.5533865690231323,0.03966102749109268,0.04216066375374794,0.014610439538955688,1.0035691261291504,576.5355001203716
2,217,727,246,245,0.8857142857142857,ordering_counterexample,strongest existing aggregate-order violation in this episode,0,C03,Contradictory,place only the cream cheese box in the basket and move the butter beside the basket,Changes inclusion and gives the butter an adjacent destination.,20260810,20281027,11,7120217,sha256:0d96645364721fc6,mps:0,-0.3883928656578064,0.22232143580913544,-0.27321428060531616,0.05464285612106323,0.04178571328520775,-0.0,1.0,-0.20198196172714233,-0.18571841716766357,-0.44095149636268616,0.03377173840999603,0.027869705110788345,-0.012055858038365841,-0.9995923638343811,568.8371660653502
2,217,727,246,245,0.8857142857142857,ordering_counterexample,strongest existing aggregate-order violation in this episode,0,P10,Paraphrase,"into the basket, place both the cream cheese box and the butter",Fronted destination; retains both objects and the original goal.,20260810,20281027,12,7120217,sha256:0d96645364721fc6,mps:0,-0.3883928656578064,0.22232143580913544,-0.27321428060531616,0.05464285612106323,0.04178571328520775,-0.0,1.0,-0.11588434129953384,-0.1229461282491684,-0.4585760831832886,0.032201942056417465,0.03466084599494934,-0.006442022044211626,-1.0108089447021484,568.2695421855897
2,217,727,246,245,0.8857142857142857,ordering_counterexample,strongest existing aggregate-order violation in this episode,0,U10,Unrelated,take the spoon from the counter and place it in the utensil holder,Different pick-and-place task with unrelated objects and destination.,20260810,20281027,13,7120217,sha256:0d96645364721fc6,mps:0,-0.3883928656578064,0.22232143580913544,-0.27321428060531616,0.05464285612106323,0.04178571328520775,-0.0,1.0,-0.15549764037132263,-0.138149693608284,-0.5927108526229858,0.03828299418091774,0.02519553154706955,-0.010545816272497177,0.9779004454612732,545.7432079128921
2,217,727,246,245,0.8857142857142857,ordering_counterexample,strongest existing aggregate-order violation in this episode,0,U01,Unrelated,open the top drawer of the cabinet,Original Unrelated prompt retained as one variant for direct diagnosis.,20260810,20281027,14,7120217,sha256:0d96645364721fc6,mps:0,-0.3883928656578064,0.22232143580913544,-0.27321428060531616,0.05464285612106323,0.04178571328520775,-0.0,1.0,-0.1783815622329712,-0.3374391794204712,-0.298526793718338,0.03344007581472397,0.06100691109895706,-0.010920699685811996,-0.9889405965805054,559.3807501718402
2,217,727,246,245,0.8857142857142857,ordering_counterexample,strongest existing aggregate-order violation in this episode,0,U08,Unrelated,slide the cutting board toward the sink,Different planar manipulation with unrelated object and target.,20260810,20281027,15,7120217,sha256:0d96645364721fc6,mps:0,-0.3883928656578064,0.22232143580913544,-0.27321428060531616,0.05464285612106323,0.04178571328520775,-0.0,1.0,-0.2631169259548187,-0.31962817907333374,-0.5456172823905945,0.04738056659698486,0.03266318142414093,-0.006402971222996712,-0.9804912805557251,568.4728331398219
2,217,727,246,245,0.8857142857142857,ordering_counterexample,strongest existing aggregate-order violation in this episode,0,U04,Unrelated,move the black bowl onto the serving plate,Different tabletop placement task using unrelated objects.,20260810,20281027,16,7120217,sha256:0d96645364721fc6,mps:0,-0.3883928656578064,0.22232143580913544,-0.27321428060531616,0.05464285612106323,0.04178571328520775,-0.0,1.0,-0.16429734230041504,-0.20223534107208252,-0.6299044489860535,0.06261658668518066,0.010965601541101933,-0.009734796360135078,0.9910621047019958,525.5988750141114
2,217,727,246,245,0.8857142857142857,ordering_counterexample,strongest existing aggregate-order violation in this episode,0,P03,Paraphrase,move the cream cheese box and the butter into the basket,Uses move/into while retaining both objects and destination.,20260810,20281027,17,7120217,sha256:0d96645364721fc6,mps:0,-0.3883928656578064,0.22232143580913544,-0.27321428060531616,0.05464285612106323,0.04178571328520775,-0.0,1.0,-0.20369592308998108,-0.10430668294429779,-0.7046703100204468,0.05720904469490051,0.012514721602201462,0.014509765431284904,0.9905332922935486,560.9428340103477
2,217,727,246,245,0.8857142857142857,ordering_counterexample,strongest existing aggregate-order violation in this episode,0,C04,Contradictory,put only the butter in the basket and keep the cream cheese box where it is,Selects only the butter and preserves the cream-cheese position.,20260810,20281027,18,7120217,sha256:0d96645364721fc6,mps:0,-0.3883928656578064,0.22232143580913544,-0.27321428060531616,0.05464285612106323,0.04178571328520775,-0.0,1.0,-0.14756307005882263,-0.10576730966567993,-0.6476477384567261,0.050928886979818344,0.04122846573591232,-0.011530635878443718,1.0034708976745605,570.5905831418931
2,217,727,246,245,0.8857142857142857,ordering_counterexample,strongest existing aggregate-order violation in this episode,0,U07,Unrelated,lift the saucepan and set it on the front burner,Different two-step kitchen manipulation task.,20260810,20281027,19,7120217,sha256:0d96645364721fc6,mps:0,-0.3883928656578064,0.22232143580913544,-0.27321428060531616,0.05464285612106323,0.04178571328520775,-0.0,1.0,-0.23423543572425842,-0.15556971728801727,-0.7018948197364807,0.047790221869945526,0.0010193339549005032,-0.008964336477220058,0.9807711243629456,538.6313328053802
2,217,727,246,245,0.8857142857142857,ordering_counterexample,strongest existing aggregate-order violation in this episode,0,P02,Paraphrase,put the butter and the cream cheese box together inside the basket,Reverses object order and uses inside/together; same goal.,20260810,20281027,20,7120217,sha256:0d96645364721fc6,mps:0,-0.3883928656578064,0.22232143580913544,-0.27321428060531616,0.05464285612106323,0.04178571328520775,-0.0,1.0,-0.14829808473587036,-0.11133232712745667,-0.618952751159668,0.059552572667598724,0.032419800758361816,0.006115805357694626,0.9929198622703552,540.6035000924021
2,217,727,246,245,0.8857142857142857,ordering_counterexample,strongest existing aggregate-order violation in this episode,0,C02,Contradictory,put the butter in the basket but leave the cream cheese box on the table,Reverses which target object is excluded.,20260810,20281027,21,7120217,sha256:0d96645364721fc6,mps:0,-0.3883928656578064,0.22232143580913544,-0.27321428060531616,0.05464285612106323,0.04178571328520775,-0.0,1.0,-0.10023916512727737,-0.11661860346794128,-0.24016019701957703,0.018794555217027664,0.02550436556339264,-0.013417772017419338,-1.003265619277954,559.7802500706166
2,217,727,246,245,0.8857142857142857,ordering_counterexample,strongest existing aggregate-order violation in this episode,0,P08,Paraphrase,ensure that both the butter and the cream cheese box are inside the basket,State-goal phrasing; both named objects must end inside the basket.,20260810,20281027,22,7120217,sha256:0d96645364721fc6,mps:0,-0.3883928656578064,0.22232143580913544,-0.27321428060531616,0.05464285612106323,0.04178571328520775,-0.0,1.0,-0.12090573459863663,-0.1071866899728775,-0.32991909980773926,0.025886138901114464,0.025089707225561142,-0.003652207786217332,-1.00217604637146,566.6067088022828
2,217,727,246,245,0.8857142857142857,ordering_counterexample,strongest existing aggregate-order violation in this episode,0,U03,Unrelated,pick up the red mug and place it on the saucer,Different object-transfer task with an unrelated destination.,20260810,20281027,23,7120217,sha256:0d96645364721fc6,mps:0,-0.3883928656578064,0.22232143580913544,-0.27321428060531616,0.05464285612106323,0.04178571328520775,-0.0,1.0,-0.14481952786445618,-0.1185227781534195,-0.6249496936798096,0.029852353036403656,0.013983938843011856,0.0026346705853939056,0.9917135834693909,552.4688749574125
2,217,727,246,245,0.8857142857142857,ordering_counterexample,strongest existing aggregate-order violation in this episode,0,U09,Unrelated,put the blue cup on the upper shelf,Different object-placement task in another part of the workspace.,20260810,20281027,24,7120217,sha256:0d96645364721fc6,mps:0,-0.3883928656578064,0.22232143580913544,-0.27321428060531616,0.05464285612106323,0.04178571328520775,-0.0,1.0,-0.1781618595123291,-0.21034523844718933,-0.43475255370140076,0.03704329580068588,0.03817875310778618,-0.021163543686270714,-1.0487717390060425,555.4962088353932
2,217,727,246,245,0.8857142857142857,ordering_counterexample,strongest existing aggregate-order violation in this episode,0,P09,Paraphrase,the cream cheese box and the butter should both be put into the basket,Passive syntax; same object set and destination.,20260810,20281027,25,7120217,sha256:0d96645364721fc6,mps:0,-0.3883928656578064,0.22232143580913544,-0.27321428060531616,0.05464285612106323,0.04178571328520775,-0.0,1.0,-0.11725708097219467,-0.16262802481651306,-0.3309311866760254,0.033936068415641785,0.02452148124575615,-0.011357373557984829,-1.009881615638733,567.2724160831422
2,217,727,246,245,0.8857142857142857,ordering_counterexample,strongest existing aggregate-order violation in this episode,0,CORRECT,Correct,put both the cream cheese box and the butter in the basket,Exact canonical dataset task; the single baseline for every observation.,20260810,20281027,26,7120217,sha256:0d96645364721fc6,mps:0,-0.3883928656578064,0.22232143580913544,-0.27321428060531616,0.05464285612106323,0.04178571328520775,-0.0,1.0,-0.15229550004005432,-0.11402319371700287,-0.4515548646450043,0.029743554070591927,0.04091716185212135,0.0037786103785037994,-1.0033918619155884,543.9141669776291
2,217,727,246,245,0.8857142857142857,ordering_counterexample,strongest existing aggregate-order violation in this episode,0,C01,Contradictory,put the cream cheese box in the basket but leave the butter outside the basket,Original contradiction: excludes the butter from the destination.,20260810,20281027,27,7120217,sha256:0d96645364721fc6,mps:0,-0.3883928656578064,0.22232143580913544,-0.27321428060531616,0.05464285612106323,0.04178571328520775,-0.0,1.0,-0.15048962831497192,-0.15380661189556122,-0.3262418806552887,0.027822747826576233,0.0319436676800251,-0.021806009113788605,-0.992832362651825,547.052875161171
2,217,727,246,245,0.8857142857142857,ordering_counterexample,strongest existing aggregate-order violation in this episode,0,C10,Contradictory,"move the cream cheese box into the basket, then take the butter out of the basket",Sequential inclusion/exclusion contradiction with distinct object roles.,20260810,20281027,28,7120217,sha256:0d96645364721fc6,mps:0,-0.3883928656578064,0.22232143580913544,-0.27321428060531616,0.05464285612106323,0.04178571328520775,-0.0,1.0,-0.17082533240318298,-0.20877203345298767,-0.7376745939254761,0.05961964651942253,0.019401993602514267,-0.010830286890268326,0.9939702153205872,569.0094160381705
2,217,727,246,245,0.8857142857142857,ordering_counterexample,strongest existing aggregate-order violation in this episode,0,C08,Contradictory,stack the butter on top of the cream cheese box outside the basket,Changes the goal from packing to stacking both objects outside.,20260810,20281027,29,7120217,sha256:0d96645364721fc6,mps:0,-0.3883928656578064,0.22232143580913544,-0.27321428060531616,0.05464285612106323,0.04178571328520775,-0.0,1.0,-0.0969950333237648,-0.11974301934242249,-0.29066240787506104,0.025275003165006638,0.04809607192873955,-0.012398360297083855,-0.9910085797309875,544.9624999891967
2,217,727,246,245,0.8857142857142857,ordering_counterexample,strongest existing aggregate-order violation in this episode,0,C06,Contradictory,place both the cream cheese box and the butter next to the basket instead of inside it,Preserves both objects but changes the destination for both.,20260810,20281027,30,7120217,sha256:0d96645364721fc6,mps:0,-0.3883928656578064,0.22232143580913544,-0.27321428060531616,0.05464285612106323,0.04178571328520775,-0.0,1.0,-0.16455668210983276,-0.3212977647781372,-0.6303561925888062,0.055207863450050354,0.03169943392276764,-0.011782767251133919,-0.9995601773262024,538.659666897729
2,217,727,246,245,0.8857142857142857,ordering_counterexample,strongest existing aggregate-order violation in this episode,0,C09,Contradictory,put the cream cheese box beside the basket and leave the butter on the table,Keeps both target objects outside at two stated locations.,20260810,20281027,31,7120217,sha256:0d96645364721fc6,mps:0,-0.3883928656578064,0.22232143580913544,-0.27321428060531616,0.05464285612106323,0.04178571328520775,-0.0,1.0,-0.10019814223051071,-0.16039405763149261,-0.24777409434318542,0.02797706425189972,0.023821424692869186,-0.01884341984987259,-0.9976610541343689,540.9494168125093
3,38,794,288,287,0.1324041811846689,ordinary_control,ordinary control nearest the episode median altered-condition distance among ordering-consistent rows,0,U06,Unrelated,place the cereal box inside the kitchen cabinet,Different object and destination; not a modification of the basket task.,20260810,20290848,1,7130038,sha256:20f78d499b78c367,mps:0,-0.21160714328289032,-0.0803571417927742,-0.7098214030265808,0.062142856419086456,0.0,-0.05999999865889549,-1.0,-0.2451271414756775,-0.22764411568641663,-0.5002920627593994,0.04184341058135033,-0.11392451822757721,0.024994485080242157,-1.003599762916565,566.5285419672728
3,38,794,288,287,0.1324041811846689,ordinary_control,ordinary control nearest the episode median altered-condition distance among ordering-consistent rows,0,P05,Paraphrase,set the cream cheese box as well as the butter inside the basket,As-well-as coordination; same two-object placement goal.,20260810,20290848,2,7130038,sha256:20f78d499b78c367,mps:0,-0.21160714328289032,-0.0803571417927742,-0.7098214030265808,0.062142856419086456,0.0,-0.05999999865889549,-1.0,-0.0880357101559639,-0.11460794508457184,-0.5572880506515503,0.023385485634207726,-0.13364051282405853,-0.013889354653656483,-1.009631872177124,562.5258749350905
3,38,794,288,287,0.1324041811846689,ordinary_control,ordinary control nearest the episode median altered-condition distance among ordering-consistent rows,0,P06,Paraphrase,pack the basket with both the cream cheese box and the butter,Destination-fronted packing wording; preserves complete goal.,20260810,20290848,3,7130038,sha256:20f78d499b78c367,mps:0,-0.21160714328289032,-0.0803571417927742,-0.7098214030265808,0.062142856419086456,0.0,-0.05999999865889549,-1.0,-0.043638139963150024,-0.16694235801696777,-0.5431373715400696,0.0294730756431818,-0.13893993198871613,-0.035771939903497696,-1.0076366662979126,551.7592090182006
3,38,794,288,287,0.1324041811846689,ordinary_control,ordinary control nearest the episode median altered-condition distance among ordering-consistent rows,0,U05,Unrelated,turn the stove knob clockwise,Plausible rotational manipulation unrelated to packing.,20260810,20290848,4,7130038,sha256:20f78d499b78c367,mps:0,-0.21160714328289032,-0.0803571417927742,-0.7098214030265808,0.062142856419086456,0.0,-0.05999999865889549,-1.0,-0.4704998731613159,-0.17289790511131287,-0.5192208290100098,0.05026109889149666,-0.12867441773414612,0.06879475712776184,-0.9815719127655029,575.9642079938203
3,38,794,288,287,0.1324041811846689,ordinary_control,ordinary control nearest the episode median altered-condition distance among ordering-consistent rows,0,C09,Contradictory,put the cream cheese box beside the basket and leave the butter on the table,Keeps both target objects outside at two stated locations.,20260810,20290848,5,7130038,sha256:20f78d499b78c367,mps:0,-0.21160714328289032,-0.0803571417927742,-0.7098214030265808,0.062142856419086456,0.0,-0.05999999865889549,-1.0,-0.07882019132375717,-0.1504708230495453,-0.5462148189544678,0.03352878987789154,-0.14496055245399475,-0.010616661049425602,-1.0068477392196655,555.8665408752859
3,38,794,288,287,0.1324041811846689,ordinary_control,ordinary control nearest the episode median altered-condition distance among ordering-consistent rows,0,U10,Unrelated,take the spoon from the counter and place it in the utensil holder,Different pick-and-place task with unrelated objects and destination.,20260810,20290848,6,7130038,sha256:20f78d499b78c367,mps:0,-0.21160714328289032,-0.0803571417927742,-0.7098214030265808,0.062142856419086456,0.0,-0.05999999865889549,-1.0,-0.25954362750053406,-0.16376817226409912,-0.4607312083244324,0.03325448930263519,-0.18395346403121948,-0.0023875487968325615,-0.9872410893440247,553.6759998649359
3,38,794,288,287,0.1324041811846689,ordinary_control,ordinary control nearest the episode median altered-condition distance among ordering-consistent rows,0,C02,Contradictory,put the butter in the basket but leave the cream cheese box on the table,Reverses which target object is excluded.,20260810,20290848,7,7130038,sha256:20f78d499b78c367,mps:0,-0.21160714328289032,-0.0803571417927742,-0.7098214030265808,0.062142856419086456,0.0,-0.05999999865889549,-1.0,-0.07474646717309952,-0.12470315396785736,-0.5186546444892883,0.026202591136097908,-0.13237735629081726,-0.02102154679596424,-1.0092092752456665,554.1695000138134
3,38,794,288,287,0.1324041811846689,ordinary_control,ordinary control nearest the episode median altered-condition distance among ordering-consistent rows,0,C01,Contradictory,put the cream cheese box in the basket but leave the butter outside the basket,Original contradiction: excludes the butter from the destination.,20260810,20290848,8,7130038,sha256:20f78d499b78c367,mps:0,-0.21160714328289032,-0.0803571417927742,-0.7098214030265808,0.062142856419086456,0.0,-0.05999999865889549,-1.0,-0.15250056982040405,-0.13159441947937012,-0.5265770554542542,0.03040730394423008,-0.12300048768520355,-0.016746439039707184,-1.0019168853759766,521.8428331427276
3,38,794,288,287,0.1324041811846689,ordinary_control,ordinary control nearest the episode median altered-condition distance among ordering-consistent rows,0,C08,Contradictory,stack the butter on top of the cream cheese box outside the basket,Changes the goal from packing to stacking both objects outside.,20260810,20290848,9,7130038,sha256:20f78d499b78c367,mps:0,-0.21160714328289032,-0.0803571417927742,-0.7098214030265808,0.062142856419086456,0.0,-0.05999999865889549,-1.0,-0.14495164155960083,-0.17301306128501892,-0.6364120244979858,0.035625096410512924,-0.11840850859880447,-0.01636272296309471,-1.0048002004623413,567.1373750083148
3,38,794,288,287,0.1324041811846689,ordinary_control,ordinary control nearest the episode median altered-condition distance among ordering-consistent rows,0,P03,Paraphrase,move the cream cheese box and the butter into the basket,Uses move/into while retaining both objects and destination.,20260810,20290848,10,7130038,sha256:20f78d499b78c367,mps:0,-0.21160714328289032,-0.0803571417927742,-0.7098214030265808,0.062142856419086456,0.0,-0.05999999865889549,-1.0,-0.08910342305898666,-0.1829436719417572,-0.6442168951034546,0.05050079897046089,-0.11767204850912094,-0.0033598593436181545,-1.0182870626449585,557.6925829518586
3,38,794,288,287,0.1324041811846689,ordinary_control,ordinary control nearest the episode median altered-condition distance among ordering-consistent rows,0,U07,Unrelated,lift the saucepan and set it on the front burner,Different two-step kitchen manipulation task.,20260810,20290848,11,7130038,sha256:20f78d499b78c367,mps:0,-0.21160714328289032,-0.0803571417927742,-0.7098214030265808,0.062142856419086456,0.0,-0.05999999865889549,-1.0,-0.300069123506546,-0.23694929480552673,-0.4978633224964142,0.02605164423584938,-0.1676843911409378,-0.03407689929008484,-0.9978731870651245,524.0884160157293
3,38,794,288,287,0.1324041811846689,ordinary_control,ordinary control nearest the episode median altered-condition distance among ordering-consistent rows,0,C06,Contradictory,place both the cream cheese box and the butter next to the basket instead of inside it,Preserves both objects but changes the destination for both.,20260810,20290848,12,7130038,sha256:20f78d499b78c367,mps:0,-0.21160714328289032,-0.0803571417927742,-0.7098214030265808,0.062142856419086456,0.0,-0.05999999865889549,-1.0,0.0838012769818306,-0.18746480345726013,-0.5317900776863098,0.028063571080565453,-0.14908824861049652,-0.028738629072904587,-1.0178744792938232,572.6960829924792
3,38,794,288,287,0.1324041811846689,ordinary_control,ordinary control nearest the episode median altered-condition distance among ordering-consistent rows,0,U02,Unrelated,close the microwave door,Plausible appliance manipulation unrelated to the packing goal.,20260810,20290848,13,7130038,sha256:20f78d499b78c367,mps:0,-0.21160714328289032,-0.0803571417927742,-0.7098214030265808,0.062142856419086456,0.0,-0.05999999865889549,-1.0,-0.49968868494033813,-0.23849725723266602,-0.4720873236656189,0.044637393206357956,-0.1306951493024826,0.04071582853794098,-1.0119743347167969,557.3961669579148
3,38,794,288,287,0.1324041811846689,ordinary_control,ordinary control nearest the episode median altered-condition distance among ordering-consistent rows,0,U09,Unrelated,put the blue cup on the upper shelf,Different object-placement task in another part of the workspace.,20260810,20290848,14,7130038,sha256:20f78d499b78c367,mps:0,-0.21160714328289032,-0.0803571417927742,-0.7098214030265808,0.062142856419086456,0.0,-0.05999999865889549,-1.0,-0.4062783420085907,-0.1606195569038391,-0.48233988881111145,0.026795566082000732,-0.09319248050451279,0.014835335314273834,-1.0070037841796875,544.804000062868
3,38,794,288,287,0.1324041811846689,ordinary_control,ordinary control nearest the episode median altered-condition distance among ordering-consistent rows,0,P08,Paraphrase,ensure that both the butter and the cream cheese box are inside the basket,State-goal phrasing; both named objects must end inside the basket.,20260810,20290848,15,7130038,sha256:20f78d499b78c367,mps:0,-0.21160714328289032,-0.0803571417927742,-0.7098214030265808,0.062142856419086456,0.0,-0.05999999865889549,-1.0,-0.11550357192754745,-0.13509750366210938,-0.5509355664253235,0.04387179762125015,-0.09093549847602844,-0.0064858002588152885,-1.0092601776123047,551.816790830344
3,38,794,288,287,0.1324041811846689,ordinary_control,ordinary control nearest the episode median altered-condition distance among ordering-consistent rows,0,P01,Paraphrase,place both the cream cheese box and the butter in the basket,Lexical substitution; preserves both objects and destination.,20260810,20290848,16,7130038,sha256:20f78d499b78c367,mps:0,-0.21160714328289032,-0.0803571417927742,-0.7098214030265808,0.062142856419086456,0.0,-0.05999999865889549,-1.0,0.08203309774398804,-0.2852880358695984,-0.5502063035964966,0.04407624155282974,-0.1263623833656311,-0.014546270482242107,-1.0133192539215088,561.700165970251
3,38,794,288,287,0.1324041811846689,ordinary_control,ordinary control nearest the episode median altered-condition distance among ordering-consistent rows,0,C07,Contradictory,put the cream cheese box in the basket and move the butter to the far side of the table,Keeps one original placement and gives the butter a distant destination.,20260810,20290848,17,7130038,sha256:20f78d499b78c367,mps:0,-0.21160714328289032,-0.0803571417927742,-0.7098214030265808,0.062142856419086456,0.0,-0.05999999865889549,-1.0,-0.09560688585042953,-0.14889313280582428,-0.5718054175376892,0.0252130925655365,-0.16903454065322876,-0.021204547956585884,-1.011509895324707,576.5968339983374
3,38,794,288,287,0.1324041811846689,ordinary_control,ordinary control nearest the episode median altered-condition distance among ordering-consistent rows,0,C10,Contradictory,"move the cream cheese box into the basket, then take the butter out of the basket",Sequential inclusion/exclusion contradiction with distinct object roles.,20260810,20290848,18,7130038,sha256:20f78d499b78c367,mps:0,-0.21160714328289032,-0.0803571417927742,-0.7098214030265808,0.062142856419086456,0.0,-0.05999999865889549,-1.0,-0.08234309405088425,-0.17832505702972412,-0.5758011341094971,0.03944799304008484,-0.13238176703453064,-0.03612598404288292,-1.0098700523376465,555.0479588564485
3,38,794,288,287,0.1324041811846689,ordinary_control,ordinary control nearest the episode median altered-condition distance among ordering-consistent rows,0,C04,Contradictory,put only the butter in the basket and keep the cream cheese box where it is,Selects only the butter and preserves the cream-cheese position.,20260810,20290848,19,7130038,sha256:20f78d499b78c367,mps:0,-0.21160714328289032,-0.0803571417927742,-0.7098214030265808,0.062142856419086456,0.0,-0.05999999865889549,-1.0,-0.19260716438293457,-0.15598924458026886,-0.5537229776382446,0.03540980443358421,-0.1548793464899063,-0.03603602945804596,-1.014875054359436,573.1131669599563
3,38,794,288,287,0.1324041811846689,ordinary_control,ordinary control nearest the episode median altered-condition distance among ordering-consistent rows,0,P04,Paraphrase,"transfer both items, the cream cheese box and the butter, to the basket",Appositive syntax; explicitly names both items and the basket.,20260810,20290848,20,7130038,sha256:20f78d499b78c367,mps:0,-0.21160714328289032,-0.0803571417927742,-0.7098214030265808,0.062142856419086456,0.0,-0.05999999865889549,-1.0,0.22327777743339539,-0.1470137983560562,-0.4797295928001404,0.03579679876565933,-0.15557961165905,-0.011365892365574837,-1.0085406303405762,542.970959097147
3,38,794,288,287,0.1324041811846689,ordinary_control,ordinary control nearest the episode median altered-condition distance among ordering-consistent rows,0,U03,Unrelated,pick up the red mug and place it on the saucer,Different object-transfer task with an unrelated destination.,20260810,20290848,21,7130038,sha256:20f78d499b78c367,mps:0,-0.21160714328289032,-0.0803571417927742,-0.7098214030265808,0.062142856419086456,0.0,-0.05999999865889549,-1.0,-0.35377082228660583,-0.12701429426670074,-0.5817407965660095,0.019461577758193016,-0.09058330208063126,0.022330505773425102,-1.0039435625076294,548.7762498669326
3,38,794,288,287,0.1324041811846689,ordinary_control,ordinary control nearest the episode median altered-condition distance among ordering-consistent rows,0,U04,Unrelated,move the black bowl onto the serving plate,Different tabletop placement task using unrelated objects.,20260810,20290848,22,7130038,sha256:20f78d499b78c367,mps:0,-0.21160714328289032,-0.0803571417927742,-0.7098214030265808,0.062142856419086456,0.0,-0.05999999865889549,-1.0,-0.27931079268455505,-0.017543070018291473,-0.5475103259086609,0.030376877635717392,-0.07663197070360184,0.014692233875393867,-1.017906665802002,581.3487081322819
3,38,794,288,287,0.1324041811846689,ordinary_control,ordinary control nearest the episode median altered-condition distance among ordering-consistent rows,0,U01,Unrelated,open the top drawer of the cabinet,Original Unrelated prompt retained as one variant for direct diagnosis.,20260810,20290848,23,7130038,sha256:20f78d499b78c367,mps:0,-0.21160714328289032,-0.0803571417927742,-0.7098214030265808,0.062142856419086456,0.0,-0.05999999865889549,-1.0,-0.288723886013031,-0.16843804717063904,-0.5867526531219482,0.02281818725168705,-0.10650362074375153,0.08925943076610565,-0.9979574084281921,553.8677079603076
3,38,794,288,287,0.1324041811846689,ordinary_control,ordinary control nearest the episode median altered-condition distance among ordering-consistent rows,0,P07,Paraphrase,take the cream cheese box and the butter and place them in the basket,Two-verb construction with an explicit plural reference to both objects.,20260810,20290848,24,7130038,sha256:20f78d499b78c367,mps:0,-0.21160714328289032,-0.0803571417927742,-0.7098214030265808,0.062142856419086456,0.0,-0.05999999865889549,-1.0,-0.18831241130828857,-0.10808810591697693,-0.5962320566177368,0.02049211785197258,-0.11121561378240585,-0.006300785578787327,-1.0176197290420532,591.3283748086542
3,38,794,288,287,0.1324041811846689,ordinary_control,ordinary control nearest the episode median altered-condition distance among ordering-consistent rows,0,P02,Paraphrase,put the butter and the cream cheese box together inside the basket,Reverses object order and uses inside/together; same goal.,20260810,20290848,25,7130038,sha256:20f78d499b78c367,mps:0,-0.21160714328289032,-0.0803571417927742,-0.7098214030265808,0.062142856419086456,0.0,-0.05999999865889549,-1.0,-0.0864734873175621,-0.20596763491630554,-0.5885949730873108,0.042611829936504364,-0.14202921092510223,-0.023402580991387367,-1.0116249322891235,590.9213339909911
3,38,794,288,287,0.1324041811846689,ordinary_control,ordinary control nearest the episode median altered-condition distance among ordering-consistent rows,0,P10,Paraphrase,"into the basket, place both the cream cheese box and the butter",Fronted destination; retains both objects and the original goal.,20260810,20290848,26,7130038,sha256:20f78d499b78c367,mps:0,-0.21160714328289032,-0.0803571417927742,-0.7098214030265808,0.062142856419086456,0.0,-0.05999999865889549,-1.0,-0.06533024460077286,-0.19984406232833862,-0.4888339638710022,0.05143275856971741,-0.14278367161750793,-0.02079191990196705,-1.0110218524932861,551.0494580958039
3,38,794,288,287,0.1324041811846689,ordinary_control,ordinary control nearest the episode median altered-condition distance among ordering-consistent rows,0,P09,Paraphrase,the cream cheese box and the butter should both be put into the basket,Passive syntax; same object set and destination.,20260810,20290848,27,7130038,sha256:20f78d499b78c367,mps:0,-0.21160714328289032,-0.0803571417927742,-0.7098214030265808,0.062142856419086456,0.0,-0.05999999865889549,-1.0,0.011697430163621902,-0.1246577650308609,-0.49018993973731995,0.027168594300746918,-0.11675265431404114,-0.013285934925079346,-1.0209766626358032,564.9503329768777
3,38,794,288,287,0.1324041811846689,ordinary_control,ordinary control nearest the episode median altered-condition distance among ordering-consistent rows,0,C05,Contradictory,place the cream cheese box on the table and put only the butter in the basket,Assigns different destinations and excludes one object from the basket.,20260810,20290848,28,7130038,sha256:20f78d499b78c367,mps:0,-0.21160714328289032,-0.0803571417927742,-0.7098214030265808,0.062142856419086456,0.0,-0.05999999865889549,-1.0,-0.18173331022262573,-0.11572819948196411,-0.5907561182975769,0.02924473024904728,-0.1456071436405182,-0.009762506000697613,-1.008742094039917,565.1563329156488
3,38,794,288,287,0.1324041811846689,ordinary_control,ordinary control nearest the episode median altered-condition distance among ordering-consistent rows,0,CORRECT,Correct,put both the cream cheese box and the butter in the basket,Exact canonical dataset task; the single baseline for every observation.,20260810,20290848,29,7130038,sha256:20f78d499b78c367,mps:0,-0.21160714328289032,-0.0803571417927742,-0.7098214030265808,0.062142856419086456,0.0,-0.05999999865889549,-1.0,0.10473918914794922,-0.2656738758087158,-0.5404688715934753,0.037665605545043945,-0.1319059133529663,-0.015158210881054401,-1.016918420791626,534.1012079734355
3,38,794,288,287,0.1324041811846689,ordinary_control,ordinary control nearest the episode median altered-condition distance among ordering-consistent rows,0,C03,Contradictory,place only the cream cheese box in the basket and move the butter beside the basket,Changes inclusion and gives the butter an adjacent destination.,20260810,20290848,30,7130038,sha256:20f78d499b78c367,mps:0,-0.21160714328289032,-0.0803571417927742,-0.7098214030265808,0.062142856419086456,0.0,-0.05999999865889549,-1.0,-0.1414160430431366,-0.19329172372817993,-0.5776896476745605,0.03627915680408478,-0.16651758551597595,-0.029811110347509384,-1.0032367706298828,516.1549998447299
3,38,794,288,287,0.1324041811846689,ordinary_control,ordinary control nearest the episode median altered-condition distance among ordering-consistent rows,0,U08,Unrelated,slide the cutting board toward the sink,Different planar manipulation with unrelated object and target.,20260810,20290848,31,7130038,sha256:20f78d499b78c367,mps:0,-0.21160714328289032,-0.0803571417927742,-0.7098214030265808,0.062142856419086456,0.0,-0.05999999865889549,-1.0,-0.2615123391151428,-0.10936097800731659,-0.5036352872848511,0.03093198873102665,-0.1036372259259224,0.019932953640818596,-0.9928838610649109,545.9945830516517
3,208,964,288,287,0.7247386759581882,coverage_anchor,coverage anchor nearest predetermined normalized progress target 0.70,0,C10,Contradictory,"move the cream cheese box into the basket, then take the butter out of the basket",Sequential inclusion/exclusion contradiction with distinct object roles.,20260810,20291018,1,7130208,sha256:3a9e85495d0a8362,mps:0,-0.1741071492433548,0.0,-0.08571428805589676,0.0,0.040714286267757416,0.07821428775787354,-1.0,-0.35853660106658936,0.04547450318932533,-0.692436158657074,0.015520363114774227,-0.00015544192865490913,-0.053844667971134186,-0.9871047139167786,578.0694580171257
3,208,964,288,287,0.7247386759581882,coverage_anchor,coverage anchor nearest predetermined normalized progress target 0.70,0,C09,Contradictory,put the cream cheese box beside the basket and leave the butter on the table,Keeps both target objects outside at two stated locations.,20260810,20291018,2,7130208,sha256:3a9e85495d0a8362,mps:0,-0.1741071492433548,0.0,-0.08571428805589676,0.0,0.040714286267757416,0.07821428775787354,-1.0,-0.28743472695350647,0.052684344351291656,-0.5297656059265137,0.006977017968893051,0.003416360355913639,-0.038473062217235565,-0.9832876920700073,548.9472078625113
3,208,964,288,287,0.7247386759581882,coverage_anchor,coverage anchor nearest predetermined normalized progress target 0.70,0,P01,Paraphrase,place both the cream cheese box and the butter in the basket,Lexical substitution; preserves both objects and destination.,20260810,20291018,3,7130208,sha256:3a9e85495d0a8362,mps:0,-0.1741071492433548,0.0,-0.08571428805589676,0.0,0.040714286267757416,0.07821428775787354,-1.0,-0.2686517834663391,0.10849044471979141,-0.5450443625450134,0.007365695666521788,0.02130671590566635,-0.04464913159608841,-0.9825758337974548,531.236374983564
3,208,964,288,287,0.7247386759581882,coverage_anchor,coverage anchor nearest predetermined normalized progress target 0.70,0,U04,Unrelated,move the black bowl onto the serving plate,Different tabletop placement task using unrelated objects.,20260810,20291018,4,7130208,sha256:3a9e85495d0a8362,mps:0,-0.1741071492433548,0.0,-0.08571428805589676,0.0,0.040714286267757416,0.07821428775787354,-1.0,-0.491627037525177,0.13447493314743042,-0.6776054501533508,0.014613554812967777,-0.01607707142829895,-0.034050121903419495,-0.9908270239830017,562.7127920743078
3,208,964,288,287,0.7247386759581882,coverage_anchor,coverage anchor nearest predetermined normalized progress target 0.70,0,CORRECT,Correct,put both the cream cheese box and the butter in the basket,Exact canonical dataset task; the single baseline for every observation.,20260810,20291018,5,7130208,sha256:3a9e85495d0a8362,mps:0,-0.1741071492433548,0.0,-0.08571428805589676,0.0,0.040714286267757416,0.07821428775787354,-1.0,-0.2408697009086609,0.0911695808172226,-0.500365674495697,0.005471042823046446,0.016172856092453003,-0.044783614575862885,-0.9850910902023315,523.5433750785887
3,208,964,288,287,0.7247386759581882,coverage_anchor,coverage anchor nearest predetermined normalized progress target 0.70,0,P07,Paraphrase,take the cream cheese box and the butter and place them in the basket,Two-verb construction with an explicit plural reference to both objects.,20260810,20291018,6,7130208,sha256:3a9e85495d0a8362,mps:0,-0.1741071492433548,0.0,-0.08571428805589676,0.0,0.040714286267757416,0.07821428775787354,-1.0,-0.39486122131347656,0.07760985195636749,-0.6415401697158813,0.00659558130428195,0.006862105801701546,-0.04353813827037811,-0.9883305430412292,562.2239580843598
3,208,964,288,287,0.7247386759581882,coverage_anchor,coverage anchor nearest predetermined normalized progress target 0.70,0,C03,Contradictory,place only the cream cheese box in the basket and move the butter beside the basket,Changes inclusion and gives the butter an adjacent destination.,20260810,20291018,7,7130208,sha256:3a9e85495d0a8362,mps:0,-0.1741071492433548,0.0,-0.08571428805589676,0.0,0.040714286267757416,0.07821428775787354,-1.0,-0.4201217591762543,0.06950892508029938,-0.7264071702957153,0.015250335447490215,0.004810054320842028,-0.04986186325550079,-0.9873661994934082,545.430458150804
3,208,964,288,287,0.7247386759581882,coverage_anchor,coverage anchor nearest predetermined normalized progress target 0.70,0,U01,Unrelated,open the top drawer of the cabinet,Original Unrelated prompt retained as one variant for direct diagnosis.,20260810,20291018,8,7130208,sha256:3a9e85495d0a8362,mps:0,-0.1741071492433548,0.0,-0.08571428805589676,0.0,0.040714286267757416,0.07821428775787354,-1.0,-0.4041022062301636,0.2844650149345398,-0.5493735074996948,0.0013853753916919231,-0.0008979309350252151,-0.04837304353713989,-0.9902428388595581,566.4145420305431
3,208,964,288,287,0.7247386759581882,coverage_anchor,coverage anchor nearest predetermined normalized progress target 0.70,0,C04,Contradictory,put only the butter in the basket and keep the cream cheese box where it is,Selects only the butter and preserves the cream-cheese position.,20260810,20291018,9,7130208,sha256:3a9e85495d0a8362,mps:0,-0.1741071492433548,0.0,-0.08571428805589676,0.0,0.040714286267757416,0.07821428775787354,-1.0,-0.3425057828426361,0.09881412982940674,-0.6414541602134705,0.014742985367774963,-0.0018057748675346375,-0.05287022143602371,-0.9951374530792236,541.525999782607
3,208,964,288,287,0.7247386759581882,coverage_anchor,coverage anchor nearest predetermined normalized progress target 0.70,0,U09,Unrelated,put the blue cup on the upper shelf,Different object-placement task in another part of the workspace.,20260810,20291018,10,7130208,sha256:3a9e85495d0a8362,mps:0,-0.1741071492433548,0.0,-0.08571428805589676,0.0,0.040714286267757416,0.07821428775787354,-1.0,-0.3829161524772644,0.09841985255479813,-0.46479588747024536,0.001546393847092986,0.0029162243008613586,-0.03895757347345352,-0.9921179413795471,544.9059579987079
3,208,964,288,287,0.7247386759581882,coverage_anchor,coverage anchor nearest predetermined normalized progress target 0.70,0,U05,Unrelated,turn the stove knob clockwise,Plausible rotational manipulation unrelated to packing.,20260810,20291018,11,7130208,sha256:3a9e85495d0a8362,mps:0,-0.1741071492433548,0.0,-0.08571428805589676,0.0,0.040714286267757416,0.07821428775787354,-1.0,-0.4320998787879944,0.21485334634780884,-0.5922001600265503,0.0032991429325193167,0.007004133425652981,-0.05000551789999008,-0.9950070977210999,560.9217090532184
3,208,964,288,287,0.7247386759581882,coverage_anchor,coverage anchor nearest predetermined normalized progress target 0.70,0,C08,Contradictory,stack the butter on top of the cream cheese box outside the basket,Changes the goal from packing to stacking both objects outside.,20260810,20291018,12,7130208,sha256:3a9e85495d0a8362,mps:0,-0.1741071492433548,0.0,-0.08571428805589676,0.0,0.040714286267757416,0.07821428775787354,-1.0,-0.3978036046028137,0.1309259682893753,-0.6339368224143982,0.0072220624424517155,0.010278653353452682,-0.04607079178094864,-0.977996289730072,569.0132498275489
3,208,964,288,287,0.7247386759581882,coverage_anchor,coverage anchor nearest predetermined normalized progress target 0.70,0,P09,Paraphrase,the cream cheese box and the butter should both be put into the basket,Passive syntax; same object set and destination.,20260810,20291018,13,7130208,sha256:3a9e85495d0a8362,mps:0,-0.1741071492433548,0.0,-0.08571428805589676,0.0,0.040714286267757416,0.07821428775787354,-1.0,-0.27376461029052734,0.0730188712477684,-0.5677024126052856,0.013559301383793354,0.0032237714622169733,-0.03659279644489288,-0.9889047145843506,545.3962499741465
3,208,964,288,287,0.7247386759581882,coverage_anchor,coverage anchor nearest predetermined normalized progress target 0.70,0,P04,Paraphrase,"transfer both items, the cream cheese box and the butter, to the basket",Appositive syntax; explicitly names both items and the basket.,20260810,20291018,14,7130208,sha256:3a9e85495d0a8362,mps:0,-0.1741071492433548,0.0,-0.08571428805589676,0.0,0.040714286267757416,0.07821428775787354,-1.0,-0.20790958404541016,0.10523263365030289,-0.34851840138435364,0.0038263858295977116,0.000627429224550724,-0.03635774925351143,-0.9996881484985352,567.1578329056501
3,208,964,288,287,0.7247386759581882,coverage_anchor,coverage anchor nearest predetermined normalized progress target 0.70,0,C02,Contradictory,put the butter in the basket but leave the cream cheese box on the table,Reverses which target object is excluded.,20260810,20291018,15,7130208,sha256:3a9e85495d0a8362,mps:0,-0.1741071492433548,0.0,-0.08571428805589676,0.0,0.040714286267757416,0.07821428775787354,-1.0,-0.34586384892463684,0.06387388706207275,-0.6260057687759399,0.00547339441254735,-0.003093724139034748,-0.027637481689453125,-0.9916763305664062,537.3033338692039
3,208,964,288,287,0.7247386759581882,coverage_anchor,coverage anchor nearest predetermined normalized progress target 0.70,0,U03,Unrelated,pick up the red mug and place it on the saucer,Different object-transfer task with an unrelated destination.,20260810,20291018,16,7130208,sha256:3a9e85495d0a8362,mps:0,-0.1741071492433548,0.0,-0.08571428805589676,0.0,0.040714286267757416,0.07821428775787354,-1.0,-0.43987447023391724,0.13962407410144806,-0.5946979522705078,0.0011183698661625385,-0.008826951496303082,-0.033374398946762085,-1.0039844512939453,559.4122919719666
3,208,964,288,287,0.7247386759581882,coverage_anchor,coverage anchor nearest predetermined normalized progress target 0.70,0,C07,Contradictory,put the cream cheese box in the basket and move the butter to the far side of the table,Keeps one original placement and gives the butter a distant destination.,20260810,20291018,17,7130208,sha256:3a9e85495d0a8362,mps:0,-0.1741071492433548,0.0,-0.08571428805589676,0.0,0.040714286267757416,0.07821428775787354,-1.0,-0.3059762418270111,0.042268238961696625,-0.6735212802886963,0.010570473968982697,-0.008078143000602722,-0.043516360223293304,-0.9862188696861267,539.8394579533488
3,208,964,288,287,0.7247386759581882,coverage_anchor,coverage anchor nearest predetermined normalized progress target 0.70,0,C06,Contradictory,place both the cream cheese box and the butter next to the basket instead of inside it,Preserves both objects but changes the destination for both.,20260810,20291018,18,7130208,sha256:3a9e85495d0a8362,mps:0,-0.1741071492433548,0.0,-0.08571428805589676,0.0,0.040714286267757416,0.07821428775787354,-1.0,-0.32533201575279236,0.07033077627420425,-0.6292228698730469,0.010798019357025623,0.002592506119981408,-0.060740627348423004,-0.9908190965652466,541.8727500364184
3,208,964,288,287,0.7247386759581882,coverage_anchor,coverage anchor nearest predetermined normalized progress target 0.70,0,P02,Paraphrase,put the butter and the cream cheese box together inside the basket,Reverses object order and uses inside/together; same goal.,20260810,20291018,19,7130208,sha256:3a9e85495d0a8362,mps:0,-0.1741071492433548,0.0,-0.08571428805589676,0.0,0.040714286267757416,0.07821428775787354,-1.0,-0.3338995575904846,0.05042215436697006,-0.6132795810699463,0.015339619480073452,0.0026323888450860977,-0.043081365525722504,-0.9826744198799133,578.6328751128167
3,208,964,288,287,0.7247386759581882,coverage_anchor,coverage anchor nearest predetermined normalized progress target 0.70,0,P08,Paraphrase,ensure that both the butter and the cream cheese box are inside the basket,State-goal phrasing; both named objects must end inside the basket.,20260810,20291018,20,7130208,sha256:3a9e85495d0a8362,mps:0,-0.1741071492433548,0.0,-0.08571428805589676,0.0,0.040714286267757416,0.07821428775787354,-1.0,-0.31235456466674805,0.08534125238656998,-0.4956796169281006,0.01051508542150259,0.015054235234856606,-0.04525747895240784,-0.9820836186408997,564.7050410043448
3,208,964,288,287,0.7247386759581882,coverage_anchor,coverage anchor nearest predetermined normalized progress target 0.70,0,U07,Unrelated,lift the saucepan and set it on the front burner,Different two-step kitchen manipulation task.,20260810,20291018,21,7130208,sha256:3a9e85495d0a8362,mps:0,-0.1741071492433548,0.0,-0.08571428805589676,0.0,0.040714286267757416,0.07821428775787354,-1.0,-0.5319229960441589,0.08612697571516037,-0.6466007828712463,0.005478248465806246,-0.00630349013954401,-0.03906504064798355,-0.9935561418533325,575.2797920722514
3,208,964,288,287,0.7247386759581882,coverage_anchor,coverage anchor nearest predetermined normalized progress target 0.70,0,U10,Unrelated,take the spoon from the counter and place it in the utensil holder,Different pick-and-place task with unrelated objects and destination.,20260810,20291018,22,7130208,sha256:3a9e85495d0a8362,mps:0,-0.1741071492433548,0.0,-0.08571428805589676,0.0,0.040714286267757416,0.07821428775787354,-1.0,-0.41655200719833374,0.12970636785030365,-0.5939239263534546,0.007328425999730825,-0.009840943850576878,-0.029447929933667183,-0.9970487356185913,527.3163330275565
3,208,964,288,287,0.7247386759581882,coverage_anchor,coverage anchor nearest predetermined normalized progress target 0.70,0,P10,Paraphrase,"into the basket, place both the cream cheese box and the butter",Fronted destination; retains both objects and the original goal.,20260810,20291018,23,7130208,sha256:3a9e85495d0a8362,mps:0,-0.1741071492433548,0.0,-0.08571428805589676,0.0,0.040714286267757416,0.07821428775787354,-1.0,-0.31036263704299927,0.12270048260688782,-0.6050513386726379,0.012313777580857277,0.00745646096765995,-0.04485057294368744,-0.9914772510528564,541.7847090866417
3,208,964,288,287,0.7247386759581882,coverage_anchor,coverage anchor nearest predetermined normalized progress target 0.70,0,P03,Paraphrase,move the cream cheese box and the butter into the basket,Uses move/into while retaining both objects and destination.,20260810,20291018,24,7130208,sha256:3a9e85495d0a8362,mps:0,-0.1741071492433548,0.0,-0.08571428805589676,0.0,0.040714286267757416,0.07821428775787354,-1.0,-0.42284977436065674,0.08239004760980606,-0.7704200744628906,0.015516020357608795,-0.004703013226389885,-0.033110931515693665,-0.9907931089401245,539.6591250319034
3,208,964,288,287,0.7247386759581882,coverage_anchor,coverage anchor nearest predetermined normalized progress target 0.70,0,U06,Unrelated,place the cereal box inside the kitchen cabinet,Different object and destination; not a modification of the basket task.,20260810,20291018,25,7130208,sha256:3a9e85495d0a8362,mps:0,-0.1741071492433548,0.0,-0.08571428805589676,0.0,0.040714286267757416,0.07821428775787354,-1.0,-0.4548279643058777,0.12430913746356964,-0.609107494354248,0.012853802181780338,-0.004671328701078892,-0.03927753120660782,-0.9860495328903198,554.7040409874171
3,208,964,288,287,0.7247386759581882,coverage_anchor,coverage anchor nearest predetermined normalized progress target 0.70,0,C05,Contradictory,place the cream cheese box on the table and put only the butter in the basket,Assigns different destinations and excludes one object from the basket.,20260810,20291018,26,7130208,sha256:3a9e85495d0a8362,mps:0,-0.1741071492433548,0.0,-0.08571428805589676,0.0,0.040714286267757416,0.07821428775787354,-1.0,-0.3928173780441284,0.09533441811800003,-0.673020601272583,0.010512685403227806,0.0008557136170566082,-0.03700828552246094,-0.9938209652900696,548.1880002189428
3,208,964,288,287,0.7247386759581882,coverage_anchor,coverage anchor nearest predetermined normalized progress target 0.70,0,P06,Paraphrase,pack the basket with both the cream cheese box and the butter,Destination-fronted packing wording; preserves complete goal.,20260810,20291018,27,7130208,sha256:3a9e85495d0a8362,mps:0,-0.1741071492433548,0.0,-0.08571428805589676,0.0,0.040714286267757416,0.07821428775787354,-1.0,-0.31586918234825134,0.10808532685041428,-0.5061560273170471,0.0028626006096601486,0.015137179754674435,-0.038022227585315704,-0.9917855262756348,582.0309999398887
3,208,964,288,287,0.7247386759581882,coverage_anchor,coverage anchor nearest predetermined normalized progress target 0.70,0,U02,Unrelated,close the microwave door,Plausible appliance manipulation unrelated to the packing goal.,20260810,20291018,28,7130208,sha256:3a9e85495d0a8362,mps:0,-0.1741071492433548,0.0,-0.08571428805589676,0.0,0.040714286267757416,0.07821428775787354,-1.0,-0.42065849900245667,0.2146988958120346,-0.5768694281578064,0.003354741493239999,-0.0064523108303546906,-0.07492917776107788,-0.9991363883018494,547.3827079404145
3,208,964,288,287,0.7247386759581882,coverage_anchor,coverage anchor nearest predetermined normalized progress target 0.70,0,C01,Contradictory,put the cream cheese box in the basket but leave the butter outside the basket,Original contradiction: excludes the butter from the destination.,20260810,20291018,29,7130208,sha256:3a9e85495d0a8362,mps:0,-0.1741071492433548,0.0,-0.08571428805589676,0.0,0.040714286267757416,0.07821428775787354,-1.0,-0.3153425455093384,0.06582635641098022,-0.5719632506370544,0.008041230030357838,0.011258253827691078,-0.04947198927402496,-0.9821772575378418,566.1373750772327
3,208,964,288,287,0.7247386759581882,coverage_anchor,coverage anchor nearest predetermined normalized progress target 0.70,0,P05,Paraphrase,set the cream cheese box as well as the butter inside the basket,As-well-as coordination; same two-object placement goal.,20260810,20291018,30,7130208,sha256:3a9e85495d0a8362,mps:0,-0.1741071492433548,0.0,-0.08571428805589676,0.0,0.040714286267757416,0.07821428775787354,-1.0,-0.4094480276107788,0.1339944303035736,-0.6936476230621338,0.005870427470654249,0.012036705389618874,-0.035920850932598114,-0.9727205038070679,574.2222911212593
3,208,964,288,287,0.7247386759581882,coverage_anchor,coverage anchor nearest predetermined normalized progress target 0.70,0,U08,Unrelated,slide the cutting board toward the sink,Different planar manipulation with unrelated object and target.,20260810,20291018,31,7130208,sha256:3a9e85495d0a8362,mps:0,-0.1741071492433548,0.0,-0.08571428805589676,0.0,0.040714286267757416,0.07821428775787354,-1.0,-0.4918714761734009,0.1366647183895111,-0.6394981145858765,0.004003709647804499,-0.008969382382929325,-0.03491436690092087,-0.9773591160774231,545.7229579333216
4,127,1171,244,243,0.522633744855967,nearest_gripper_transition,nearest available stored observation to an expert gripper-command transition (offset -1 frames),0,C05,Contradictory,place the cream cheese box on the table and put only the butter in the basket,Assigns different destinations and excludes one object from the basket.,20260810,20300937,1,7140127,sha256:f31e9fd3103091da,mps:0,-0.14196428656578064,0.0,-0.0,0.0,0.0,-0.02142857201397419,1.0,0.06265058368444443,0.1089504137635231,0.31316137313842773,-0.03759581968188286,0.03094647452235222,0.0013431990519165993,-0.9941100478172302,554.5085831545293
4,127,1171,244,243,0.522633744855967,nearest_gripper_transition,nearest available stored observation to an expert gripper-command transition (offset -1 frames),0,CORRECT,Correct,put both the cream cheese box and the butter in the basket,Exact canonical dataset task; the single baseline for every observation.,20260810,20300937,2,7140127,sha256:f31e9fd3103091da,mps:0,-0.14196428656578064,0.0,-0.0,0.0,0.0,-0.02142857201397419,1.0,0.05173039436340332,0.11798818409442902,0.24203649163246155,-0.05083472281694412,0.03510275483131409,0.010934550315141678,-0.9919114708900452,583.5398330818862
4,127,1171,244,243,0.522633744855967,nearest_gripper_transition,nearest available stored observation to an expert gripper-command transition (offset -1 frames),0,C07,Contradictory,put the cream cheese box in the basket and move the butter to the far side of the table,Keeps one original placement and gives the butter a distant destination.,20260810,20300937,3,7140127,sha256:f31e9fd3103091da,mps:0,-0.14196428656578064,0.0,-0.0,0.0,0.0,-0.02142857201397419,1.0,0.09052121639251709,0.06421172618865967,0.2574162781238556,-0.03128717467188835,0.03291402384638786,-0.01052182912826538,-1.0055173635482788,546.6700829565525
4,127,1171,244,243,0.522633744855967,nearest_gripper_transition,nearest available stored observation to an expert gripper-command transition (offset -1 frames),0,U05,Unrelated,turn the stove knob clockwise,Plausible rotational manipulation unrelated to packing.,20260810,20300937,4,7140127,sha256:f31e9fd3103091da,mps:0,-0.14196428656578064,0.0,-0.0,0.0,0.0,-0.02142857201397419,1.0,0.08134829998016357,0.06824120134115219,0.20791983604431152,-0.036171965301036835,0.09449964761734009,0.008571687154471874,-1.0098129510879517,558.2300841342658
4,127,1171,244,243,0.522633744855967,nearest_gripper_transition,nearest available stored observation to an expert gripper-command transition (offset -1 frames),0,P10,Paraphrase,"into the basket, place both the cream cheese box and the butter",Fronted destination; retains both objects and the original goal.,20260810,20300937,5,7140127,sha256:f31e9fd3103091da,mps:0,-0.14196428656578064,0.0,-0.0,0.0,0.0,-0.02142857201397419,1.0,0.08708790689706802,0.13037802278995514,0.24872446060180664,-0.04441193863749504,0.04176584631204605,0.005070509389042854,-0.9898843765258789,564.2095829825848
4,127,1171,244,243,0.522633744855967,nearest_gripper_transition,nearest available stored observation to an expert gripper-command transition (offset -1 frames),0,U09,Unrelated,put the blue cup on the upper shelf,Different object-placement task in another part of the workspace.,20260810,20300937,6,7140127,sha256:f31e9fd3103091da,mps:0,-0.14196428656578064,0.0,-0.0,0.0,0.0,-0.02142857201397419,1.0,0.10559484362602234,0.08518590033054352,0.3616923391819,-0.04532164707779884,0.06210963428020477,-0.009451762773096561,-1.0042650699615479,554.9901248887181
4,127,1171,244,243,0.522633744855967,nearest_gripper_transition,nearest available stored observation to an expert gripper-command transition (offset -1 frames),0,U01,Unrelated,open the top drawer of the cabinet,Original Unrelated prompt retained as one variant for direct diagnosis.,20260810,20300937,7,7140127,sha256:f31e9fd3103091da,mps:0,-0.14196428656578064,0.0,-0.0,0.0,0.0,-0.02142857201397419,1.0,0.19298988580703735,0.005133375525474548,0.4460047781467438,-0.037787437438964844,0.09090665727853775,0.012330569326877594,-1.0014821290969849,567.1316250227392
4,127,1171,244,243,0.522633744855967,nearest_gripper_transition,nearest available stored observation to an expert gripper-command transition (offset -1 frames),0,U04,Unrelated,move the black bowl onto the serving plate,Different tabletop placement task using unrelated objects.,20260810,20300937,8,7140127,sha256:f31e9fd3103091da,mps:0,-0.14196428656578064,0.0,-0.0,0.0,0.0,-0.02142857201397419,1.0,0.16107812523841858,0.11529839038848877,0.3608974814414978,-0.033352144062519073,0.06250812113285065,-0.0037957346066832542,-0.998794436454773,535.1023750845343
4,127,1171,244,243,0.522633744855967,nearest_gripper_transition,nearest available stored observation to an expert gripper-command transition (offset -1 frames),0,C06,Contradictory,place both the cream cheese box and the butter next to the basket instead of inside it,Preserves both objects but changes the destination for both.,20260810,20300937,9,7140127,sha256:f31e9fd3103091da,mps:0,-0.14196428656578064,0.0,-0.0,0.0,0.0,-0.02142857201397419,1.0,0.08429496735334396,0.05934278666973114,0.24361065030097961,-0.034218963235616684,0.03850419446825981,0.005283791571855545,-0.9971376061439514,555.8657909277827
4,127,1171,244,243,0.522633744855967,nearest_gripper_transition,nearest available stored observation to an expert gripper-command transition (offset -1 frames),0,C10,Contradictory,"move the cream cheese box into the basket, then take the butter out of the basket",Sequential inclusion/exclusion contradiction with distinct object roles.,20260810,20300937,10,7140127,sha256:f31e9fd3103091da,mps:0,-0.14196428656578064,0.0,-0.0,0.0,0.0,-0.02142857201397419,1.0,0.06856449693441391,0.07415458559989929,0.20199862122535706,-0.027169007807970047,0.030874785035848618,-0.0021538862492889166,-1.0039193630218506,523.8140420988202
4,127,1171,244,243,0.522633744855967,nearest_gripper_transition,nearest available stored observation to an expert gripper-command transition (offset -1 frames),0,U02,Unrelated,close the microwave door,Plausible appliance manipulation unrelated to the packing goal.,20260810,20300937,11,7140127,sha256:f31e9fd3103091da,mps:0,-0.14196428656578064,0.0,-0.0,0.0,0.0,-0.02142857201397419,1.0,0.06617254763841629,0.08478563278913498,0.27040964365005493,-0.04906782880425453,0.06618404388427734,0.005394229665398598,-1.0052266120910645,569.3181657698005
4,127,1171,244,243,0.522633744855967,nearest_gripper_transition,nearest available stored observation to an expert gripper-command transition (offset -1 frames),0,P01,Paraphrase,place both the cream cheese box and the butter in the basket,Lexical substitution; preserves both objects and destination.,20260810,20300937,12,7140127,sha256:f31e9fd3103091da,mps:0,-0.14196428656578064,0.0,-0.0,0.0,0.0,-0.02142857201397419,1.0,0.04266469180583954,0.12356352806091309,0.23773661255836487,-0.05053669214248657,0.039401307702064514,0.016580043360590935,-0.9921141862869263,560.10333285667
4,127,1171,244,243,0.522633744855967,nearest_gripper_transition,nearest available stored observation to an expert gripper-command transition (offset -1 frames),0,U03,Unrelated,pick up the red mug and place it on the saucer,Different object-transfer task with an unrelated destination.,20260810,20300937,13,7140127,sha256:f31e9fd3103091da,mps:0,-0.14196428656578064,0.0,-0.0,0.0,0.0,-0.02142857201397419,1.0,0.06708704680204391,0.10575404763221741,0.17327407002449036,-0.05207875370979309,0.03704771026968956,0.008657054044306278,-1.0091584920883179,560.0663339719176
4,127,1171,244,243,0.522633744855967,nearest_gripper_transition,nearest available stored observation to an expert gripper-command transition (offset -1 frames),0,P08,Paraphrase,ensure that both the butter and the cream cheese box are inside the basket,State-goal phrasing; both named objects must end inside the basket.,20260810,20300937,14,7140127,sha256:f31e9fd3103091da,mps:0,-0.14196428656578064,0.0,-0.0,0.0,0.0,-0.02142857201397419,1.0,0.06083139032125473,0.1292296051979065,0.24622589349746704,-0.04063252732157707,0.0399201400578022,0.011624356731772423,-0.9929943680763245,553.3834588713944
4,127,1171,244,243,0.522633744855967,nearest_gripper_transition,nearest available stored observation to an expert gripper-command transition (offset -1 frames),0,U07,Unrelated,lift the saucepan and set it on the front burner,Different two-step kitchen manipulation task.,20260810,20300937,15,7140127,sha256:f31e9fd3103091da,mps:0,-0.14196428656578064,0.0,-0.0,0.0,0.0,-0.02142857201397419,1.0,0.022794190794229507,0.0810793787240982,0.14368107914924622,-0.030351631343364716,0.023246463388204575,-0.007200619205832481,-1.0181573629379272,549.883957952261
4,127,1171,244,243,0.522633744855967,nearest_gripper_transition,nearest available stored observation to an expert gripper-command transition (offset -1 frames),0,U08,Unrelated,slide the cutting board toward the sink,Different planar manipulation with unrelated object and target.,20260810,20300937,16,7140127,sha256:f31e9fd3103091da,mps:0,-0.14196428656578064,0.0,-0.0,0.0,0.0,-0.02142857201397419,1.0,0.12681648135185242,0.03533751145005226,0.3745010495185852,-0.040856171399354935,0.05706217139959335,-0.004783226642757654,-0.9833823442459106,559.6240831073374
4,127,1171,244,243,0.522633744855967,nearest_gripper_transition,nearest available stored observation to an expert gripper-command transition (offset -1 frames),0,C03,Contradictory,place only the cream cheese box in the basket and move the butter beside the basket,Changes inclusion and gives the butter an adjacent destination.,20260810,20300937,17,7140127,sha256:f31e9fd3103091da,mps:0,-0.14196428656578064,0.0,-0.0,0.0,0.0,-0.02142857201397419,1.0,0.030013997107744217,0.0966038852930069,0.28981533646583557,-0.041273217648267746,0.033861901611089706,0.003963128663599491,-0.9925985932350159,549.5155001990497
4,127,1171,244,243,0.522633744855967,nearest_gripper_transition,nearest available stored observation to an expert gripper-command transition (offset -1 frames),0,P02,Paraphrase,put the butter and the cream cheese box together inside the basket,Reverses object order and uses inside/together; same goal.,20260810,20300937,18,7140127,sha256:f31e9fd3103091da,mps:0,-0.14196428656578064,0.0,-0.0,0.0,0.0,-0.02142857201397419,1.0,0.02786238119006157,0.08775527775287628,0.21112683415412903,-0.03446856886148453,0.026877999305725098,0.00805045384913683,-1.000968098640442,552.4822080042213
4,127,1171,244,243,0.522633744855967,nearest_gripper_transition,nearest available stored observation to an expert gripper-command transition (offset -1 frames),0,P04,Paraphrase,"transfer both items, the cream cheese box and the butter, to the basket",Appositive syntax; explicitly names both items and the basket.,20260810,20300937,19,7140127,sha256:f31e9fd3103091da,mps:0,-0.14196428656578064,0.0,-0.0,0.0,0.0,-0.02142857201397419,1.0,0.11912629008293152,0.14527694880962372,0.3647017776966095,-0.057195283472537994,0.050788622349500656,0.018149912357330322,-1.000327467918396,564.0667921397835
4,127,1171,244,243,0.522633744855967,nearest_gripper_transition,nearest available stored observation to an expert gripper-command transition (offset -1 frames),0,U10,Unrelated,take the spoon from the counter and place it in the utensil holder,Different pick-and-place task with unrelated objects and destination.,20260810,20300937,20,7140127,sha256:f31e9fd3103091da,mps:0,-0.14196428656578064,0.0,-0.0,0.0,0.0,-0.02142857201397419,1.0,0.09341023862361908,0.1167837604880333,0.2858409881591797,-0.042071204632520676,0.04280225560069084,-0.0025727853644639254,-1.00350821018219,567.3568330239505
4,127,1171,244,243,0.522633744855967,nearest_gripper_transition,nearest available stored observation to an expert gripper-command transition (offset -1 frames),0,P05,Paraphrase,set the cream cheese box as well as the butter inside the basket,As-well-as coordination; same two-object placement goal.,20260810,20300937,21,7140127,sha256:f31e9fd3103091da,mps:0,-0.14196428656578064,0.0,-0.0,0.0,0.0,-0.02142857201397419,1.0,0.029336929321289062,0.11404454708099365,0.2532782554626465,-0.048348892480134964,0.04136437177658081,0.002733500674366951,-0.9914733171463013,552.3001248948276
4,127,1171,244,243,0.522633744855967,nearest_gripper_transition,nearest available stored observation to an expert gripper-command transition (offset -1 frames),0,P07,Paraphrase,take the cream cheese box and the butter and place them in the basket,Two-verb construction with an explicit plural reference to both objects.,20260810,20300937,22,7140127,sha256:f31e9fd3103091da,mps:0,-0.14196428656578064,0.0,-0.0,0.0,0.0,-0.02142857201397419,1.0,0.0909973606467247,0.13690185546875,0.23569899797439575,-0.042284414172172546,0.030567791312932968,-7.20764510333538e-05,-1.000593662261963,529.5676670502871
4,127,1171,244,243,0.522633744855967,nearest_gripper_transition,nearest available stored observation to an expert gripper-command transition (offset -1 frames),0,C04,Contradictory,put only the butter in the basket and keep the cream cheese box where it is,Selects only the butter and preserves the cream-cheese position.,20260810,20300937,23,7140127,sha256:f31e9fd3103091da,mps:0,-0.14196428656578064,0.0,-0.0,0.0,0.0,-0.02142857201397419,1.0,0.11170419305562973,0.12796996533870697,0.2751353979110718,-0.04174578934907913,0.04622497037053108,8.799601346254349e-05,-0.994010329246521,562.6770001836121
4,127,1171,244,243,0.522633744855967,nearest_gripper_transition,nearest available stored observation to an expert gripper-command transition (offset -1 frames),0,C09,Contradictory,put the cream cheese box beside the basket and leave the butter on the table,Keeps both target objects outside at two stated locations.,20260810,20300937,24,7140127,sha256:f31e9fd3103091da,mps:0,-0.14196428656578064,0.0,-0.0,0.0,0.0,-0.02142857201397419,1.0,0.10023604333400726,0.09363869577646255,0.33610913157463074,-0.03560392186045647,0.033626165241003036,0.0040012383833527565,-0.991489827632904,550.8888331241906
4,127,1171,244,243,0.522633744855967,nearest_gripper_transition,nearest available stored observation to an expert gripper-command transition (offset -1 frames),0,U06,Unrelated,place the cereal box inside the kitchen cabinet,Different object and destination; not a modification of the basket task.,20260810,20300937,25,7140127,sha256:f31e9fd3103091da,mps:0,-0.14196428656578064,0.0,-0.0,0.0,0.0,-0.02142857201397419,1.0,0.043237775564193726,0.06267869472503662,0.28804919123649597,-0.0400380976498127,0.0551595576107502,0.007335910573601723,-0.996178925037384,550.6319999694824
4,127,1171,244,243,0.522633744855967,nearest_gripper_transition,nearest available stored observation to an expert gripper-command transition (offset -1 frames),0,P09,Paraphrase,the cream cheese box and the butter should both be put into the basket,Passive syntax; same object set and destination.,20260810,20300937,26,7140127,sha256:f31e9fd3103091da,mps:0,-0.14196428656578064,0.0,-0.0,0.0,0.0,-0.02142857201397419,1.0,0.09390833228826523,0.09279540181159973,0.3495602607727051,-0.03445614129304886,0.035275522619485855,0.007326206192374229,-0.984722912311554,553.5797090269625
4,127,1171,244,243,0.522633744855967,nearest_gripper_transition,nearest available stored observation to an expert gripper-command transition (offset -1 frames),0,P06,Paraphrase,pack the basket with both the cream cheese box and the butter,Destination-fronted packing wording; preserves complete goal.,20260810,20300937,27,7140127,sha256:f31e9fd3103091da,mps:0,-0.14196428656578064,0.0,-0.0,0.0,0.0,-0.02142857201397419,1.0,0.055792342871427536,0.13349801301956177,0.2775748670101166,-0.05563738942146301,0.043431032449007034,0.015217054635286331,-0.9888367056846619,554.3294169474393
4,127,1171,244,243,0.522633744855967,nearest_gripper_transition,nearest available stored observation to an expert gripper-command transition (offset -1 frames),0,C01,Contradictory,put the cream cheese box in the basket but leave the butter outside the basket,Original contradiction: excludes the butter from the destination.,20260810,20300937,28,7140127,sha256:f31e9fd3103091da,mps:0,-0.14196428656578064,0.0,-0.0,0.0,0.0,-0.02142857201397419,1.0,0.08595612645149231,0.116850346326828,0.36280158162117004,-0.04574817791581154,0.03912394121289253,-0.0021329824812710285,-0.9848315715789795,550.6072498392314
4,127,1171,244,243,0.522633744855967,nearest_gripper_transition,nearest available stored observation to an expert gripper-command transition (offset -1 frames),0,P03,Paraphrase,move the cream cheese box and the butter into the basket,Uses move/into while retaining both objects and destination.,20260810,20300937,29,7140127,sha256:f31e9fd3103091da,mps:0,-0.14196428656578064,0.0,-0.0,0.0,0.0,-0.02142857201397419,1.0,0.008279506117105484,0.09856358170509338,0.16671785712242126,-0.03686865046620369,0.024043291807174683,0.00981958955526352,-1.0111634731292725,598.6524161417037
4,127,1171,244,243,0.522633744855967,nearest_gripper_transition,nearest available stored observation to an expert gripper-command transition (offset -1 frames),0,C08,Contradictory,stack the butter on top of the cream cheese box outside the basket,Changes the goal from packing to stacking both objects outside.,20260810,20300937,30,7140127,sha256:f31e9fd3103091da,mps:0,-0.14196428656578064,0.0,-0.0,0.0,0.0,-0.02142857201397419,1.0,0.1502407193183899,0.10481550544500351,0.39534714818000793,-0.037782032042741776,0.061378784477710724,-0.0001621963456273079,-0.9832080602645874,559.1081657912582
4,127,1171,244,243,0.522633744855967,nearest_gripper_transition,nearest available stored observation to an expert gripper-command transition (offset -1 frames),0,C02,Contradictory,put the butter in the basket but leave the cream cheese box on the table,Reverses which target object is excluded.,20260810,20300937,31,7140127,sha256:f31e9fd3103091da,mps:0,-0.14196428656578064,0.0,-0.0,0.0,0.0,-0.02142857201397419,1.0,0.12075561285018921,0.09815706312656403,0.3719269335269928,-0.04401054605841637,0.04696737974882126,0.007326170802116394,-0.986930251121521,567.0937499962747
4,224,1268,244,243,0.9218106995884774,coverage_anchor,coverage anchor nearest predetermined normalized progress target 0.90,0,CORRECT,Correct,put both the cream cheese box and the butter in the basket,Exact canonical dataset task; the single baseline for every observation.,20260810,20301034,1,7140224,sha256:eaa03c93770d6c95,mps:0,-0.09107142686843872,0.1473214328289032,-0.28928571939468384,0.08464285731315613,0.16500000655651093,-0.0,1.0,0.010760534554719925,-0.04136887192726135,0.061521731317043304,0.0009223406668752432,0.01200009137392044,-0.029293742030858994,-0.9910922646522522,579.1390840895474
4,224,1268,244,243,0.9218106995884774,coverage_anchor,coverage anchor nearest predetermined normalized progress target 0.90,0,P03,Paraphrase,move the cream cheese box and the butter into the basket,Uses move/into while retaining both objects and destination.,20260810,20301034,2,7140224,sha256:eaa03c93770d6c95,mps:0,-0.09107142686843872,0.1473214328289032,-0.28928571939468384,0.08464285731315613,0.16500000655651093,-0.0,1.0,-0.019412271678447723,-0.04917861521244049,0.046325258910655975,0.00016652941121719778,0.007124662399291992,-0.02558397874236107,-1.005355715751648,567.7761668339372
4,224,1268,244,243,0.9218106995884774,coverage_anchor,coverage anchor nearest predetermined normalized progress target 0.90,0,C01,Contradictory,put the cream cheese box in the basket but leave the butter outside the basket,Original contradiction: excludes the butter from the destination.,20260810,20301034,3,7140224,sha256:eaa03c93770d6c95,mps:0,-0.09107142686843872,0.1473214328289032,-0.28928571939468384,0.08464285731315613,0.16500000655651093,-0.0,1.0,0.019591402262449265,-0.040198713541030884,0.1056373342871666,0.0004506796831265092,0.012222439981997013,-0.04343125969171524,-0.9890992045402527,557.8589169308543
4,224,1268,244,243,0.9218106995884774,coverage_anchor,coverage anchor nearest predetermined normalized progress target 0.90,0,C07,Contradictory,put the cream cheese box in the basket and move the butter to the far side of the table,Keeps one original placement and gives the butter a distant destination.,20260810,20301034,4,7140224,sha256:eaa03c93770d6c95,mps:0,-0.09107142686843872,0.1473214328289032,-0.28928571939468384,0.08464285731315613,0.16500000655651093,-0.0,1.0,0.020550936460494995,-0.058460503816604614,0.03676255792379379,0.0006521887262351811,0.013955147005617619,-0.04166446626186371,-1.0004196166992188,571.7248341534287
4,224,1268,244,243,0.9218106995884774,coverage_anchor,coverage anchor nearest predetermined normalized progress target 0.90,0,P06,Paraphrase,pack the basket with both the cream cheese box and the butter,Destination-fronted packing wording; preserves complete goal.,20260810,20301034,5,7140224,sha256:eaa03c93770d6c95,mps:0,-0.09107142686843872,0.1473214328289032,-0.28928571939468384,0.08464285731315613,0.16500000655651093,-0.0,1.0,0.012661755084991455,-0.01773875206708908,0.08402571827173233,-0.002010116120800376,0.015036209486424923,-0.022893333807587624,-0.9933356642723083,545.3539579175413
4,224,1268,244,243,0.9218106995884774,coverage_anchor,coverage anchor nearest predetermined normalized progress target 0.90,0,C10,Contradictory,"move the cream cheese box into the basket, then take the butter out of the basket",Sequential inclusion/exclusion contradiction with distinct object roles.,20260810,20301034,6,7140224,sha256:eaa03c93770d6c95,mps:0,-0.09107142686843872,0.1473214328289032,-0.28928571939468384,0.08464285731315613,0.16500000655651093,-0.0,1.0,0.006159178912639618,-0.056625887751579285,0.017677627503871918,0.00012492493260651827,0.009446083568036556,-0.03983592987060547,-1.0002142190933228,574.9050839804113
4,224,1268,244,243,0.9218106995884774,coverage_anchor,coverage anchor nearest predetermined normalized progress target 0.90,0,C04,Contradictory,put only the butter in the basket and keep the cream cheese box where it is,Selects only the butter and preserves the cream-cheese position.,20260810,20301034,7,7140224,sha256:eaa03c93770d6c95,mps:0,-0.09107142686843872,0.1473214328289032,-0.28928571939468384,0.08464285731315613,0.16500000655651093,-0.0,1.0,0.03917407989501953,-0.028267711400985718,0.05684737116098404,0.0011832993477582932,0.017187416553497314,-0.03937032073736191,-0.9987801909446716,570.6238751299679
4,224,1268,244,243,0.9218106995884774,coverage_anchor,coverage anchor nearest predetermined normalized progress target 0.90,0,U03,Unrelated,pick up the red mug and place it on the saucer,Different object-transfer task with an unrelated destination.,20260810,20301034,8,7140224,sha256:eaa03c93770d6c95,mps:0,-0.09107142686843872,0.1473214328289032,-0.28928571939468384,0.08464285731315613,0.16500000655651093,-0.0,1.0,0.014771368354558945,-0.029682710766792297,0.01381172239780426,0.0004531862505245954,0.0058817132376134396,-0.02280513383448124,-1.0064715147018433,551.2292499188334
4,224,1268,244,243,0.9218106995884774,coverage_anchor,coverage anchor nearest predetermined normalized progress target 0.90,0,P10,Paraphrase,"into the basket, place both the cream cheese box and the butter",Fronted destination; retains both objects and the original goal.,20260810,20301034,9,7140224,sha256:eaa03c93770d6c95,mps:0,-0.09107142686843872,0.1473214328289032,-0.28928571939468384,0.08464285731315613,0.16500000655651093,-0.0,1.0,0.021603573113679886,-0.021903522312641144,0.03675415366888046,0.0006386653985828161,0.011385392397642136,-0.028085608035326004,-0.9943491220474243,528.1709169503301
4,224,1268,244,243,0.9218106995884774,coverage_anchor,coverage anchor nearest predetermined normalized progress target 0.90,0,U02,Unrelated,close the microwave door,Plausible appliance manipulation unrelated to the packing goal.,20260810,20301034,10,7140224,sha256:eaa03c93770d6c95,mps:0,-0.09107142686843872,0.1473214328289032,-0.28928571939468384,0.08464285731315613,0.16500000655651093,-0.0,1.0,0.0039448849856853485,-0.03470384329557419,0.040019191801548004,0.00018757913494482636,0.008633121848106384,-0.030963284894824028,-1.0011485815048218,559.5175831113011
4,224,1268,244,243,0.9218106995884774,coverage_anchor,coverage anchor nearest predetermined normalized progress target 0.90,0,U01,Unrelated,open the top drawer of the cabinet,Original Unrelated prompt retained as one variant for direct diagnosis.,20260810,20301034,11,7140224,sha256:eaa03c93770d6c95,mps:0,-0.09107142686843872,0.1473214328289032,-0.28928571939468384,0.08464285731315613,0.16500000655651093,-0.0,1.0,0.016544513404369354,-0.06308642029762268,0.06532024592161179,-3.172032302245498e-05,0.02141386643052101,-0.030687138438224792,-0.9953822493553162,566.6908749844879
4,224,1268,244,243,0.9218106995884774,coverage_anchor,coverage anchor nearest predetermined normalized progress target 0.90,0,P01,Paraphrase,place both the cream cheese box and the butter in the basket,Lexical substitution; preserves both objects and destination.,20260810,20301034,12,7140224,sha256:eaa03c93770d6c95,mps:0,-0.09107142686843872,0.1473214328289032,-0.28928571939468384,0.08464285731315613,0.16500000655651093,-0.0,1.0,0.004759371280670166,-0.03965979814529419,0.05889425426721573,0.0010746298357844353,0.013053328730165958,-0.02692519873380661,-0.9931161999702454,555.4654998704791
4,224,1268,244,243,0.9218106995884774,coverage_anchor,coverage anchor nearest predetermined normalized progress target 0.90,0,U07,Unrelated,lift the saucepan and set it on the front burner,Different two-step kitchen manipulation task.,20260810,20301034,13,7140224,sha256:eaa03c93770d6c95,mps:0,-0.09107142686843872,0.1473214328289032,-0.28928571939468384,0.08464285731315613,0.16500000655651093,-0.0,1.0,-0.0060485973954200745,-0.05840805172920227,0.02805051952600479,3.156508319079876e-05,0.0048253764398396015,-0.04590067267417908,-0.9995460510253906,576.3409580104053
4,224,1268,244,243,0.9218106995884774,coverage_anchor,coverage anchor nearest predetermined normalized progress target 0.90,0,C02,Contradictory,put the butter in the basket but leave the cream cheese box on the table,Reverses which target object is excluded.,20260810,20301034,14,7140224,sha256:eaa03c93770d6c95,mps:0,-0.09107142686843872,0.1473214328289032,-0.28928571939468384,0.08464285731315613,0.16500000655651093,-0.0,1.0,0.0487184040248394,-0.03008587658405304,0.11864728480577469,0.00021602370543405414,0.014783083461225033,-0.02999587170779705,-0.9903064370155334,568.4189579915255
4,224,1268,244,243,0.9218106995884774,coverage_anchor,coverage anchor nearest predetermined normalized progress target 0.90,0,U10,Unrelated,take the spoon from the counter and place it in the utensil holder,Different pick-and-place task with unrelated objects and destination.,20260810,20301034,15,7140224,sha256:eaa03c93770d6c95,mps:0,-0.09107142686843872,0.1473214328289032,-0.28928571939468384,0.08464285731315613,0.16500000655651093,-0.0,1.0,0.016771137714385986,-0.02714703232049942,0.05627880245447159,-0.0002603966277092695,0.007489948999136686,-0.03180540353059769,-1.0023218393325806,560.90799998492
4,224,1268,244,243,0.9218106995884774,coverage_anchor,coverage anchor nearest predetermined normalized progress target 0.90,0,C08,Contradictory,stack the butter on top of the cream cheese box outside the basket,Changes the goal from packing to stacking both objects outside.,20260810,20301034,16,7140224,sha256:eaa03c93770d6c95,mps:0,-0.09107142686843872,0.1473214328289032,-0.28928571939468384,0.08464285731315613,0.16500000655651093,-0.0,1.0,0.03647005558013916,-0.028324522078037262,0.10610071569681168,0.0002636520948726684,0.019867923110723495,-0.03654502332210541,-0.9896315336227417,555.772207910195
4,224,1268,244,243,0.9218106995884774,coverage_anchor,coverage anchor nearest predetermined normalized progress target 0.90,0,U05,Unrelated,turn the stove knob clockwise,Plausible rotational manipulation unrelated to packing.,20260810,20301034,17,7140224,sha256:eaa03c93770d6c95,mps:0,-0.09107142686843872,0.1473214328289032,-0.28928571939468384,0.08464285731315613,0.16500000655651093,-0.0,1.0,-0.0177219957113266,-0.03551195561885834,-0.018550582230091095,0.00020282133482396603,0.00960110779851675,-0.023954929783940315,-0.9934855699539185,582.5155831407756
4,224,1268,244,243,0.9218106995884774,coverage_anchor,coverage anchor nearest predetermined normalized progress target 0.90,0,P04,Paraphrase,"transfer both items, the cream cheese box and the butter, to the basket",Appositive syntax; explicitly names both items and the basket.,20260810,20301034,18,7140224,sha256:eaa03c93770d6c95,mps:0,-0.09107142686843872,0.1473214328289032,-0.28928571939468384,0.08464285731315613,0.16500000655651093,-0.0,1.0,0.024697735905647278,-0.013098940253257751,0.07863622158765793,0.000692809815518558,0.016111571341753006,-0.019448529928922653,-1.0009074211120605,558.503707870841
4,224,1268,244,243,0.9218106995884774,coverage_anchor,coverage anchor nearest predetermined normalized progress target 0.90,0,P09,Paraphrase,the cream cheese box and the butter should both be put into the basket,Passive syntax; same object set and destination.,20260810,20301034,19,7140224,sha256:eaa03c93770d6c95,mps:0,-0.09107142686843872,0.1473214328289032,-0.28928571939468384,0.08464285731315613,0.16500000655651093,-0.0,1.0,0.0194232314825058,-0.03766005486249924,0.09564686566591263,-1.5461118891835213e-06,0.007421345915645361,-0.026370614767074585,-0.9970008134841919,557.95833398588
4,224,1268,244,243,0.9218106995884774,coverage_anchor,coverage anchor nearest predetermined normalized progress target 0.90,0,C06,Contradictory,place both the cream cheese box and the butter next to the basket instead of inside it,Preserves both objects but changes the destination for both.,20260810,20301034,20,7140224,sha256:eaa03c93770d6c95,mps:0,-0.09107142686843872,0.1473214328289032,-0.28928571939468384,0.08464285731315613,0.16500000655651093,-0.0,1.0,0.0159832164645195,-0.07122550904750824,0.011656396090984344,0.0009056591661646962,0.011732833459973335,-0.034438036382198334,-0.9926121234893799,567.7653329912573
4,224,1268,244,243,0.9218106995884774,coverage_anchor,coverage anchor nearest predetermined normalized progress target 0.90,0,P05,Paraphrase,set the cream cheese box as well as the butter inside the basket,As-well-as coordination; same two-object placement goal.,20260810,20301034,21,7140224,sha256:eaa03c93770d6c95,mps:0,-0.09107142686843872,0.1473214328289032,-0.28928571939468384,0.08464285731315613,0.16500000655651093,-0.0,1.0,-0.0158175528049469,-0.028666764497756958,0.054213009774684906,0.0002989502972923219,0.009562982246279716,-0.03757328540086746,-0.993938684463501,572.1768750809133
4,224,1268,244,243,0.9218106995884774,coverage_anchor,coverage anchor nearest predetermined normalized progress target 0.90,0,U09,Unrelated,put the blue cup on the upper shelf,Different object-placement task in another part of the workspace.,20260810,20301034,22,7140224,sha256:eaa03c93770d6c95,mps:0,-0.09107142686843872,0.1473214328289032,-0.28928571939468384,0.08464285731315613,0.16500000655651093,-0.0,1.0,0.009050633758306503,-0.031087152659893036,0.10671211034059525,0.0001904439413920045,0.01246674731373787,-0.04203490912914276,-0.993520975112915,587.2364579699934
4,224,1268,244,243,0.9218106995884774,coverage_anchor,coverage anchor nearest predetermined normalized progress target 0.90,0,C09,Contradictory,put the cream cheese box beside the basket and leave the butter on the table,Keeps both target objects outside at two stated locations.,20260810,20301034,23,7140224,sha256:eaa03c93770d6c95,mps:0,-0.09107142686843872,0.1473214328289032,-0.28928571939468384,0.08464285731315613,0.16500000655651093,-0.0,1.0,0.03239242732524872,-0.05164133012294769,0.12468069046735764,-5.2055169362574816e-05,0.008773085661232471,-0.033141110092401505,-0.9924667477607727,582.9591669607908
4,224,1268,244,243,0.9218106995884774,coverage_anchor,coverage anchor nearest predetermined normalized progress target 0.90,0,C05,Contradictory,place the cream cheese box on the table and put only the butter in the basket,Assigns different destinations and excludes one object from the basket.,20260810,20301034,24,7140224,sha256:eaa03c93770d6c95,mps:0,-0.09107142686843872,0.1473214328289032,-0.28928571939468384,0.08464285731315613,0.16500000655651093,-0.0,1.0,0.004276987165212631,-0.03503512591123581,0.07698187977075577,0.0003065652563236654,0.007892479188740253,-0.03579648956656456,-0.994609534740448,553.3485829364508
4,224,1268,244,243,0.9218106995884774,coverage_anchor,coverage anchor nearest predetermined normalized progress target 0.90,0,C03,Contradictory,place only the cream cheese box in the basket and move the butter beside the basket,Changes inclusion and gives the butter an adjacent destination.,20260810,20301034,25,7140224,sha256:eaa03c93770d6c95,mps:0,-0.09107142686843872,0.1473214328289032,-0.28928571939468384,0.08464285731315613,0.16500000655651093,-0.0,1.0,-0.00638657808303833,-0.0512283593416214,0.07889028638601303,0.0005472157499752939,0.008689831010997295,-0.03664439171552658,-0.9944769144058228,496.5177080594003
4,224,1268,244,243,0.9218106995884774,coverage_anchor,coverage anchor nearest predetermined normalized progress target 0.90,0,U04,Unrelated,move the black bowl onto the serving plate,Different tabletop placement task using unrelated objects.,20260810,20301034,26,7140224,sha256:eaa03c93770d6c95,mps:0,-0.09107142686843872,0.1473214328289032,-0.28928571939468384,0.08464285731315613,0.16500000655651093,-0.0,1.0,0.012075841426849365,-0.02079363912343979,0.057189054787158966,0.0004989541484974325,0.00717697711661458,-0.03560953214764595,-1.002843976020813,522.206291090697
4,224,1268,244,243,0.9218106995884774,coverage_anchor,coverage anchor nearest predetermined normalized progress target 0.90,0,P08,Paraphrase,ensure that both the butter and the cream cheese box are inside the basket,State-goal phrasing; both named objects must end inside the basket.,20260810,20301034,27,7140224,sha256:eaa03c93770d6c95,mps:0,-0.09107142686843872,0.1473214328289032,-0.28928571939468384,0.08464285731315613,0.16500000655651093,-0.0,1.0,0.011503983289003372,-0.018275387585163116,0.04334253817796707,0.00031758329714648426,0.006403563544154167,-0.0220536720007658,-0.9947346448898315,599.0614169277251
4,224,1268,244,243,0.9218106995884774,coverage_anchor,coverage anchor nearest predetermined normalized progress target 0.90,0,P02,Paraphrase,put the butter and the cream cheese box together inside the basket,Reverses object order and uses inside/together; same goal.,20260810,20301034,28,7140224,sha256:eaa03c93770d6c95,mps:0,-0.09107142686843872,0.1473214328289032,-0.28928571939468384,0.08464285731315613,0.16500000655651093,-0.0,1.0,-0.015287689864635468,-0.052301958203315735,0.04713309556245804,0.0008294123108498752,0.005190957337617874,-0.02404033951461315,-1.0000596046447754,569.5296670310199
4,224,1268,244,243,0.9218106995884774,coverage_anchor,coverage anchor nearest predetermined normalized progress target 0.90,0,U08,Unrelated,slide the cutting board toward the sink,Different planar manipulation with unrelated object and target.,20260810,20301034,29,7140224,sha256:eaa03c93770d6c95,mps:0,-0.09107142686843872,0.1473214328289032,-0.28928571939468384,0.08464285731315613,0.16500000655651093,-0.0,1.0,0.014681968837976456,-0.056034475564956665,0.10438660532236099,0.0004619976389221847,0.011643576435744762,-0.035937704145908356,-0.9858999848365784,542.643666965887
4,224,1268,244,243,0.9218106995884774,coverage_anchor,coverage anchor nearest predetermined normalized progress target 0.90,0,P07,Paraphrase,take the cream cheese box and the butter and place them in the basket,Two-verb construction with an explicit plural reference to both objects.,20260810,20301034,30,7140224,sha256:eaa03c93770d6c95,mps:0,-0.09107142686843872,0.1473214328289032,-0.28928571939468384,0.08464285731315613,0.16500000655651093,-0.0,1.0,0.015022601932287216,-0.04385976493358612,0.03899691253900528,-0.00012815120862796903,0.009955533780157566,-0.03634103015065193,-1.000723123550415,564.478333806619
4,224,1268,244,243,0.9218106995884774,coverage_anchor,coverage anchor nearest predetermined normalized progress target 0.90,0,U06,Unrelated,place the cereal box inside the kitchen cabinet,Different object and destination; not a modification of the basket task.,20260810,20301034,31,7140224,sha256:eaa03c93770d6c95,mps:0,-0.09107142686843872,0.1473214328289032,-0.28928571939468384,0.08464285731315613,0.16500000655651093,-0.0,1.0,-0.03221471607685089,-0.04771459102630615,0.050543226301670074,0.0009389746701344848,0.00469054002314806,-0.030917445197701454,-0.9977547526359558,522.3823338747025
5,27,1315,279,278,0.0971223021582733,coverage_anchor,coverage anchor nearest predetermined normalized progress target 0.10,0,U07,Unrelated,lift the saucepan and set it on the front burner,Different two-step kitchen manipulation task.,20260810,20310837,1,7150027,sha256:de900d29d04e17a4,mps:0,0.4258928596973419,-0.4526785612106323,-0.5035714507102966,0.0,-0.023571427911520004,-0.15857142210006714,-1.0,-0.130803644657135,-0.24218595027923584,-0.6645129323005676,0.00014781297068111598,-0.09415950626134872,-0.09855426847934723,-1.0059680938720703,532.5078330934048
5,27,1315,279,278,0.0971223021582733,coverage_anchor,coverage anchor nearest predetermined normalized progress target 0.10,0,C02,Contradictory,put the butter in the basket but leave the cream cheese box on the table,Reverses which target object is excluded.,20260810,20310837,2,7150027,sha256:de900d29d04e17a4,mps:0,0.4258928596973419,-0.4526785612106323,-0.5035714507102966,0.0,-0.023571427911520004,-0.15857142210006714,-1.0,0.22189220786094666,-0.12236297130584717,-0.5515180826187134,0.005628060549497604,-0.06274965405464172,-0.12384315580129623,-1.0130456686019897,522.9909170884639
5,27,1315,279,278,0.0971223021582733,coverage_anchor,coverage anchor nearest predetermined normalized progress target 0.10,0,P05,Paraphrase,set the cream cheese box as well as the butter inside the basket,As-well-as coordination; same two-object placement goal.,20260810,20310837,3,7150027,sha256:de900d29d04e17a4,mps:0,0.4258928596973419,-0.4526785612106323,-0.5035714507102966,0.0,-0.023571427911520004,-0.15857142210006714,-1.0,0.41972023248672485,-0.2784560024738312,-0.4619150459766388,0.006746422965079546,-0.03288734331727028,-0.12658365070819855,-1.016674280166626,532.9337911680341
5,27,1315,279,278,0.0971223021582733,coverage_anchor,coverage anchor nearest predetermined normalized progress target 0.10,0,C01,Contradictory,put the cream cheese box in the basket but leave the butter outside the basket,Original contradiction: excludes the butter from the destination.,20260810,20310837,4,7150027,sha256:de900d29d04e17a4,mps:0,0.4258928596973419,-0.4526785612106323,-0.5035714507102966,0.0,-0.023571427911520004,-0.15857142210006714,-1.0,0.18144284188747406,-0.22915586829185486,-0.5510639548301697,0.009142959490418434,-0.06011214479804039,-0.10218532383441925,-1.0146949291229248,511.128667043522
5,27,1315,279,278,0.0971223021582733,coverage_anchor,coverage anchor nearest predetermined normalized progress target 0.10,0,C04,Contradictory,put only the butter in the basket and keep the cream cheese box where it is,Selects only the butter and preserves the cream-cheese position.,20260810,20310837,5,7150027,sha256:de900d29d04e17a4,mps:0,0.4258928596973419,-0.4526785612106323,-0.5035714507102966,0.0,-0.023571427911520004,-0.15857142210006714,-1.0,0.09065836668014526,-0.18101072311401367,-0.5821211934089661,0.01672406680881977,-0.06341427564620972,-0.13446833193302155,-1.0166689157485962,538.6484588962048
5,27,1315,279,278,0.0971223021582733,coverage_anchor,coverage anchor nearest predetermined normalized progress target 0.10,0,CORRECT,Correct,put both the cream cheese box and the butter in the basket,Exact canonical dataset task; the single baseline for every observation.,20260810,20310837,6,7150027,sha256:de900d29d04e17a4,mps:0,0.4258928596973419,-0.4526785612106323,-0.5035714507102966,0.0,-0.023571427911520004,-0.15857142210006714,-1.0,0.5188817977905273,-0.4286186695098877,-0.38103148341178894,0.01004355400800705,-0.01908814162015915,-0.10933353006839752,-1.0211987495422363,538.1337080616504
5,27,1315,279,278,0.0971223021582733,coverage_anchor,coverage anchor nearest predetermined normalized progress target 0.10,0,C05,Contradictory,place the cream cheese box on the table and put only the butter in the basket,Assigns different destinations and excludes one object from the basket.,20260810,20310837,7,7150027,sha256:de900d29d04e17a4,mps:0,0.4258928596973419,-0.4526785612106323,-0.5035714507102966,0.0,-0.023571427911520004,-0.15857142210006714,-1.0,0.2687366306781769,-0.20010867714881897,-0.5212201476097107,0.01020837388932705,-0.03948138654232025,-0.09950149059295654,-1.0213836431503296,520.883500110358
5,27,1315,279,278,0.0971223021582733,coverage_anchor,coverage anchor nearest predetermined normalized progress target 0.10,0,P09,Paraphrase,the cream cheese box and the butter should both be put into the basket,Passive syntax; same object set and destination.,20260810,20310837,8,7150027,sha256:de900d29d04e17a4,mps:0,0.4258928596973419,-0.4526785612106323,-0.5035714507102966,0.0,-0.023571427911520004,-0.15857142210006714,-1.0,0.3145521879196167,-0.206731915473938,-0.4275360405445099,0.005833467934280634,-0.032666243612766266,-0.085817351937294,-1.0220489501953125,535.902583040297
5,27,1315,279,278,0.0971223021582733,coverage_anchor,coverage anchor nearest predetermined normalized progress target 0.10,0,U03,Unrelated,pick up the red mug and place it on the saucer,Different object-transfer task with an unrelated destination.,20260810,20310837,9,7150027,sha256:de900d29d04e17a4,mps:0,0.4258928596973419,-0.4526785612106323,-0.5035714507102966,0.0,-0.023571427911520004,-0.15857142210006714,-1.0,-0.05533582717180252,-0.20873457193374634,-0.5912041068077087,0.007653693202883005,-0.03265415132045746,-0.06931392848491669,-1.0010758638381958,551.2282920535654
5,27,1315,279,278,0.0971223021582733,coverage_anchor,coverage anchor nearest predetermined normalized progress target 0.10,0,P06,Paraphrase,pack the basket with both the cream cheese box and the butter,Destination-fronted packing wording; preserves complete goal.,20260810,20310837,10,7150027,sha256:de900d29d04e17a4,mps:0,0.4258928596973419,-0.4526785612106323,-0.5035714507102966,0.0,-0.023571427911520004,-0.15857142210006714,-1.0,0.3282068967819214,-0.22892451286315918,-0.4935529828071594,0.00439194031059742,-0.042648956179618835,-0.16572077572345734,-1.012548804283142,535.0374169647694
5,27,1315,279,278,0.0971223021582733,coverage_anchor,coverage anchor nearest predetermined normalized progress target 0.10,0,P02,Paraphrase,put the butter and the cream cheese box together inside the basket,Reverses object order and uses inside/together; same goal.,20260810,20310837,11,7150027,sha256:de900d29d04e17a4,mps:0,0.4258928596973419,-0.4526785612106323,-0.5035714507102966,0.0,-0.023571427911520004,-0.15857142210006714,-1.0,0.26840707659721375,-0.2930940091609955,-0.5427508354187012,0.014802531339228153,-0.06343496590852737,-0.13590963184833527,-1.0172420740127563,530.8083749841899
5,27,1315,279,278,0.0971223021582733,coverage_anchor,coverage anchor nearest predetermined normalized progress target 0.10,0,U04,Unrelated,move the black bowl onto the serving plate,Different tabletop placement task using unrelated objects.,20260810,20310837,12,7150027,sha256:de900d29d04e17a4,mps:0,0.4258928596973419,-0.4526785612106323,-0.5035714507102966,0.0,-0.023571427911520004,-0.15857142210006714,-1.0,0.028773069381713867,-0.03488527983427048,-0.6898452043533325,0.006321418099105358,-0.030774008482694626,-0.06861119717359543,-1.0178240537643433,563.1522920448333
5,27,1315,279,278,0.0971223021582733,coverage_anchor,coverage anchor nearest predetermined normalized progress target 0.10,0,U09,Unrelated,put the blue cup on the upper shelf,Different object-placement task in another part of the workspace.,20260810,20310837,13,7150027,sha256:de900d29d04e17a4,mps:0,0.4258928596973419,-0.4526785612106323,-0.5035714507102966,0.0,-0.023571427911520004,-0.15857142210006714,-1.0,-0.062464334070682526,-0.29347825050354004,-0.518463671207428,0.004511788487434387,-0.01602388545870781,-0.07311760634183884,-1.0043981075286865,499.7869161888957
5,27,1315,279,278,0.0971223021582733,coverage_anchor,coverage anchor nearest predetermined normalized progress target 0.10,0,U01,Unrelated,open the top drawer of the cabinet,Original Unrelated prompt retained as one variant for direct diagnosis.,20260810,20310837,14,7150027,sha256:de900d29d04e17a4,mps:0,0.4258928596973419,-0.4526785612106323,-0.5035714507102966,0.0,-0.023571427911520004,-0.15857142210006714,-1.0,0.08038735389709473,-0.3948461413383484,-0.5291811227798462,0.00018749263836070895,-0.017654020339250565,-0.01592119224369526,-1.0040019750595093,545.6590419635177
5,27,1315,279,278,0.0971223021582733,coverage_anchor,coverage anchor nearest predetermined normalized progress target 0.10,0,C06,Contradictory,place both the cream cheese box and the butter next to the basket instead of inside it,Preserves both objects but changes the destination for both.,20260810,20310837,15,7150027,sha256:de900d29d04e17a4,mps:0,0.4258928596973419,-0.4526785612106323,-0.5035714507102966,0.0,-0.023571427911520004,-0.15857142210006714,-1.0,0.4861094355583191,-0.2307732105255127,-0.44104647636413574,0.006196002941578627,-0.02608250081539154,-0.10401454567909241,-1.0217583179473877,542.8644169587642
5,27,1315,279,278,0.0971223021582733,coverage_anchor,coverage anchor nearest predetermined normalized progress target 0.10,0,U05,Unrelated,turn the stove knob clockwise,Plausible rotational manipulation unrelated to packing.,20260810,20310837,16,7150027,sha256:de900d29d04e17a4,mps:0,0.4258928596973419,-0.4526785612106323,-0.5035714507102966,0.0,-0.023571427911520004,-0.15857142210006714,-1.0,-0.13225358724594116,-0.37890368700027466,-0.5476452112197876,0.023074444383382797,-0.037029609084129333,0.00048524094745516777,-1.008828043937683,550.8772500324994
5,27,1315,279,278,0.0971223021582733,coverage_anchor,coverage anchor nearest predetermined normalized progress target 0.10,0,P07,Paraphrase,take the cream cheese box and the butter and place them in the basket,Two-verb construction with an explicit plural reference to both objects.,20260810,20310837,17,7150027,sha256:de900d29d04e17a4,mps:0,0.4258928596973419,-0.4526785612106323,-0.5035714507102966,0.0,-0.023571427911520004,-0.15857142210006714,-1.0,0.09997743368148804,-0.17361849546432495,-0.6602901816368103,0.006478323135524988,-0.06487327814102173,-0.076424241065979,-1.0216474533081055,530.8237499557436
5,27,1315,279,278,0.0971223021582733,coverage_anchor,coverage anchor nearest predetermined normalized progress target 0.10,0,C03,Contradictory,place only the cream cheese box in the basket and move the butter beside the basket,Changes inclusion and gives the butter an adjacent destination.,20260810,20310837,18,7150027,sha256:de900d29d04e17a4,mps:0,0.4258928596973419,-0.4526785612106323,-0.5035714507102966,0.0,-0.023571427911520004,-0.15857142210006714,-1.0,0.3055369555950165,-0.3212445378303528,-0.5010137557983398,0.008758732117712498,-0.06595548242330551,-0.13070563971996307,-1.0175262689590454,518.0236250162125
5,27,1315,279,278,0.0971223021582733,coverage_anchor,coverage anchor nearest predetermined normalized progress target 0.10,0,P10,Paraphrase,"into the basket, place both the cream cheese box and the butter",Fronted destination; retains both objects and the original goal.,20260810,20310837,19,7150027,sha256:de900d29d04e17a4,mps:0,0.4258928596973419,-0.4526785612106323,-0.5035714507102966,0.0,-0.023571427911520004,-0.15857142210006714,-1.0,0.3323172628879547,-0.2675178349018097,-0.5295737981796265,0.020878756418824196,-0.0403742715716362,-0.14009693264961243,-1.0128542184829712,539.2908330541104
5,27,1315,279,278,0.0971223021582733,coverage_anchor,coverage anchor nearest predetermined normalized progress target 0.10,0,C07,Contradictory,put the cream cheese box in the basket and move the butter to the far side of the table,Keeps one original placement and gives the butter a distant destination.,20260810,20310837,20,7150027,sha256:de900d29d04e17a4,mps:0,0.4258928596973419,-0.4526785612106323,-0.5035714507102966,0.0,-0.023571427911520004,-0.15857142210006714,-1.0,0.22150400280952454,-0.18185588717460632,-0.5609469413757324,0.009808415547013283,-0.07049114257097244,-0.1214517131447792,-1.0172966718673706,511.6677079349756
5,27,1315,279,278,0.0971223021582733,coverage_anchor,coverage anchor nearest predetermined normalized progress target 0.10,0,U08,Unrelated,slide the cutting board toward the sink,Different planar manipulation with unrelated object and target.,20260810,20310837,21,7150027,sha256:de900d29d04e17a4,mps:0,0.4258928596973419,-0.4526785612106323,-0.5035714507102966,0.0,-0.023571427911520004,-0.15857142210006714,-1.0,0.0004291422665119171,-0.15121126174926758,-0.5998782515525818,0.004497983492910862,-0.04615389183163643,-0.031223300844430923,-0.9988812804222107,517.4028750043362
5,27,1315,279,278,0.0971223021582733,coverage_anchor,coverage anchor nearest predetermined normalized progress target 0.10,0,P08,Paraphrase,ensure that both the butter and the cream cheese box are inside the basket,State-goal phrasing; both named objects must end inside the basket.,20260810,20310837,22,7150027,sha256:de900d29d04e17a4,mps:0,0.4258928596973419,-0.4526785612106323,-0.5035714507102966,0.0,-0.023571427911520004,-0.15857142210006714,-1.0,0.32668250799179077,-0.16468188166618347,-0.5180115103721619,0.009430469945073128,-0.02450225129723549,-0.10044365376234055,-1.0194040536880493,532.3400830384344
5,27,1315,279,278,0.0971223021582733,coverage_anchor,coverage anchor nearest predetermined normalized progress target 0.10,0,U06,Unrelated,place the cereal box inside the kitchen cabinet,Different object and destination; not a modification of the basket task.,20260810,20310837,23,7150027,sha256:de900d29d04e17a4,mps:0,0.4258928596973419,-0.4526785612106323,-0.5035714507102966,0.0,-0.023571427911520004,-0.15857142210006714,-1.0,0.3405466377735138,-0.42637336254119873,-0.37556421756744385,0.005918596871197224,-0.013950214721262455,-0.08454579859972,-1.006355881690979,492.3989169765264
5,27,1315,279,278,0.0971223021582733,coverage_anchor,coverage anchor nearest predetermined normalized progress target 0.10,0,C08,Contradictory,stack the butter on top of the cream cheese box outside the basket,Changes the goal from packing to stacking both objects outside.,20260810,20310837,24,7150027,sha256:de900d29d04e17a4,mps:0,0.4258928596973419,-0.4526785612106323,-0.5035714507102966,0.0,-0.023571427911520004,-0.15857142210006714,-1.0,0.2606765031814575,-0.2258380949497223,-0.6361329555511475,0.007797490805387497,-0.054860468953847885,-0.1323014199733734,-1.0050396919250488,504.0387501940131
5,27,1315,279,278,0.0971223021582733,coverage_anchor,coverage anchor nearest predetermined normalized progress target 0.10,0,P04,Paraphrase,"transfer both items, the cream cheese box and the butter, to the basket",Appositive syntax; explicitly names both items and the basket.,20260810,20310837,25,7150027,sha256:de900d29d04e17a4,mps:0,0.4258928596973419,-0.4526785612106323,-0.5035714507102966,0.0,-0.023571427911520004,-0.15857142210006714,-1.0,0.632007896900177,-0.20701006054878235,-0.35275915265083313,0.0033158098813146353,-0.028589855879545212,-0.1000087782740593,-1.019662857055664,547.9251658543944
5,27,1315,279,278,0.0971223021582733,coverage_anchor,coverage anchor nearest predetermined normalized progress target 0.10,0,U10,Unrelated,take the spoon from the counter and place it in the utensil holder,Different pick-and-place task with unrelated objects and destination.,20260810,20310837,26,7150027,sha256:de900d29d04e17a4,mps:0,0.4258928596973419,-0.4526785612106323,-0.5035714507102966,0.0,-0.023571427911520004,-0.15857142210006714,-1.0,0.01629270240664482,-0.17959630489349365,-0.5838802456855774,0.00797069352120161,-0.10758810490369797,-0.10813160240650177,-0.98383629322052,527.9833748936653
5,27,1315,279,278,0.0971223021582733,coverage_anchor,coverage anchor nearest predetermined normalized progress target 0.10,0,C10,Contradictory,"move the cream cheese box into the basket, then take the butter out of the basket",Sequential inclusion/exclusion contradiction with distinct object roles.,20260810,20310837,27,7150027,sha256:de900d29d04e17a4,mps:0,0.4258928596973419,-0.4526785612106323,-0.5035714507102966,0.0,-0.023571427911520004,-0.15857142210006714,-1.0,0.3966463506221771,-0.29100075364112854,-0.40872684121131897,0.0056421272456645966,-0.0411839559674263,-0.1357136070728302,-1.0192291736602783,512.6872910186648
5,27,1315,279,278,0.0971223021582733,coverage_anchor,coverage anchor nearest predetermined normalized progress target 0.10,0,U02,Unrelated,close the microwave door,Plausible appliance manipulation unrelated to the packing goal.,20260810,20310837,28,7150027,sha256:de900d29d04e17a4,mps:0,0.4258928596973419,-0.4526785612106323,-0.5035714507102966,0.0,-0.023571427911520004,-0.15857142210006714,-1.0,-0.20341405272483826,-0.3247978985309601,-0.5677279233932495,0.021409599110484123,-0.04874037951231003,-0.04402947425842285,-1.018859624862671,516.1329999100417
5,27,1315,279,278,0.0971223021582733,coverage_anchor,coverage anchor nearest predetermined normalized progress target 0.10,0,P03,Paraphrase,move the cream cheese box and the butter into the basket,Uses move/into while retaining both objects and destination.,20260810,20310837,29,7150027,sha256:de900d29d04e17a4,mps:0,0.4258928596973419,-0.4526785612106323,-0.5035714507102966,0.0,-0.023571427911520004,-0.15857142210006714,-1.0,0.3747081160545349,-0.2789842486381531,-0.5757108926773071,0.014204517006874084,-0.05009188503026962,-0.11810169368982315,-1.0251920223236084,542.1668330673128
5,27,1315,279,278,0.0971223021582733,coverage_anchor,coverage anchor nearest predetermined normalized progress target 0.10,0,P01,Paraphrase,place both the cream cheese box and the butter in the basket,Lexical substitution; preserves both objects and destination.,20260810,20310837,30,7150027,sha256:de900d29d04e17a4,mps:0,0.4258928596973419,-0.4526785612106323,-0.5035714507102966,0.0,-0.023571427911520004,-0.15857142210006714,-1.0,0.49890536069869995,-0.41104406118392944,-0.4100055992603302,0.01080110389739275,-0.02015702798962593,-0.09955208003520966,-1.0165517330169678,504.91850008256733
5,27,1315,279,278,0.0971223021582733,coverage_anchor,coverage anchor nearest predetermined normalized progress target 0.10,0,C09,Contradictory,put the cream cheese box beside the basket and leave the butter on the table,Keeps both target objects outside at two stated locations.,20260810,20310837,31,7150027,sha256:de900d29d04e17a4,mps:0,0.4258928596973419,-0.4526785612106323,-0.5035714507102966,0.0,-0.023571427911520004,-0.15857142210006714,-1.0,0.2497486174106598,-0.16273225843906403,-0.5588518381118774,0.011157824657857418,-0.07270365208387375,-0.13016176223754883,-1.012646198272705,509.46829188615084
5,230,1518,279,278,0.8273381294964028,curated_failure_case,existing deterministic demo failure/counterexample selection: large_unrelated_change,0,C03,Contradictory,place only the cream cheese box in the basket and move the butter beside the basket,Changes inclusion and gives the butter an adjacent destination.,20260810,20311040,1,7150230,sha256:727d9925731cdbf0,mps:0,-0.05892857164144516,0.4446428716182709,0.65625,0.0,0.025714285671710968,-0.034285712987184525,1.0,-0.31544825434684753,-0.03160963952541351,0.2587168514728546,0.05379650741815567,-0.0028387680649757385,-0.062173061072826385,1.0138815641403198,520.1280410401523
5,230,1518,279,278,0.8273381294964028,curated_failure_case,existing deterministic demo failure/counterexample selection: large_unrelated_change,0,U09,Unrelated,put the blue cup on the upper shelf,Different object-placement task in another part of the workspace.,20260810,20311040,2,7150230,sha256:727d9925731cdbf0,mps:0,-0.05892857164144516,0.4446428716182709,0.65625,0.0,0.025714285671710968,-0.034285712987184525,1.0,-0.49196720123291016,-0.19726797938346863,-0.45727652311325073,0.05665084347128868,0.02449657768011093,-0.06970986723899841,-0.9964427351951599,512.806124985218
5,230,1518,279,278,0.8273381294964028,curated_failure_case,existing deterministic demo failure/counterexample selection: large_unrelated_change,0,C01,Contradictory,put the cream cheese box in the basket but leave the butter outside the basket,Original contradiction: excludes the butter from the destination.,20260810,20311040,3,7150230,sha256:727d9925731cdbf0,mps:0,-0.05892857164144516,0.4446428716182709,0.65625,0.0,0.025714285671710968,-0.034285712987184525,1.0,-0.23181211948394775,-0.15277642011642456,-0.058603618294000626,0.046962618827819824,0.023015573620796204,-0.06556466221809387,-0.9782106280326843,507.62737495824695
5,230,1518,279,278,0.8273381294964028,curated_failure_case,existing deterministic demo failure/counterexample selection: large_unrelated_change,0,P10,Paraphrase,"into the basket, place both the cream cheese box and the butter",Fronted destination; retains both objects and the original goal.,20260810,20311040,4,7150230,sha256:727d9925731cdbf0,mps:0,-0.05892857164144516,0.4446428716182709,0.65625,0.0,0.025714285671710968,-0.034285712987184525,1.0,-0.16027554869651794,0.20789286494255066,0.6673575043678284,0.05896494910120964,0.002974296920001507,-0.0576510950922966,1.001698613166809,531.4272500108927
5,230,1518,279,278,0.8273381294964028,curated_failure_case,existing deterministic demo failure/counterexample selection: large_unrelated_change,0,C07,Contradictory,put the cream cheese box in the basket and move the butter to the far side of the table,Keeps one original placement and gives the butter a distant destination.,20260810,20311040,5,7150230,sha256:727d9925731cdbf0,mps:0,-0.05892857164144516,0.4446428716182709,0.65625,0.0,0.025714285671710968,-0.034285712987184525,1.0,-0.2823009192943573,-0.2065509855747223,-0.4344688057899475,0.06015154719352722,0.02152741327881813,-0.07882177084684372,-0.9895729422569275,524.7168748173863
5,230,1518,279,278,0.8273381294964028,curated_failure_case,existing deterministic demo failure/counterexample selection: large_unrelated_change,0,P07,Paraphrase,take the cream cheese box and the butter and place them in the basket,Two-verb construction with an explicit plural reference to both objects.,20260810,20311040,6,7150230,sha256:727d9925731cdbf0,mps:0,-0.05892857164144516,0.4446428716182709,0.65625,0.0,0.025714285671710968,-0.034285712987184525,1.0,-0.15984073281288147,0.25762438774108887,0.5622575283050537,0.045210983604192734,0.0069211432710289955,-0.06192874163389206,0.9933537840843201,505.4408749565482
5,230,1518,279,278,0.8273381294964028,curated_failure_case,existing deterministic demo failure/counterexample selection: large_unrelated_change,0,C02,Contradictory,put the butter in the basket but leave the cream cheese box on the table,Reverses which target object is excluded.,20260810,20311040,7,7150230,sha256:727d9925731cdbf0,mps:0,-0.05892857164144516,0.4446428716182709,0.65625,0.0,0.025714285671710968,-0.034285712987184525,1.0,-0.04693532735109329,-0.006975673139095306,0.5845974683761597,0.02681777812540531,0.02330799400806427,-0.04346296191215515,0.9903202652931213,525.2141249366105
5,230,1518,279,278,0.8273381294964028,curated_failure_case,existing deterministic demo failure/counterexample selection: large_unrelated_change,0,C10,Contradictory,"move the cream cheese box into the basket, then take the butter out of the basket",Sequential inclusion/exclusion contradiction with distinct object roles.,20260810,20311040,8,7150230,sha256:727d9925731cdbf0,mps:0,-0.05892857164144516,0.4446428716182709,0.65625,0.0,0.025714285671710968,-0.034285712987184525,1.0,-0.3895256519317627,-0.12707515060901642,-0.36243608593940735,0.06195369362831116,0.00983324646949768,-0.0821046382188797,-0.9854444861412048,519.576707854867
5,230,1518,279,278,0.8273381294964028,curated_failure_case,existing deterministic demo failure/counterexample selection: large_unrelated_change,0,C08,Contradictory,stack the butter on top of the cream cheese box outside the basket,Changes the goal from packing to stacking both objects outside.,20260810,20311040,9,7150230,sha256:727d9925731cdbf0,mps:0,-0.05892857164144516,0.4446428716182709,0.65625,0.0,0.025714285671710968,-0.034285712987184525,1.0,-0.058596834540367126,-0.09167999029159546,0.5779803395271301,0.037812456488609314,0.03483307361602783,-0.0774155780673027,1.0165839195251465,502.3827499244362
5,230,1518,279,278,0.8273381294964028,curated_failure_case,existing deterministic demo failure/counterexample selection: large_unrelated_change,0,P08,Paraphrase,ensure that both the butter and the cream cheese box are inside the basket,State-goal phrasing; both named objects must end inside the basket.,20260810,20311040,10,7150230,sha256:727d9925731cdbf0,mps:0,-0.05892857164144516,0.4446428716182709,0.65625,0.0,0.025714285671710968,-0.034285712987184525,1.0,-0.1599879264831543,0.17362433671951294,0.7056410312652588,0.05432580038905144,0.005494770128279924,-0.058394305408000946,0.9928539395332336,532.0032089948654
5,230,1518,279,278,0.8273381294964028,curated_failure_case,existing deterministic demo failure/counterexample selection: large_unrelated_change,0,P03,Paraphrase,move the cream cheese box and the butter into the basket,Uses move/into while retaining both objects and destination.,20260810,20311040,11,7150230,sha256:727d9925731cdbf0,mps:0,-0.05892857164144516,0.4446428716182709,0.65625,0.0,0.025714285671710968,-0.034285712987184525,1.0,-0.5151064395904541,0.3260578513145447,0.10978930443525314,0.05008172243833542,-0.011905905790627003,-0.041305214166641235,1.0025933980941772,519.1918751224875
5,230,1518,279,278,0.8273381294964028,curated_failure_case,existing deterministic demo failure/counterexample selection: large_unrelated_change,0,U08,Unrelated,slide the cutting board toward the sink,Different planar manipulation with unrelated object and target.,20260810,20311040,12,7150230,sha256:727d9925731cdbf0,mps:0,-0.05892857164144516,0.4446428716182709,0.65625,0.0,0.025714285671710968,-0.034285712987184525,1.0,-0.6331318616867065,-0.2008596956729889,-0.6316079497337341,0.06773384660482407,0.017512889578938484,-0.07449088245630264,-0.9565990567207336,501.9098750781268
5,230,1518,279,278,0.8273381294964028,curated_failure_case,existing deterministic demo failure/counterexample selection: large_unrelated_change,0,U02,Unrelated,close the microwave door,Plausible appliance manipulation unrelated to the packing goal.,20260810,20311040,13,7150230,sha256:727d9925731cdbf0,mps:0,-0.05892857164144516,0.4446428716182709,0.65625,0.0,0.025714285671710968,-0.034285712987184525,1.0,-0.5891530513763428,-0.1446421593427658,-0.6266729831695557,0.0941334143280983,0.022580299526453018,-0.08399344980716705,-0.9882818460464478,530.5657081771642
5,230,1518,279,278,0.8273381294964028,curated_failure_case,existing deterministic demo failure/counterexample selection: large_unrelated_change,0,C09,Contradictory,put the cream cheese box beside the basket and leave the butter on the table,Keeps both target objects outside at two stated locations.,20260810,20311040,14,7150230,sha256:727d9925731cdbf0,mps:0,-0.05892857164144516,0.4446428716182709,0.65625,0.0,0.025714285671710968,-0.034285712987184525,1.0,-0.10931099206209183,-0.04222060739994049,0.47331318259239197,0.04230419173836708,0.0080238226801157,-0.05212753266096115,0.9925420880317688,502.32270802371204
5,230,1518,279,278,0.8273381294964028,curated_failure_case,existing deterministic demo failure/counterexample selection: large_unrelated_change,0,U07,Unrelated,lift the saucepan and set it on the front burner,Different two-step kitchen manipulation task.,20260810,20311040,15,7150230,sha256:727d9925731cdbf0,mps:0,-0.05892857164144516,0.4446428716182709,0.65625,0.0,0.025714285671710968,-0.034285712987184525,1.0,-0.6221503615379333,0.03325198218226433,-0.3601662516593933,0.06594745814800262,-0.008154558017849922,-0.06707040965557098,0.9969411492347717,517.3478750512004
5,230,1518,279,278,0.8273381294964028,curated_failure_case,existing deterministic demo failure/counterexample selection: large_unrelated_change,0,C05,Contradictory,place the cream cheese box on the table and put only the butter in the basket,Assigns different destinations and excludes one object from the basket.,20260810,20311040,16,7150230,sha256:727d9925731cdbf0,mps:0,-0.05892857164144516,0.4446428716182709,0.65625,0.0,0.025714285671710968,-0.034285712987184525,1.0,-0.22983312606811523,0.05231871455907822,0.4437098205089569,0.0601646713912487,-0.0032055703923106194,-0.06257256865501404,0.9871508479118347,534.495250089094
5,230,1518,279,278,0.8273381294964028,curated_failure_case,existing deterministic demo failure/counterexample selection: large_unrelated_change,0,P05,Paraphrase,set the cream cheese box as well as the butter inside the basket,As-well-as coordination; same two-object placement goal.,20260810,20311040,17,7150230,sha256:727d9925731cdbf0,mps:0,-0.05892857164144516,0.4446428716182709,0.65625,0.0,0.025714285671710968,-0.034285712987184525,1.0,-0.19099056720733643,0.10501537472009659,0.678682267665863,0.04900101572275162,0.012472943402826786,-0.057341717183589935,0.9963533282279968,512.6003341283649
5,230,1518,279,278,0.8273381294964028,curated_failure_case,existing deterministic demo failure/counterexample selection: large_unrelated_change,0,U05,Unrelated,turn the stove knob clockwise,Plausible rotational manipulation unrelated to packing.,20260810,20311040,18,7150230,sha256:727d9925731cdbf0,mps:0,-0.05892857164144516,0.4446428716182709,0.65625,0.0,0.025714285671710968,-0.034285712987184525,1.0,-0.5250343084335327,-0.08129407465457916,-0.5565908551216125,0.0842321366071701,0.02648702636361122,-0.059419602155685425,1.0111596584320068,507.7107909601182
5,230,1518,279,278,0.8273381294964028,curated_failure_case,existing deterministic demo failure/counterexample selection: large_unrelated_change,0,P02,Paraphrase,put the butter and the cream cheese box together inside the basket,Reverses object order and uses inside/together; same goal.,20260810,20311040,19,7150230,sha256:727d9925731cdbf0,mps:0,-0.05892857164144516,0.4446428716182709,0.65625,0.0,0.025714285671710968,-0.034285712987184525,1.0,-0.27849292755126953,0.3133896589279175,0.4912853538990021,0.05821557715535164,-0.010194978676736355,-0.05035659670829773,1.0008496046066284,530.7606670539826
5,230,1518,279,278,0.8273381294964028,curated_failure_case,existing deterministic demo failure/counterexample selection: large_unrelated_change,0,P06,Paraphrase,pack the basket with both the cream cheese box and the butter,Destination-fronted packing wording; preserves complete goal.,20260810,20311040,20,7150230,sha256:727d9925731cdbf0,mps:0,-0.05892857164144516,0.4446428716182709,0.65625,0.0,0.025714285671710968,-0.034285712987184525,1.0,-0.12922251224517822,0.14048495888710022,0.7454034090042114,0.03970532864332199,0.010562095791101456,-0.04847104847431183,1.0056437253952026,492.8209590725601
5,230,1518,279,278,0.8273381294964028,curated_failure_case,existing deterministic demo failure/counterexample selection: large_unrelated_change,0,U10,Unrelated,take the spoon from the counter and place it in the utensil holder,Different pick-and-place task with unrelated objects and destination.,20260810,20311040,21,7150230,sha256:727d9925731cdbf0,mps:0,-0.05892857164144516,0.4446428716182709,0.65625,0.0,0.025714285671710968,-0.034285712987184525,1.0,-0.3947302997112274,0.037446025758981705,-0.1268315315246582,0.08727710694074631,0.006011331919580698,-0.06223563104867935,0.9738155007362366,517.8185000550002
5,230,1518,279,278,0.8273381294964028,curated_failure_case,existing deterministic demo failure/counterexample selection: large_unrelated_change,0,U03,Unrelated,pick up the red mug and place it on the saucer,Different object-transfer task with an unrelated destination.,20260810,20311040,22,7150230,sha256:727d9925731cdbf0,mps:0,-0.05892857164144516,0.4446428716182709,0.65625,0.0,0.025714285671710968,-0.034285712987184525,1.0,-0.3766627609729767,-0.10891114175319672,-0.4236675202846527,0.05434323102235794,0.009879026561975479,-0.04986879229545593,-1.012473225593567,506.8858750164509
5,230,1518,279,278,0.8273381294964028,curated_failure_case,existing deterministic demo failure/counterexample selection: large_unrelated_change,0,U06,Unrelated,place the cereal box inside the kitchen cabinet,Different object and destination; not a modification of the basket task.,20260810,20311040,23,7150230,sha256:727d9925731cdbf0,mps:0,-0.05892857164144516,0.4446428716182709,0.65625,0.0,0.025714285671710968,-0.034285712987184525,1.0,-0.5953798890113831,-0.25966763496398926,-0.5943096876144409,0.09064207971096039,0.027455471456050873,-0.08838952332735062,-0.9676705598831177,528.3559169620275
5,230,1518,279,278,0.8273381294964028,curated_failure_case,existing deterministic demo failure/counterexample selection: large_unrelated_change,0,CORRECT,Correct,put both the cream cheese box and the butter in the basket,Exact canonical dataset task; the single baseline for every observation.,20260810,20311040,24,7150230,sha256:727d9925731cdbf0,mps:0,-0.05892857164144516,0.4446428716182709,0.65625,0.0,0.025714285671710968,-0.034285712987184525,1.0,-0.17698198556900024,0.1427551507949829,0.7414053678512573,0.04081146419048309,0.009693551808595657,-0.051509372889995575,1.0023051500320435,491.0098339896649
5,230,1518,279,278,0.8273381294964028,curated_failure_case,existing deterministic demo failure/counterexample selection: large_unrelated_change,0,C04,Contradictory,put only the butter in the basket and keep the cream cheese box where it is,Selects only the butter and preserves the cream-cheese position.,20260810,20311040,25,7150230,sha256:727d9925731cdbf0,mps:0,-0.05892857164144516,0.4446428716182709,0.65625,0.0,0.025714285671710968,-0.034285712987184525,1.0,-0.1965762972831726,0.2877311408519745,0.35027366876602173,0.06887083500623703,-0.0026579760015010834,-0.06963521987199783,0.9936352372169495,511.22937514446676
5,230,1518,279,278,0.8273381294964028,curated_failure_case,existing deterministic demo failure/counterexample selection: large_unrelated_change,0,C06,Contradictory,place both the cream cheese box and the butter next to the basket instead of inside it,Preserves both objects but changes the destination for both.,20260810,20311040,26,7150230,sha256:727d9925731cdbf0,mps:0,-0.05892857164144516,0.4446428716182709,0.65625,0.0,0.025714285671710968,-0.034285712987184525,1.0,-0.28992652893066406,-0.05721677839756012,0.37316200137138367,0.06545120477676392,0.005157947074621916,-0.07545478641986847,1.0091049671173096,536.9033329188824
5,230,1518,279,278,0.8273381294964028,curated_failure_case,existing deterministic demo failure/counterexample selection: large_unrelated_change,0,U04,Unrelated,move the black bowl onto the serving plate,Different tabletop placement task using unrelated objects.,20260810,20311040,27,7150230,sha256:727d9925731cdbf0,mps:0,-0.05892857164144516,0.4446428716182709,0.65625,0.0,0.025714285671710968,-0.034285712987184525,1.0,-0.6219960451126099,-0.18320685625076294,-0.7853348851203918,0.099684938788414,0.01415752898901701,-0.060442715883255005,-0.9883766174316406,508.91374982893467
5,230,1518,279,278,0.8273381294964028,curated_failure_case,existing deterministic demo failure/counterexample selection: large_unrelated_change,0,P01,Paraphrase,place both the cream cheese box and the butter in the basket,Lexical substitution; preserves both objects and destination.,20260810,20311040,28,7150230,sha256:727d9925731cdbf0,mps:0,-0.05892857164144516,0.4446428716182709,0.65625,0.0,0.025714285671710968,-0.034285712987184525,1.0,-0.19983315467834473,0.13454687595367432,0.7405387759208679,0.047841764986515045,0.008199063129723072,-0.05538846552371979,1.0014742612838745,508.191040949896
5,230,1518,279,278,0.8273381294964028,curated_failure_case,existing deterministic demo failure/counterexample selection: large_unrelated_change,0,P04,Paraphrase,"transfer both items, the cream cheese box and the butter, to the basket",Appositive syntax; explicitly names both items and the basket.,20260810,20311040,29,7150230,sha256:727d9925731cdbf0,mps:0,-0.05892857164144516,0.4446428716182709,0.65625,0.0,0.025714285671710968,-0.034285712987184525,1.0,-0.14950719475746155,0.1549709588289261,0.6293379068374634,0.044631101191043854,-0.006753205321729183,-0.045013606548309326,0.9900816082954407,523.6869999207556
5,230,1518,279,278,0.8273381294964028,curated_failure_case,existing deterministic demo failure/counterexample selection: large_unrelated_change,0,U01,Unrelated,open the top drawer of the cabinet,Original Unrelated prompt retained as one variant for direct diagnosis.,20260810,20311040,30,7150230,sha256:727d9925731cdbf0,mps:0,-0.05892857164144516,0.4446428716182709,0.65625,0.0,0.025714285671710968,-0.034285712987184525,1.0,-0.4616313576698303,-0.21806654334068298,-0.34294527769088745,0.05748743191361427,0.04924575611948967,-0.08664670586585999,-0.98015958070755,497.33662512153387
5,230,1518,279,278,0.8273381294964028,curated_failure_case,existing deterministic demo failure/counterexample selection: large_unrelated_change,0,P09,Paraphrase,the cream cheese box and the butter should both be put into the basket,Passive syntax; same object set and destination.,20260810,20311040,31,7150230,sha256:727d9925731cdbf0,mps:0,-0.05892857164144516,0.4446428716182709,0.65625,0.0,0.025714285671710968,-0.034285712987184525,1.0,-0.2227415144443512,0.0848013311624527,0.4193873703479767,0.053244758397340775,0.0034541203640401363,-0.047098271548748016,0.9919231534004211,506.69025001116097
6,84,1651,303,302,0.2781456953642384,coverage_anchor,coverage anchor nearest predetermined normalized progress target 0.30,0,U05,Unrelated,turn the stove knob clockwise,Plausible rotational manipulation unrelated to packing.,20260810,20320894,1,7160084,sha256:b65ebe80d48b7914,mps:0,-0.5276785492897034,0.7285714149475098,0.17142857611179352,-0.06750000268220901,0.008571428246796131,-0.0,1.0,-0.26932698488235474,0.868370771408081,0.12199781090021133,-0.00012467853957787156,-0.00961553119122982,0.02424808219075203,1.0333272218704224,516.1060409154743
6,84,1651,303,302,0.2781456953642384,coverage_anchor,coverage anchor nearest predetermined normalized progress target 0.30,0,P05,Paraphrase,set the cream cheese box as well as the butter inside the basket,As-well-as coordination; same two-object placement goal.,20260810,20320894,2,7160084,sha256:b65ebe80d48b7914,mps:0,-0.5276785492897034,0.7285714149475098,0.17142857611179352,-0.06750000268220901,0.008571428246796131,-0.0,1.0,-0.1474950909614563,0.7810258865356445,0.43511101603507996,-0.002803559647873044,-0.0007333997637033463,0.014496229588985443,1.007299780845642,514.6584159228951
6,84,1651,303,302,0.2781456953642384,coverage_anchor,coverage anchor nearest predetermined normalized progress target 0.30,0,C04,Contradictory,put only the butter in the basket and keep the cream cheese box where it is,Selects only the butter and preserves the cream-cheese position.,20260810,20320894,3,7160084,sha256:b65ebe80d48b7914,mps:0,-0.5276785492897034,0.7285714149475098,0.17142857611179352,-0.06750000268220901,0.008571428246796131,-0.0,1.0,-0.045640408992767334,0.8237693309783936,0.27486494183540344,-0.0017757788300514221,-0.006684381514787674,0.0030250726267695427,1.0026482343673706,523.4915418550372
6,84,1651,303,302,0.2781456953642384,coverage_anchor,coverage anchor nearest predetermined normalized progress target 0.30,0,C02,Contradictory,put the butter in the basket but leave the cream cheese box on the table,Reverses which target object is excluded.,20260810,20320894,4,7160084,sha256:b65ebe80d48b7914,mps:0,-0.5276785492897034,0.7285714149475098,0.17142857611179352,-0.06750000268220901,0.008571428246796131,-0.0,1.0,-0.01993604749441147,0.7472812533378601,0.5311696529388428,-0.002595175988972187,0.00576805928722024,0.010798614472150803,0.9921509623527527,525.9350829292089
6,84,1651,303,302,0.2781456953642384,coverage_anchor,coverage anchor nearest predetermined normalized progress target 0.30,0,U07,Unrelated,lift the saucepan and set it on the front burner,Different two-step kitchen manipulation task.,20260810,20320894,5,7160084,sha256:b65ebe80d48b7914,mps:0,-0.5276785492897034,0.7285714149475098,0.17142857611179352,-0.06750000268220901,0.008571428246796131,-0.0,1.0,-0.1447969675064087,0.8323445916175842,0.16500535607337952,-0.00023292802507057786,-0.018640685826539993,0.012702858075499535,1.0094321966171265,503.2622499857098
6,84,1651,303,302,0.2781456953642384,coverage_anchor,coverage anchor nearest predetermined normalized progress target 0.30,0,P03,Paraphrase,move the cream cheese box and the butter into the basket,Uses move/into while retaining both objects and destination.,20260810,20320894,6,7160084,sha256:b65ebe80d48b7914,mps:0,-0.5276785492897034,0.7285714149475098,0.17142857611179352,-0.06750000268220901,0.008571428246796131,-0.0,1.0,-0.20291027426719666,0.8763487339019775,0.2491629421710968,-0.001488344045355916,-0.010703845880925655,0.020857738330960274,1.0031505823135376,487.8045830409974
6,84,1651,303,302,0.2781456953642384,coverage_anchor,coverage anchor nearest predetermined normalized progress target 0.30,0,C10,Contradictory,"move the cream cheese box into the basket, then take the butter out of the basket",Sequential inclusion/exclusion contradiction with distinct object roles.,20260810,20320894,7,7160084,sha256:b65ebe80d48b7914,mps:0,-0.5276785492897034,0.7285714149475098,0.17142857611179352,-0.06750000268220901,0.008571428246796131,-0.0,1.0,-0.1148444339632988,0.8225971460342407,0.2660008668899536,-0.002208055229857564,-0.005101269111037254,0.0030223652720451355,1.0182102918624878,526.160707930103
6,84,1651,303,302,0.2781456953642384,coverage_anchor,coverage anchor nearest predetermined normalized progress target 0.30,0,U08,Unrelated,slide the cutting board toward the sink,Different planar manipulation with unrelated object and target.,20260810,20320894,8,7160084,sha256:b65ebe80d48b7914,mps:0,-0.5276785492897034,0.7285714149475098,0.17142857611179352,-0.06750000268220901,0.008571428246796131,-0.0,1.0,-0.17730242013931274,0.7869734168052673,0.13921618461608887,0.004101387225091457,-0.019309066236019135,0.024319104850292206,1.0148686170578003,530.6305410340428
6,84,1651,303,302,0.2781456953642384,coverage_anchor,coverage anchor nearest predetermined normalized progress target 0.30,0,P09,Paraphrase,the cream cheese box and the butter should both be put into the basket,Passive syntax; same object set and destination.,20260810,20320894,9,7160084,sha256:b65ebe80d48b7914,mps:0,-0.5276785492897034,0.7285714149475098,0.17142857611179352,-0.06750000268220901,0.008571428246796131,-0.0,1.0,-0.07464615255594254,0.7822138071060181,0.49679890275001526,-0.001966173993423581,-0.004991800524294376,0.015487052500247955,1.0014183521270752,517.4315420445055
6,84,1651,303,302,0.2781456953642384,coverage_anchor,coverage anchor nearest predetermined normalized progress target 0.30,0,P08,Paraphrase,ensure that both the butter and the cream cheese box are inside the basket,State-goal phrasing; both named objects must end inside the basket.,20260810,20320894,10,7160084,sha256:b65ebe80d48b7914,mps:0,-0.5276785492897034,0.7285714149475098,0.17142857611179352,-0.06750000268220901,0.008571428246796131,-0.0,1.0,-0.0521700382232666,0.8004564046859741,0.4172973930835724,-0.0018825086299329996,-0.005873772315680981,0.01229904592037201,1.0022029876708984,499.5052919257432
6,84,1651,303,302,0.2781456953642384,coverage_anchor,coverage anchor nearest predetermined normalized progress target 0.30,0,U10,Unrelated,take the spoon from the counter and place it in the utensil holder,Different pick-and-place task with unrelated objects and destination.,20260810,20320894,11,7160084,sha256:b65ebe80d48b7914,mps:0,-0.5276785492897034,0.7285714149475098,0.17142857611179352,-0.06750000268220901,0.008571428246796131,-0.0,1.0,-0.14605727791786194,0.7665682435035706,0.2299579679965973,0.0019284682348370552,-0.006320771761238575,0.016490377485752106,1.00156569480896,505.9622498229146
6,84,1651,303,302,0.2781456953642384,coverage_anchor,coverage anchor nearest predetermined normalized progress target 0.30,0,U09,Unrelated,put the blue cup on the upper shelf,Different object-placement task in another part of the workspace.,20260810,20320894,12,7160084,sha256:b65ebe80d48b7914,mps:0,-0.5276785492897034,0.7285714149475098,0.17142857611179352,-0.06750000268220901,0.008571428246796131,-0.0,1.0,-0.11487600952386856,0.6482171416282654,0.4440118372440338,0.014426006004214287,0.0035956574138253927,0.02442370168864727,1.0118781328201294,490.08475011214614
6,84,1651,303,302,0.2781456953642384,coverage_anchor,coverage anchor nearest predetermined normalized progress target 0.30,0,U03,Unrelated,pick up the red mug and place it on the saucer,Different object-transfer task with an unrelated destination.,20260810,20320894,13,7160084,sha256:b65ebe80d48b7914,mps:0,-0.5276785492897034,0.7285714149475098,0.17142857611179352,-0.06750000268220901,0.008571428246796131,-0.0,1.0,-0.0620955228805542,0.7648705840110779,0.2833469808101654,0.001169868977740407,0.00010017817839980125,0.0150640569627285,1.006611704826355,521.7022078577429
6,84,1651,303,302,0.2781456953642384,coverage_anchor,coverage anchor nearest predetermined normalized progress target 0.30,0,P06,Paraphrase,pack the basket with both the cream cheese box and the butter,Destination-fronted packing wording; preserves complete goal.,20260810,20320894,14,7160084,sha256:b65ebe80d48b7914,mps:0,-0.5276785492897034,0.7285714149475098,0.17142857611179352,-0.06750000268220901,0.008571428246796131,-0.0,1.0,-0.12086758762598038,0.8138558268547058,0.45343950390815735,-0.0015933532267808914,-0.0051018716767430305,0.02064615674316883,1.0013490915298462,527.828749967739
6,84,1651,303,302,0.2781456953642384,coverage_anchor,coverage anchor nearest predetermined normalized progress target 0.30,0,C06,Contradictory,place both the cream cheese box and the butter next to the basket instead of inside it,Preserves both objects but changes the destination for both.,20260810,20320894,15,7160084,sha256:b65ebe80d48b7914,mps:0,-0.5276785492897034,0.7285714149475098,0.17142857611179352,-0.06750000268220901,0.008571428246796131,-0.0,1.0,-0.12082725018262863,0.7457938194274902,0.40763580799102783,-0.0017117299139499664,-0.007246558554470539,0.007515639998018742,1.0068856477737427,508.61949985846877
6,84,1651,303,302,0.2781456953642384,coverage_anchor,coverage anchor nearest predetermined normalized progress target 0.30,0,C05,Contradictory,place the cream cheese box on the table and put only the butter in the basket,Assigns different destinations and excludes one object from the basket.,20260810,20320894,16,7160084,sha256:b65ebe80d48b7914,mps:0,-0.5276785492897034,0.7285714149475098,0.17142857611179352,-0.06750000268220901,0.008571428246796131,-0.0,1.0,-0.1060028001666069,0.769784152507782,0.4402484595775604,-0.0010598869994282722,-0.010819670744240284,0.0074369581416249275,0.9870874285697937,521.3526249863207
6,84,1651,303,302,0.2781456953642384,coverage_anchor,coverage anchor nearest predetermined normalized progress target 0.30,0,U01,Unrelated,open the top drawer of the cabinet,Original Unrelated prompt retained as one variant for direct diagnosis.,20260810,20320894,17,7160084,sha256:b65ebe80d48b7914,mps:0,-0.5276785492897034,0.7285714149475098,0.17142857611179352,-0.06750000268220901,0.008571428246796131,-0.0,1.0,-0.007988877594470978,0.04450484737753868,0.4208976924419403,-0.004860688000917435,0.028958197683095932,0.042054325342178345,-0.9864752888679504,531.41670813784
6,84,1651,303,302,0.2781456953642384,coverage_anchor,coverage anchor nearest predetermined normalized progress target 0.30,0,C07,Contradictory,put the cream cheese box in the basket and move the butter to the far side of the table,Keeps one original placement and gives the butter a distant destination.,20260810,20320894,18,7160084,sha256:b65ebe80d48b7914,mps:0,-0.5276785492897034,0.7285714149475098,0.17142857611179352,-0.06750000268220901,0.008571428246796131,-0.0,1.0,-0.028665222227573395,0.7380087971687317,0.36717861890792847,-0.0023071179166436195,0.0050174519419670105,0.0022100768983364105,1.009336233139038,516.1577919498086
6,84,1651,303,302,0.2781456953642384,coverage_anchor,coverage anchor nearest predetermined normalized progress target 0.30,0,C01,Contradictory,put the cream cheese box in the basket but leave the butter outside the basket,Original contradiction: excludes the butter from the destination.,20260810,20320894,19,7160084,sha256:b65ebe80d48b7914,mps:0,-0.5276785492897034,0.7285714149475098,0.17142857611179352,-0.06750000268220901,0.008571428246796131,-0.0,1.0,-0.11397584527730942,0.7704694867134094,0.5533693432807922,-0.002336291130632162,-0.0045868270099163055,0.0048478515818715096,0.99870365858078,527.4940831586719
6,84,1651,303,302,0.2781456953642384,coverage_anchor,coverage anchor nearest predetermined normalized progress target 0.30,0,P01,Paraphrase,place both the cream cheese box and the butter in the basket,Lexical substitution; preserves both objects and destination.,20260810,20320894,20,7160084,sha256:b65ebe80d48b7914,mps:0,-0.5276785492897034,0.7285714149475098,0.17142857611179352,-0.06750000268220901,0.008571428246796131,-0.0,1.0,-0.17834296822547913,0.8179711699485779,0.41994187235832214,-0.0008449635352008045,-0.005012162961065769,0.018902180716395378,1.0005543231964111,551.3234999962151
6,84,1651,303,302,0.2781456953642384,coverage_anchor,coverage anchor nearest predetermined normalized progress target 0.30,0,C03,Contradictory,place only the cream cheese box in the basket and move the butter beside the basket,Changes inclusion and gives the butter an adjacent destination.,20260810,20320894,21,7160084,sha256:b65ebe80d48b7914,mps:0,-0.5276785492897034,0.7285714149475098,0.17142857611179352,-0.06750000268220901,0.008571428246796131,-0.0,1.0,-0.212909996509552,0.7825013995170593,0.4750041663646698,-0.00250193290412426,-0.018327314406633377,0.007122180424630642,1.007082223892212,538.905540946871
6,84,1651,303,302,0.2781456953642384,coverage_anchor,coverage anchor nearest predetermined normalized progress target 0.30,0,P04,Paraphrase,"transfer both items, the cream cheese box and the butter, to the basket",Appositive syntax; explicitly names both items and the basket.,20260810,20320894,22,7160084,sha256:b65ebe80d48b7914,mps:0,-0.5276785492897034,0.7285714149475098,0.17142857611179352,-0.06750000268220901,0.008571428246796131,-0.0,1.0,-0.056563518941402435,0.7699085474014282,0.4562630355358124,-0.00041084998520091176,-0.01509165484458208,0.015640372410416603,0.9869216084480286,560.979583999142
6,84,1651,303,302,0.2781456953642384,coverage_anchor,coverage anchor nearest predetermined normalized progress target 0.30,0,CORRECT,Correct,put both the cream cheese box and the butter in the basket,Exact canonical dataset task; the single baseline for every observation.,20260810,20320894,23,7160084,sha256:b65ebe80d48b7914,mps:0,-0.5276785492897034,0.7285714149475098,0.17142857611179352,-0.06750000268220901,0.008571428246796131,-0.0,1.0,-0.18923580646514893,0.8199731111526489,0.41861751675605774,-0.0018622546922415495,-0.002219388261437416,0.018334878608584404,1.000868320465088,575.6376669742167
6,84,1651,303,302,0.2781456953642384,coverage_anchor,coverage anchor nearest predetermined normalized progress target 0.30,0,U04,Unrelated,move the black bowl onto the serving plate,Different tabletop placement task using unrelated objects.,20260810,20320894,24,7160084,sha256:b65ebe80d48b7914,mps:0,-0.5276785492897034,0.7285714149475098,0.17142857611179352,-0.06750000268220901,0.008571428246796131,-0.0,1.0,-0.015096031129360199,0.7733999490737915,0.0387502983212471,0.006337258964776993,-0.010558274574577808,0.0150996632874012,1.0326660871505737,545.098666800186
6,84,1651,303,302,0.2781456953642384,coverage_anchor,coverage anchor nearest predetermined normalized progress target 0.30,0,P07,Paraphrase,take the cream cheese box and the butter and place them in the basket,Two-verb construction with an explicit plural reference to both objects.,20260810,20320894,25,7160084,sha256:b65ebe80d48b7914,mps:0,-0.5276785492897034,0.7285714149475098,0.17142857611179352,-0.06750000268220901,0.008571428246796131,-0.0,1.0,-0.0696525052189827,0.8186260461807251,0.36380013823509216,-0.0018939054571092129,-0.00908623170107603,0.0076448190957307816,1.0048469305038452,565.3969580307603
6,84,1651,303,302,0.2781456953642384,coverage_anchor,coverage anchor nearest predetermined normalized progress target 0.30,0,P10,Paraphrase,"into the basket, place both the cream cheese box and the butter",Fronted destination; retains both objects and the original goal.,20260810,20320894,26,7160084,sha256:b65ebe80d48b7914,mps:0,-0.5276785492897034,0.7285714149475098,0.17142857611179352,-0.06750000268220901,0.008571428246796131,-0.0,1.0,-0.09195452183485031,0.8068573474884033,0.40879109501838684,-0.0009891383815556765,-0.009429720230400562,0.012961341068148613,1.0074609518051147,560.0379582028836
6,84,1651,303,302,0.2781456953642384,coverage_anchor,coverage anchor nearest predetermined normalized progress target 0.30,0,U02,Unrelated,close the microwave door,Plausible appliance manipulation unrelated to the packing goal.,20260810,20320894,27,7160084,sha256:b65ebe80d48b7914,mps:0,-0.5276785492897034,0.7285714149475098,0.17142857611179352,-0.06750000268220901,0.008571428246796131,-0.0,1.0,-0.30099838972091675,0.8579302430152893,0.09832455962896347,-0.0008044284186325967,-0.014338414184749126,0.02028738707304001,1.0293816328048706,566.4850410539657
6,84,1651,303,302,0.2781456953642384,coverage_anchor,coverage anchor nearest predetermined normalized progress target 0.30,0,P02,Paraphrase,put the butter and the cream cheese box together inside the basket,Reverses object order and uses inside/together; same goal.,20260810,20320894,28,7160084,sha256:b65ebe80d48b7914,mps:0,-0.5276785492897034,0.7285714149475098,0.17142857611179352,-0.06750000268220901,0.008571428246796131,-0.0,1.0,-0.14922863245010376,0.821021556854248,0.36675170063972473,-0.00044091552263125777,-0.007382379844784737,0.016015496104955673,0.9928269982337952,572.9005420580506
6,84,1651,303,302,0.2781456953642384,coverage_anchor,coverage anchor nearest predetermined normalized progress target 0.30,0,U06,Unrelated,place the cereal box inside the kitchen cabinet,Different object and destination; not a modification of the basket task.,20260810,20320894,29,7160084,sha256:b65ebe80d48b7914,mps:0,-0.5276785492897034,0.7285714149475098,0.17142857611179352,-0.06750000268220901,0.008571428246796131,-0.0,1.0,-0.21146517992019653,0.7966169714927673,0.32383376359939575,0.0019058103207498789,-0.006527137942612171,0.03258189558982849,1.0081686973571777,580.1788328681141
6,84,1651,303,302,0.2781456953642384,coverage_anchor,coverage anchor nearest predetermined normalized progress target 0.30,0,C08,Contradictory,stack the butter on top of the cream cheese box outside the basket,Changes the goal from packing to stacking both objects outside.,20260810,20320894,30,7160084,sha256:b65ebe80d48b7914,mps:0,-0.5276785492897034,0.7285714149475098,0.17142857611179352,-0.06750000268220901,0.008571428246796131,-0.0,1.0,0.029728874564170837,0.6524611115455627,0.736825168132782,-0.003436130005866289,0.011603685095906258,0.005212817341089249,1.0214483737945557,578.8154588080943
6,84,1651,303,302,0.2781456953642384,coverage_anchor,coverage anchor nearest predetermined normalized progress target 0.30,0,C09,Contradictory,put the cream cheese box beside the basket and leave the butter on the table,Keeps both target objects outside at two stated locations.,20260810,20320894,31,7160084,sha256:b65ebe80d48b7914,mps:0,-0.5276785492897034,0.7285714149475098,0.17142857611179352,-0.06750000268220901,0.008571428246796131,-0.0,1.0,-0.08563622087240219,0.7691409587860107,0.490418404340744,-0.001962713897228241,-0.009773445315659046,0.00498976930975914,0.9983455538749695,572.1312500536442
6,229,1796,303,302,0.7582781456953642,ordering_counterexample,strongest existing aggregate-order violation in this episode,0,P07,Paraphrase,take the cream cheese box and the butter and place them in the basket,Two-verb construction with an explicit plural reference to both objects.,20260810,20321039,1,7160229,sha256:b25f3c9bc585e008,mps:0,-0.05089285597205162,-0.03214285895228386,-0.0,-0.04500000178813934,0.025714285671710968,0.061071429401636124,1.0,-0.3453751802444458,-0.07264788448810577,-0.2989565432071686,-0.03558150306344032,-0.007720576599240303,0.016284141689538956,1.0255054235458374,576.5723751392215
6,229,1796,303,302,0.7582781456953642,ordering_counterexample,strongest existing aggregate-order violation in this episode,0,CORRECT,Correct,put both the cream cheese box and the butter in the basket,Exact canonical dataset task; the single baseline for every observation.,20260810,20321039,2,7160229,sha256:b25f3c9bc585e008,mps:0,-0.05089285597205162,-0.03214285895228386,-0.0,-0.04500000178813934,0.025714285671710968,0.061071429401636124,1.0,-0.14309045672416687,-0.014459513127803802,-0.16194374859333038,-0.0453367680311203,-0.0019690319895744324,0.012410148978233337,1.0123486518859863,562.5030000228435
6,229,1796,303,302,0.7582781456953642,ordering_counterexample,strongest existing aggregate-order violation in this episode,0,C01,Contradictory,put the cream cheese box in the basket but leave the butter outside the basket,Original contradiction: excludes the butter from the destination.,20260810,20321039,3,7160229,sha256:b25f3c9bc585e008,mps:0,-0.05089285597205162,-0.03214285895228386,-0.0,-0.04500000178813934,0.025714285671710968,0.061071429401636124,1.0,-0.19322243332862854,-0.04022642970085144,-0.19338932633399963,-0.041333019733428955,-0.0007127625867724419,0.0097905732691288,1.0099132061004639,556.7891248501837
6,229,1796,303,302,0.7582781456953642,ordering_counterexample,strongest existing aggregate-order violation in this episode,0,C09,Contradictory,put the cream cheese box beside the basket and leave the butter on the table,Keeps both target objects outside at two stated locations.,20260810,20321039,4,7160229,sha256:b25f3c9bc585e008,mps:0,-0.05089285597205162,-0.03214285895228386,-0.0,-0.04500000178813934,0.025714285671710968,0.061071429401636124,1.0,-0.15074053406715393,-0.043890729546546936,-0.15568578243255615,-0.03821992501616478,0.002560264430940151,0.01502441056072712,1.0033677816390991,512.025416828692
6,229,1796,303,302,0.7582781456953642,ordering_counterexample,strongest existing aggregate-order violation in this episode,0,P10,Paraphrase,"into the basket, place both the cream cheese box and the butter",Fronted destination; retains both objects and the original goal.,20260810,20321039,5,7160229,sha256:b25f3c9bc585e008,mps:0,-0.05089285597205162,-0.03214285895228386,-0.0,-0.04500000178813934,0.025714285671710968,0.061071429401636124,1.0,-0.20557957887649536,-0.005939573049545288,-0.20563513040542603,-0.039897579699754715,-0.004311385564506054,0.01831168867647648,1.005486249923706,575.264458078891
6,229,1796,303,302,0.7582781456953642,ordering_counterexample,strongest existing aggregate-order violation in this episode,0,C08,Contradictory,stack the butter on top of the cream cheese box outside the basket,Changes the goal from packing to stacking both objects outside.,20260810,20321039,6,7160229,sha256:b25f3c9bc585e008,mps:0,-0.05089285597205162,-0.03214285895228386,-0.0,-0.04500000178813934,0.025714285671710968,0.061071429401636124,1.0,-0.2752127945423126,-0.04814255237579346,-0.2563934326171875,-0.03096798248589039,-0.002444603480398655,0.013025663793087006,1.0083085298538208,535.7379168272018
6,229,1796,303,302,0.7582781456953642,ordering_counterexample,strongest existing aggregate-order violation in this episode,0,U10,Unrelated,take the spoon from the counter and place it in the utensil holder,Different pick-and-place task with unrelated objects and destination.,20260810,20321039,7,7160229,sha256:b25f3c9bc585e008,mps:0,-0.05089285597205162,-0.03214285895228386,-0.0,-0.04500000178813934,0.025714285671710968,0.061071429401636124,1.0,-0.22397413849830627,-0.013757586479187012,-0.1330505758523941,-0.038198962807655334,-0.010697784833610058,0.020324917510151863,1.0034106969833374,565.2294168248773
6,229,1796,303,302,0.7582781456953642,ordering_counterexample,strongest existing aggregate-order violation in this episode,0,U01,Unrelated,open the top drawer of the cabinet,Original Unrelated prompt retained as one variant for direct diagnosis.,20260810,20321039,8,7160229,sha256:b25f3c9bc585e008,mps:0,-0.05089285597205162,-0.03214285895228386,-0.0,-0.04500000178813934,0.025714285671710968,0.061071429401636124,1.0,-0.3911289572715759,0.011811479926109314,-0.3465229570865631,-0.04315948113799095,0.00474251713603735,0.018695799633860588,-1.0134726762771606,573.358166962862
6,229,1796,303,302,0.7582781456953642,ordering_counterexample,strongest existing aggregate-order violation in this episode,0,C03,Contradictory,place only the cream cheese box in the basket and move the butter beside the basket,Changes inclusion and gives the butter an adjacent destination.,20260810,20321039,9,7160229,sha256:b25f3c9bc585e008,mps:0,-0.05089285597205162,-0.03214285895228386,-0.0,-0.04500000178813934,0.025714285671710968,0.061071429401636124,1.0,-0.4064861834049225,-0.026132062077522278,-0.4496990144252777,-0.031684521585702896,-0.013022425584495068,0.010876486077904701,-1.017252802848816,538.510792190209
6,229,1796,303,302,0.7582781456953642,ordering_counterexample,strongest existing aggregate-order violation in this episode,0,U08,Unrelated,slide the cutting board toward the sink,Different planar manipulation with unrelated object and target.,20260810,20321039,10,7160229,sha256:b25f3c9bc585e008,mps:0,-0.05089285597205162,-0.03214285895228386,-0.0,-0.04500000178813934,0.025714285671710968,0.061071429401636124,1.0,-0.2833833396434784,-0.010359741747379303,-0.2155342996120453,-0.0388525128364563,-0.00927422009408474,0.010447688400745392,0.9993574023246765,527.1252919919789
6,229,1796,303,302,0.7582781456953642,ordering_counterexample,strongest existing aggregate-order violation in this episode,0,C05,Contradictory,place the cream cheese box on the table and put only the butter in the basket,Assigns different destinations and excludes one object from the basket.,20260810,20321039,11,7160229,sha256:b25f3c9bc585e008,mps:0,-0.05089285597205162,-0.03214285895228386,-0.0,-0.04500000178813934,0.025714285671710968,0.061071429401636124,1.0,-0.2557050585746765,-0.0117826908826828,-0.24674683809280396,-0.037043195217847824,-0.010843914933502674,0.01631523296236992,1.0179868936538696,542.9326249286532
6,229,1796,303,302,0.7582781456953642,ordering_counterexample,strongest existing aggregate-order violation in this episode,0,P08,Paraphrase,ensure that both the butter and the cream cheese box are inside the basket,State-goal phrasing; both named objects must end inside the basket.,20260810,20321039,12,7160229,sha256:b25f3c9bc585e008,mps:0,-0.05089285597205162,-0.03214285895228386,-0.0,-0.04500000178813934,0.025714285671710968,0.061071429401636124,1.0,-0.2050667703151703,-0.037219710648059845,-0.20649604499340057,-0.03673913702368736,0.0019898780155926943,0.011486014351248741,1.008273959159851,562.7476249355823
6,229,1796,303,302,0.7582781456953642,ordering_counterexample,strongest existing aggregate-order violation in this episode,0,C04,Contradictory,put only the butter in the basket and keep the cream cheese box where it is,Selects only the butter and preserves the cream-cheese position.,20260810,20321039,13,7160229,sha256:b25f3c9bc585e008,mps:0,-0.05089285597205162,-0.03214285895228386,-0.0,-0.04500000178813934,0.025714285671710968,0.061071429401636124,1.0,-0.33989858627319336,-0.004559576511383057,-0.39921024441719055,-0.02664012834429741,-0.010429793037474155,0.006622823886573315,-0.999606728553772,570.8161250222474
6,229,1796,303,302,0.7582781456953642,ordering_counterexample,strongest existing aggregate-order violation in this episode,0,P04,Paraphrase,"transfer both items, the cream cheese box and the butter, to the basket",Appositive syntax; explicitly names both items and the basket.,20260810,20321039,14,7160229,sha256:b25f3c9bc585e008,mps:0,-0.05089285597205162,-0.03214285895228386,-0.0,-0.04500000178813934,0.025714285671710968,0.061071429401636124,1.0,-0.1944980025291443,-0.014009684324264526,-0.20740336179733276,-0.04314524680376053,-0.012469789944589138,0.03188250958919525,1.0111421346664429,566.4811669848859
6,229,1796,303,302,0.7582781456953642,ordering_counterexample,strongest existing aggregate-order violation in this episode,0,P03,Paraphrase,move the cream cheese box and the butter into the basket,Uses move/into while retaining both objects and destination.,20260810,20321039,15,7160229,sha256:b25f3c9bc585e008,mps:0,-0.05089285597205162,-0.03214285895228386,-0.0,-0.04500000178813934,0.025714285671710968,0.061071429401636124,1.0,-0.453893780708313,-0.04376184940338135,-0.4668632745742798,-0.02966335415840149,-0.019686423242092133,0.020303985103964806,-1.0121053457260132,553.3157091122121
6,229,1796,303,302,0.7582781456953642,ordering_counterexample,strongest existing aggregate-order violation in this episode,0,U05,Unrelated,turn the stove knob clockwise,Plausible rotational manipulation unrelated to packing.,20260810,20321039,16,7160229,sha256:b25f3c9bc585e008,mps:0,-0.05089285597205162,-0.03214285895228386,-0.0,-0.04500000178813934,0.025714285671710968,0.061071429401636124,1.0,-0.42372560501098633,0.011773347854614258,-0.3272053003311157,-0.029827551916241646,0.00023630261421203613,0.011141208931803703,-1.017186164855957,592.0848329551518
6,229,1796,303,302,0.7582781456953642,ordering_counterexample,strongest existing aggregate-order violation in this episode,0,C06,Contradictory,place both the cream cheese box and the butter next to the basket instead of inside it,Preserves both objects but changes the destination for both.,20260810,20321039,17,7160229,sha256:b25f3c9bc585e008,mps:0,-0.05089285597205162,-0.03214285895228386,-0.0,-0.04500000178813934,0.025714285671710968,0.061071429401636124,1.0,-0.4014856815338135,-0.045807406306266785,-0.4803968369960785,-0.02683115191757679,-0.011433775536715984,0.010636653751134872,-1.0083591938018799,582.45366695337
6,229,1796,303,302,0.7582781456953642,ordering_counterexample,strongest existing aggregate-order violation in this episode,0,C02,Contradictory,put the butter in the basket but leave the cream cheese box on the table,Reverses which target object is excluded.,20260810,20321039,18,7160229,sha256:b25f3c9bc585e008,mps:0,-0.05089285597205162,-0.03214285895228386,-0.0,-0.04500000178813934,0.025714285671710968,0.061071429401636124,1.0,-0.1646626591682434,-0.019375242292881012,-0.19084671139717102,-0.03554723411798477,-0.00024251732975244522,0.013418100774288177,1.0006898641586304,556.8039580248296
6,229,1796,303,302,0.7582781456953642,ordering_counterexample,strongest existing aggregate-order violation in this episode,0,U03,Unrelated,pick up the red mug and place it on the saucer,Different object-transfer task with an unrelated destination.,20260810,20321039,19,7160229,sha256:b25f3c9bc585e008,mps:0,-0.05089285597205162,-0.03214285895228386,-0.0,-0.04500000178813934,0.025714285671710968,0.061071429401636124,1.0,-0.20913070440292358,0.01873144507408142,-0.14635318517684937,-0.04078691452741623,-0.005243189632892609,0.015073498710989952,1.0088669061660767,591.3142079953104
6,229,1796,303,302,0.7582781456953642,ordering_counterexample,strongest existing aggregate-order violation in this episode,0,P06,Paraphrase,pack the basket with both the cream cheese box and the butter,Destination-fronted packing wording; preserves complete goal.,20260810,20321039,20,7160229,sha256:b25f3c9bc585e008,mps:0,-0.05089285597205162,-0.03214285895228386,-0.0,-0.04500000178813934,0.025714285671710968,0.061071429401636124,1.0,-0.17436030507087708,-0.005806237459182739,-0.14428755640983582,-0.05091499909758568,0.0012810719199478626,0.02114066854119301,1.0101511478424072,549.6587499510497
6,229,1796,303,302,0.7582781456953642,ordering_counterexample,strongest existing aggregate-order violation in this episode,0,C10,Contradictory,"move the cream cheese box into the basket, then take the butter out of the basket",Sequential inclusion/exclusion contradiction with distinct object roles.,20260810,20321039,21,7160229,sha256:b25f3c9bc585e008,mps:0,-0.05089285597205162,-0.03214285895228386,-0.0,-0.04500000178813934,0.025714285671710968,0.061071429401636124,1.0,-0.45544523000717163,-0.05182662606239319,-0.48597386479377747,-0.016991565003991127,-0.01540763396769762,0.017783459275960922,-1.0142302513122559,567.5300830043852
6,229,1796,303,302,0.7582781456953642,ordering_counterexample,strongest existing aggregate-order violation in this episode,0,P01,Paraphrase,place both the cream cheese box and the butter in the basket,Lexical substitution; preserves both objects and destination.,20260810,20321039,22,7160229,sha256:b25f3c9bc585e008,mps:0,-0.05089285597205162,-0.03214285895228386,-0.0,-0.04500000178813934,0.025714285671710968,0.061071429401636124,1.0,-0.17186588048934937,-0.009767301380634308,-0.18525509536266327,-0.04395342990756035,-0.003722389228641987,0.017373720183968544,1.0159648656845093,552.8294169344008
6,229,1796,303,302,0.7582781456953642,ordering_counterexample,strongest existing aggregate-order violation in this episode,0,C07,Contradictory,put the cream cheese box in the basket and move the butter to the far side of the table,Keeps one original placement and gives the butter a distant destination.,20260810,20321039,23,7160229,sha256:b25f3c9bc585e008,mps:0,-0.05089285597205162,-0.03214285895228386,-0.0,-0.04500000178813934,0.025714285671710968,0.061071429401636124,1.0,-0.3858523964881897,-0.05051109194755554,-0.48392078280448914,-0.020735962316393852,-0.01444972213357687,0.010039606131613255,-1.0073970556259155,571.2786659132689
6,229,1796,303,302,0.7582781456953642,ordering_counterexample,strongest existing aggregate-order violation in this episode,0,P09,Paraphrase,the cream cheese box and the butter should both be put into the basket,Passive syntax; same object set and destination.,20260810,20321039,24,7160229,sha256:b25f3c9bc585e008,mps:0,-0.05089285597205162,-0.03214285895228386,-0.0,-0.04500000178813934,0.025714285671710968,0.061071429401636124,1.0,-0.225398987531662,-0.04010412096977234,-0.21395626664161682,-0.037189532071352005,-0.008768226020038128,0.01608358696103096,1.0223456621170044,586.9825000409037
6,229,1796,303,302,0.7582781456953642,ordering_counterexample,strongest existing aggregate-order violation in this episode,0,P05,Paraphrase,set the cream cheese box as well as the butter inside the basket,As-well-as coordination; same two-object placement goal.,20260810,20321039,25,7160229,sha256:b25f3c9bc585e008,mps:0,-0.05089285597205162,-0.03214285895228386,-0.0,-0.04500000178813934,0.025714285671710968,0.061071429401636124,1.0,-0.19871610403060913,-0.003337368369102478,-0.17666055262088776,-0.053985822945833206,-0.007647947408258915,0.014873351901769638,1.0003072023391724,540.2444580104202
6,229,1796,303,302,0.7582781456953642,ordering_counterexample,strongest existing aggregate-order violation in this episode,0,U06,Unrelated,place the cereal box inside the kitchen cabinet,Different object and destination; not a modification of the basket task.,20260810,20321039,26,7160229,sha256:b25f3c9bc585e008,mps:0,-0.05089285597205162,-0.03214285895228386,-0.0,-0.04500000178813934,0.025714285671710968,0.061071429401636124,1.0,-0.2752641439437866,-0.023950248956680298,-0.13871252536773682,-0.04103608429431915,-0.0006989180110394955,0.012686848640441895,1.0200897455215454,567.5347910728306
6,229,1796,303,302,0.7582781456953642,ordering_counterexample,strongest existing aggregate-order violation in this episode,0,P02,Paraphrase,put the butter and the cream cheese box together inside the basket,Reverses object order and uses inside/together; same goal.,20260810,20321039,27,7160229,sha256:b25f3c9bc585e008,mps:0,-0.05089285597205162,-0.03214285895228386,-0.0,-0.04500000178813934,0.025714285671710968,0.061071429401636124,1.0,-0.2404845654964447,-0.06751176714897156,-0.23817750811576843,-0.028828512877225876,-0.014194521121680737,0.010152140632271767,1.0153824090957642,549.6967080980539
6,229,1796,303,302,0.7582781456953642,ordering_counterexample,strongest existing aggregate-order violation in this episode,0,U04,Unrelated,move the black bowl onto the serving plate,Different tabletop placement task using unrelated objects.,20260810,20321039,28,7160229,sha256:b25f3c9bc585e008,mps:0,-0.05089285597205162,-0.03214285895228386,-0.0,-0.04500000178813934,0.025714285671710968,0.061071429401636124,1.0,-0.302934467792511,-0.012035675346851349,-0.22440770268440247,-0.029962029308080673,-0.01974239945411682,0.008210984990000725,1.0087922811508179,532.5207088608295
6,229,1796,303,302,0.7582781456953642,ordering_counterexample,strongest existing aggregate-order violation in this episode,0,U09,Unrelated,put the blue cup on the upper shelf,Different object-placement task in another part of the workspace.,20260810,20321039,29,7160229,sha256:b25f3c9bc585e008,mps:0,-0.05089285597205162,-0.03214285895228386,-0.0,-0.04500000178813934,0.025714285671710968,0.061071429401636124,1.0,-0.25128334760665894,-0.03163576126098633,-0.16484971344470978,-0.043711066246032715,-0.007484783418476582,0.0070706382393836975,0.9955328106880188,540.2720421552658
6,229,1796,303,302,0.7582781456953642,ordering_counterexample,strongest existing aggregate-order violation in this episode,0,U02,Unrelated,close the microwave door,Plausible appliance manipulation unrelated to the packing goal.,20260810,20321039,30,7160229,sha256:b25f3c9bc585e008,mps:0,-0.05089285597205162,-0.03214285895228386,-0.0,-0.04500000178813934,0.025714285671710968,0.061071429401636124,1.0,-0.3428020775318146,0.009889483451843262,-0.3013902008533478,-0.037063658237457275,-0.004692932590842247,0.001437484286725521,-1.020533800125122,555.2076250314713
6,229,1796,303,302,0.7582781456953642,ordering_counterexample,strongest existing aggregate-order violation in this episode,0,U07,Unrelated,lift the saucepan and set it on the front burner,Different two-step kitchen manipulation task.,20260810,20321039,31,7160229,sha256:b25f3c9bc585e008,mps:0,-0.05089285597205162,-0.03214285895228386,-0.0,-0.04500000178813934,0.025714285671710968,0.061071429401636124,1.0,-0.3697691261768341,-0.012225471436977386,-0.21757450699806213,-0.04224821552634239,-0.0171835757791996,0.004623327404260635,1.0058380365371704,562.5605420209467
7,89,1959,247,246,0.3617886178861789,phase_a_20_40_representative,Phase A 20–40% observation nearest the Phase A median Unrelated full distance,0,P04,Paraphrase,"transfer both items, the cream cheese box and the butter, to the basket",Appositive syntax; explicitly names both items and the basket.,20260810,20330899,1,7170089,sha256:bd027dde059881f9,mps:0,-0.19017857313156128,0.824999988079071,0.03214285895228386,0.0,-0.03642857074737549,-0.0,1.0,0.15308219194412231,0.8269333839416504,0.16852647066116333,-0.0036239447072148323,-0.008610622957348824,-0.003555554896593094,0.9801833033561707,556.6467908211052
7,89,1959,247,246,0.3617886178861789,phase_a_20_40_representative,Phase A 20–40% observation nearest the Phase A median Unrelated full distance,0,P09,Paraphrase,the cream cheese box and the butter should both be put into the basket,Passive syntax; same object set and destination.,20260810,20330899,2,7170089,sha256:bd027dde059881f9,mps:0,-0.19017857313156128,0.824999988079071,0.03214285895228386,0.0,-0.03642857074737549,-0.0,1.0,0.1412936896085739,0.8378772139549255,0.1625044047832489,-0.004538806155323982,-0.012245581485331059,0.0007142862305045128,1.0062048435211182,556.4771250355989
7,89,1959,247,246,0.3617886178861789,phase_a_20_40_representative,Phase A 20–40% observation nearest the Phase A median Unrelated full distance,0,U01,Unrelated,open the top drawer of the cabinet,Original Unrelated prompt retained as one variant for direct diagnosis.,20260810,20330899,3,7170089,sha256:bd027dde059881f9,mps:0,-0.19017857313156128,0.824999988079071,0.03214285895228386,0.0,-0.03642857074737549,-0.0,1.0,0.24636751413345337,0.2893655300140381,-0.022050857543945312,-0.0031132923904806376,0.03555867820978165,-0.012902071699500084,-0.9975177049636841,565.2734590694308
7,89,1959,247,246,0.3617886178861789,phase_a_20_40_representative,Phase A 20–40% observation nearest the Phase A median Unrelated full distance,0,C06,Contradictory,place both the cream cheese box and the butter next to the basket instead of inside it,Preserves both objects but changes the destination for both.,20260810,20330899,4,7170089,sha256:bd027dde059881f9,mps:0,-0.19017857313156128,0.824999988079071,0.03214285895228386,0.0,-0.03642857074737549,-0.0,1.0,0.11082464456558228,0.8053085207939148,0.1717553436756134,-0.004273592960089445,-0.003731206990778446,-0.00562624866142869,1.004523754119873,569.1682500764728
7,89,1959,247,246,0.3617886178861789,phase_a_20_40_representative,Phase A 20–40% observation nearest the Phase A median Unrelated full distance,0,P05,Paraphrase,set the cream cheese box as well as the butter inside the basket,As-well-as coordination; same two-object placement goal.,20260810,20330899,5,7170089,sha256:bd027dde059881f9,mps:0,-0.19017857313156128,0.824999988079071,0.03214285895228386,0.0,-0.03642857074737549,-0.0,1.0,0.04801322519779205,0.8298026919364929,0.12590059638023376,-0.004871004726737738,-0.0008726669475436211,-0.0025608744472265244,0.9991399645805359,551.000416977331
7,89,1959,247,246,0.3617886178861789,phase_a_20_40_representative,Phase A 20–40% observation nearest the Phase A median Unrelated full distance,0,U04,Unrelated,move the black bowl onto the serving plate,Different tabletop placement task using unrelated objects.,20260810,20330899,6,7170089,sha256:bd027dde059881f9,mps:0,-0.19017857313156128,0.824999988079071,0.03214285895228386,0.0,-0.03642857074737549,-0.0,1.0,0.4007553458213806,0.4593794345855713,-0.4134090840816498,0.030098972842097282,-0.019741646945476532,-0.01711307466030121,1.0028612613677979,576.5991660300642
7,89,1959,247,246,0.3617886178861789,phase_a_20_40_representative,Phase A 20–40% observation nearest the Phase A median Unrelated full distance,0,C09,Contradictory,put the cream cheese box beside the basket and leave the butter on the table,Keeps both target objects outside at two stated locations.,20260810,20330899,7,7170089,sha256:bd027dde059881f9,mps:0,-0.19017857313156128,0.824999988079071,0.03214285895228386,0.0,-0.03642857074737549,-0.0,1.0,0.08664585649967194,0.8329750299453735,0.14507830142974854,-0.003591547254472971,-0.00763773825019598,-0.006715343799442053,1.0161646604537964,536.8356250692159
7,89,1959,247,246,0.3617886178861789,phase_a_20_40_representative,Phase A 20–40% observation nearest the Phase A median Unrelated full distance,0,P07,Paraphrase,take the cream cheese box and the butter and place them in the basket,Two-verb construction with an explicit plural reference to both objects.,20260810,20330899,8,7170089,sha256:bd027dde059881f9,mps:0,-0.19017857313156128,0.824999988079071,0.03214285895228386,0.0,-0.03642857074737549,-0.0,1.0,0.1368476003408432,0.8383495807647705,0.12090066820383072,-0.0056884814985096455,-0.0021602394990622997,-0.006781252566725016,1.0107144117355347,559.3217501882464
7,89,1959,247,246,0.3617886178861789,phase_a_20_40_representative,Phase A 20–40% observation nearest the Phase A median Unrelated full distance,0,C10,Contradictory,"move the cream cheese box into the basket, then take the butter out of the basket",Sequential inclusion/exclusion contradiction with distinct object roles.,20260810,20330899,9,7170089,sha256:bd027dde059881f9,mps:0,-0.19017857313156128,0.824999988079071,0.03214285895228386,0.0,-0.03642857074737549,-0.0,1.0,0.09807859361171722,0.8477844595909119,0.0333452969789505,-0.003057013265788555,0.000667499378323555,-0.010215604677796364,1.0081188678741455,595.5918750260025
7,89,1959,247,246,0.3617886178861789,phase_a_20_40_representative,Phase A 20–40% observation nearest the Phase A median Unrelated full distance,0,C07,Contradictory,put the cream cheese box in the basket and move the butter to the far side of the table,Keeps one original placement and gives the butter a distant destination.,20260810,20330899,10,7170089,sha256:bd027dde059881f9,mps:0,-0.19017857313156128,0.824999988079071,0.03214285895228386,0.0,-0.03642857074737549,-0.0,1.0,0.1803591549396515,0.8087400794029236,0.07625975459814072,-0.0037924721837043762,0.002441944321617484,-0.003968233708292246,1.01492440700531,584.0634158812463
7,89,1959,247,246,0.3617886178861789,phase_a_20_40_representative,Phase A 20–40% observation nearest the Phase A median Unrelated full distance,0,U07,Unrelated,lift the saucepan and set it on the front burner,Different two-step kitchen manipulation task.,20260810,20330899,11,7170089,sha256:bd027dde059881f9,mps:0,-0.19017857313156128,0.824999988079071,0.03214285895228386,0.0,-0.03642857074737549,-0.0,1.0,0.10031408071517944,0.8773481845855713,-0.17436130344867706,-0.004285511095076799,-0.02241705358028412,-0.01748780719935894,0.9947560429573059,560.0912917871028
7,89,1959,247,246,0.3617886178861789,phase_a_20_40_representative,Phase A 20–40% observation nearest the Phase A median Unrelated full distance,0,P06,Paraphrase,pack the basket with both the cream cheese box and the butter,Destination-fronted packing wording; preserves complete goal.,20260810,20330899,12,7170089,sha256:bd027dde059881f9,mps:0,-0.19017857313156128,0.824999988079071,0.03214285895228386,0.0,-0.03642857074737549,-0.0,1.0,0.1000986248254776,0.8767637610435486,0.22546446323394775,-0.009099642746150494,0.004025559406727552,-0.0004692976363003254,1.0081692934036255,577.1888340823352
7,89,1959,247,246,0.3617886178861789,phase_a_20_40_representative,Phase A 20–40% observation nearest the Phase A median Unrelated full distance,0,C04,Contradictory,put only the butter in the basket and keep the cream cheese box where it is,Selects only the butter and preserves the cream-cheese position.,20260810,20330899,13,7170089,sha256:bd027dde059881f9,mps:0,-0.19017857313156128,0.824999988079071,0.03214285895228386,0.0,-0.03642857074737549,-0.0,1.0,0.16466960310935974,0.8325786590576172,0.003627769649028778,-0.005486378446221352,-0.0008011837489902973,-0.008337225764989853,1.0182607173919678,565.8054579980671
7,89,1959,247,246,0.3617886178861789,phase_a_20_40_representative,Phase A 20–40% observation nearest the Phase A median Unrelated full distance,0,P02,Paraphrase,put the butter and the cream cheese box together inside the basket,Reverses object order and uses inside/together; same goal.,20260810,20330899,14,7170089,sha256:bd027dde059881f9,mps:0,-0.19017857313156128,0.824999988079071,0.03214285895228386,0.0,-0.03642857074737549,-0.0,1.0,0.05770488083362579,0.8452092409133911,0.12718701362609863,-0.0035014087334275246,-0.008688326925039291,-0.0037107374519109726,1.0135246515274048,532.0714169647545
7,89,1959,247,246,0.3617886178861789,phase_a_20_40_representative,Phase A 20–40% observation nearest the Phase A median Unrelated full distance,0,U03,Unrelated,pick up the red mug and place it on the saucer,Different object-transfer task with an unrelated destination.,20260810,20330899,15,7170089,sha256:bd027dde059881f9,mps:0,-0.19017857313156128,0.824999988079071,0.03214285895228386,0.0,-0.03642857074737549,-0.0,1.0,0.25306639075279236,0.8250818252563477,-0.11908648908138275,-0.0007363507174886763,-0.002640209160745144,0.008796649053692818,1.002032995223999,585.8045420609415
7,89,1959,247,246,0.3617886178861789,phase_a_20_40_representative,Phase A 20–40% observation nearest the Phase A median Unrelated full distance,0,U05,Unrelated,turn the stove knob clockwise,Plausible rotational manipulation unrelated to packing.,20260810,20330899,16,7170089,sha256:bd027dde059881f9,mps:0,-0.19017857313156128,0.824999988079071,0.03214285895228386,0.0,-0.03642857074737549,-0.0,1.0,0.0362468957901001,0.8238703012466431,-0.3512403666973114,-0.00410684896633029,-0.012302019633352757,0.004059748724102974,1.0274882316589355,567.8110411390662
7,89,1959,247,246,0.3617886178861789,phase_a_20_40_representative,Phase A 20–40% observation nearest the Phase A median Unrelated full distance,0,C02,Contradictory,put the butter in the basket but leave the cream cheese box on the table,Reverses which target object is excluded.,20260810,20330899,17,7170089,sha256:bd027dde059881f9,mps:0,-0.19017857313156128,0.824999988079071,0.03214285895228386,0.0,-0.03642857074737549,-0.0,1.0,0.1594570279121399,0.8175622820854187,0.17439711093902588,-0.00218937243334949,0.00708544347435236,-0.0020674364641308784,1.0167064666748047,555.612290976569
7,89,1959,247,246,0.3617886178861789,phase_a_20_40_representative,Phase A 20–40% observation nearest the Phase A median Unrelated full distance,0,C03,Contradictory,place only the cream cheese box in the basket and move the butter beside the basket,Changes inclusion and gives the butter an adjacent destination.,20260810,20330899,18,7170089,sha256:bd027dde059881f9,mps:0,-0.19017857313156128,0.824999988079071,0.03214285895228386,0.0,-0.03642857074737549,-0.0,1.0,-0.004729509353637695,0.8324145674705505,0.11024165898561478,-0.010144125670194626,-0.009543190710246563,-0.00553060881793499,0.9980904459953308,553.2650409732014
7,89,1959,247,246,0.3617886178861789,phase_a_20_40_representative,Phase A 20–40% observation nearest the Phase A median Unrelated full distance,0,C05,Contradictory,place the cream cheese box on the table and put only the butter in the basket,Assigns different destinations and excludes one object from the basket.,20260810,20330899,19,7170089,sha256:bd027dde059881f9,mps:0,-0.19017857313156128,0.824999988079071,0.03214285895228386,0.0,-0.03642857074737549,-0.0,1.0,0.1288721263408661,0.8234586119651794,0.1951429545879364,-0.0014551649801433086,-0.0019989903084933758,-0.004641748033463955,0.9909664988517761,535.1147500332445
7,89,1959,247,246,0.3617886178861789,phase_a_20_40_representative,Phase A 20–40% observation nearest the Phase A median Unrelated full distance,0,U02,Unrelated,close the microwave door,Plausible appliance manipulation unrelated to the packing goal.,20260810,20330899,20,7170089,sha256:bd027dde059881f9,mps:0,-0.19017857313156128,0.824999988079071,0.03214285895228386,0.0,-0.03642857074737549,-0.0,1.0,0.054294683039188385,0.938576340675354,-0.20066577196121216,-0.0011199663858860731,-0.014620090834796429,0.005476045422255993,1.000213384628296,570.1597919687629
7,89,1959,247,246,0.3617886178861789,phase_a_20_40_representative,Phase A 20–40% observation nearest the Phase A median Unrelated full distance,0,U08,Unrelated,slide the cutting board toward the sink,Different planar manipulation with unrelated object and target.,20260810,20330899,21,7170089,sha256:bd027dde059881f9,mps:0,-0.19017857313156128,0.824999988079071,0.03214285895228386,0.0,-0.03642857074737549,-0.0,1.0,0.15552808344364166,0.8098399639129639,-0.2826590836048126,0.002859765663743019,-0.028209008276462555,-0.016091223806142807,1.005867600440979,572.8717918973416
7,89,1959,247,246,0.3617886178861789,phase_a_20_40_representative,Phase A 20–40% observation nearest the Phase A median Unrelated full distance,0,U10,Unrelated,take the spoon from the counter and place it in the utensil holder,Different pick-and-place task with unrelated objects and destination.,20260810,20330899,22,7170089,sha256:bd027dde059881f9,mps:0,-0.19017857313156128,0.824999988079071,0.03214285895228386,0.0,-0.03642857074737549,-0.0,1.0,0.009941916912794113,0.8202602863311768,-0.07407955825328827,-0.003294401802122593,-0.01558921579271555,-0.0038833417929708958,1.0002334117889404,575.4515419248492
7,89,1959,247,246,0.3617886178861789,phase_a_20_40_representative,Phase A 20–40% observation nearest the Phase A median Unrelated full distance,0,U06,Unrelated,place the cereal box inside the kitchen cabinet,Different object and destination; not a modification of the basket task.,20260810,20330899,23,7170089,sha256:bd027dde059881f9,mps:0,-0.19017857313156128,0.824999988079071,0.03214285895228386,0.0,-0.03642857074737549,-0.0,1.0,0.10501110553741455,0.8638671636581421,-0.23520514369010925,0.007522809784859419,0.00577786099165678,0.004836397245526314,1.0023709535598755,555.1966668572277
7,89,1959,247,246,0.3617886178861789,phase_a_20_40_representative,Phase A 20–40% observation nearest the Phase A median Unrelated full distance,0,U09,Unrelated,put the blue cup on the upper shelf,Different object-placement task in another part of the workspace.,20260810,20330899,24,7170089,sha256:bd027dde059881f9,mps:0,-0.19017857313156128,0.824999988079071,0.03214285895228386,0.0,-0.03642857074737549,-0.0,1.0,0.16953912377357483,0.7239646911621094,-0.18975532054901123,0.011901535093784332,-0.010026856325566769,-0.016289740800857544,1.0219072103500366,546.2307089474052
7,89,1959,247,246,0.3617886178861789,phase_a_20_40_representative,Phase A 20–40% observation nearest the Phase A median Unrelated full distance,0,P08,Paraphrase,ensure that both the butter and the cream cheese box are inside the basket,State-goal phrasing; both named objects must end inside the basket.,20260810,20330899,25,7170089,sha256:bd027dde059881f9,mps:0,-0.19017857313156128,0.824999988079071,0.03214285895228386,0.0,-0.03642857074737549,-0.0,1.0,0.11084550619125366,0.8389015793800354,0.22717353701591492,-0.0019865145441144705,-0.001237755175679922,-0.004251713398844004,0.9894524216651917,526.6973751131445
7,89,1959,247,246,0.3617886178861789,phase_a_20_40_representative,Phase A 20–40% observation nearest the Phase A median Unrelated full distance,0,P10,Paraphrase,"into the basket, place both the cream cheese box and the butter",Fronted destination; retains both objects and the original goal.,20260810,20330899,26,7170089,sha256:bd027dde059881f9,mps:0,-0.19017857313156128,0.824999988079071,0.03214285895228386,0.0,-0.03642857074737549,-0.0,1.0,0.11064857244491577,0.8569691777229309,0.14609485864639282,-0.005232449155300856,0.0010718004778027534,-0.002209442900493741,1.0127087831497192,584.7920828964561
7,89,1959,247,246,0.3617886178861789,phase_a_20_40_representative,Phase A 20–40% observation nearest the Phase A median Unrelated full distance,0,C01,Contradictory,put the cream cheese box in the basket but leave the butter outside the basket,Original contradiction: excludes the butter from the destination.,20260810,20330899,27,7170089,sha256:bd027dde059881f9,mps:0,-0.19017857313156128,0.824999988079071,0.03214285895228386,0.0,-0.03642857074737549,-0.0,1.0,0.09082585573196411,0.8258429765701294,0.20433476567268372,-0.004261077381670475,-0.003705316223204136,-0.008607925847172737,1.008604645729065,562.8619999624789
7,89,1959,247,246,0.3617886178861789,phase_a_20_40_representative,Phase A 20–40% observation nearest the Phase A median Unrelated full distance,0,P01,Paraphrase,place both the cream cheese box and the butter in the basket,Lexical substitution; preserves both objects and destination.,20260810,20330899,28,7170089,sha256:bd027dde059881f9,mps:0,-0.19017857313156128,0.824999988079071,0.03214285895228386,0.0,-0.03642857074737549,-0.0,1.0,0.03307211399078369,0.8689491748809814,0.13314604759216309,-0.0065782745368778706,-0.0032329335808753967,-0.0004171021282672882,1.007121205329895,584.6606250852346
7,89,1959,247,246,0.3617886178861789,phase_a_20_40_representative,Phase A 20–40% observation nearest the Phase A median Unrelated full distance,0,CORRECT,Correct,put both the cream cheese box and the butter in the basket,Exact canonical dataset task; the single baseline for every observation.,20260810,20330899,29,7170089,sha256:bd027dde059881f9,mps:0,-0.19017857313156128,0.824999988079071,0.03214285895228386,0.0,-0.03642857074737549,-0.0,1.0,0.024187777191400528,0.8596432209014893,0.174867182970047,-0.00700658792629838,-0.0010880595073103905,-0.001553329173475504,1.00843346118927,540.8029169775546
7,89,1959,247,246,0.3617886178861789,phase_a_20_40_representative,Phase A 20–40% observation nearest the Phase A median Unrelated full distance,0,C08,Contradictory,stack the butter on top of the cream cheese box outside the basket,Changes the goal from packing to stacking both objects outside.,20260810,20330899,30,7170089,sha256:bd027dde059881f9,mps:0,-0.19017857313156128,0.824999988079071,0.03214285895228386,0.0,-0.03642857074737549,-0.0,1.0,0.2936367690563202,0.7239598035812378,0.5921305418014526,-0.004874978214502335,0.022869311273097992,-0.01751811057329178,1.0349671840667725,541.901791933924
7,89,1959,247,246,0.3617886178861789,phase_a_20_40_representative,Phase A 20–40% observation nearest the Phase A median Unrelated full distance,0,P03,Paraphrase,move the cream cheese box and the butter into the basket,Uses move/into while retaining both objects and destination.,20260810,20330899,31,7170089,sha256:bd027dde059881f9,mps:0,-0.19017857313156128,0.824999988079071,0.03214285895228386,0.0,-0.03642857074737549,-0.0,1.0,0.04693682864308357,0.9083265066146851,0.036912448704242706,-0.00623069703578949,-0.013308933936059475,0.0017743171192705631,1.003158450126648,574.5557087939233
7,126,1996,247,246,0.5121951219512195,coverage_anchor,coverage anchor nearest predetermined normalized progress target 0.50,0,P10,Paraphrase,"into the basket, place both the cream cheese box and the butter",Fronted destination; retains both objects and the original goal.,20260810,20330936,1,7170126,sha256:18cb72405715d3dd,mps:0,0.10446428507566452,0.1875,-0.0,-0.04392857104539871,0.1039285734295845,0.024642856791615486,1.0,0.009227752685546875,0.039542216807603836,0.22101083397865295,-0.00027535820845514536,0.011003861203789711,-0.0018932814709842205,-0.9823845028877258,535.8720829244703
7,126,1996,247,246,0.5121951219512195,coverage_anchor,coverage anchor nearest predetermined normalized progress target 0.50,0,C05,Contradictory,place the cream cheese box on the table and put only the butter in the basket,Assigns different destinations and excludes one object from the basket.,20260810,20330936,2,7170126,sha256:18cb72405715d3dd,mps:0,0.10446428507566452,0.1875,-0.0,-0.04392857104539871,0.1039285734295845,0.024642856791615486,1.0,0.007329888641834259,0.03547073155641556,0.3031459152698517,7.036433089524508e-05,0.01462087407708168,-0.005360598210245371,-0.9922248125076294,563.9077499508858
7,126,1996,247,246,0.5121951219512195,coverage_anchor,coverage anchor nearest predetermined normalized progress target 0.50,0,U10,Unrelated,take the spoon from the counter and place it in the utensil holder,Different pick-and-place task with unrelated objects and destination.,20260810,20330936,3,7170126,sha256:18cb72405715d3dd,mps:0,0.10446428507566452,0.1875,-0.0,-0.04392857104539871,0.1039285734295845,0.024642856791615486,1.0,-0.0045791566371917725,0.047236669808626175,0.23109763860702515,-0.0022121642250567675,0.010129512287676334,-0.006239915266633034,-0.9992284178733826,557.3705409187824
7,126,1996,247,246,0.5121951219512195,coverage_anchor,coverage anchor nearest predetermined normalized progress target 0.50,0,C09,Contradictory,put the cream cheese box beside the basket and leave the butter on the table,Keeps both target objects outside at two stated locations.,20260810,20330936,4,7170126,sha256:18cb72405715d3dd,mps:0,0.10446428507566452,0.1875,-0.0,-0.04392857104539871,0.1039285734295845,0.024642856791615486,1.0,0.03351391851902008,0.016151703894138336,0.3202782869338989,-0.000456094101537019,0.014706944115459919,-0.0029350973200052977,-0.9900307655334473,547.6640418637544
7,126,1996,247,246,0.5121951219512195,coverage_anchor,coverage anchor nearest predetermined normalized progress target 0.50,0,C04,Contradictory,put only the butter in the basket and keep the cream cheese box where it is,Selects only the butter and preserves the cream-cheese position.,20260810,20330936,5,7170126,sha256:18cb72405715d3dd,mps:0,0.10446428507566452,0.1875,-0.0,-0.04392857104539871,0.1039285734295845,0.024642856791615486,1.0,0.03791207820177078,0.04919072985649109,0.2638262212276459,-0.0017672446556389332,0.028489626944065094,-0.005821797996759415,-0.9951820373535156,563.0500838160515
7,126,1996,247,246,0.5121951219512195,coverage_anchor,coverage anchor nearest predetermined normalized progress target 0.50,0,P03,Paraphrase,move the cream cheese box and the butter into the basket,Uses move/into while retaining both objects and destination.,20260810,20330936,6,7170126,sha256:18cb72405715d3dd,mps:0,0.10446428507566452,0.1875,-0.0,-0.04392857104539871,0.1039285734295845,0.024642856791615486,1.0,-0.04369816929101944,0.0175526961684227,0.1960233747959137,-0.0014958796091377735,0.002433349145576358,0.0010354765690863132,-0.9989871978759766,560.5335829313844
7,126,1996,247,246,0.5121951219512195,coverage_anchor,coverage anchor nearest predetermined normalized progress target 0.50,0,C02,Contradictory,put the butter in the basket but leave the cream cheese box on the table,Reverses which target object is excluded.,20260810,20330936,7,7170126,sha256:18cb72405715d3dd,mps:0,0.10446428507566452,0.1875,-0.0,-0.04392857104539871,0.1039285734295845,0.024642856791615486,1.0,0.0590539388358593,0.03003361076116562,0.3497810959815979,-0.004745793528854847,0.02774195373058319,-0.00020651519298553467,-0.9824075102806091,545.1565419789404
7,126,1996,247,246,0.5121951219512195,coverage_anchor,coverage anchor nearest predetermined normalized progress target 0.50,0,C01,Contradictory,put the cream cheese box in the basket but leave the butter outside the basket,Original contradiction: excludes the butter from the destination.,20260810,20330936,8,7170126,sha256:18cb72405715d3dd,mps:0,0.10446428507566452,0.1875,-0.0,-0.04392857104539871,0.1039285734295845,0.024642856791615486,1.0,0.02590462565422058,0.03349106386303902,0.34052392840385437,-0.003916568122804165,0.02285487949848175,-0.009036470204591751,-0.9837408065795898,528.7623340263963
7,126,1996,247,246,0.5121951219512195,coverage_anchor,coverage anchor nearest predetermined normalized progress target 0.50,0,P08,Paraphrase,ensure that both the butter and the cream cheese box are inside the basket,State-goal phrasing; both named objects must end inside the basket.,20260810,20330936,9,7170126,sha256:18cb72405715d3dd,mps:0,0.10446428507566452,0.1875,-0.0,-0.04392857104539871,0.1039285734295845,0.024642856791615486,1.0,0.01144670695066452,0.04458211734890938,0.21711081266403198,-0.0003292729379609227,0.011784378439188004,0.0033787982538342476,-0.9874900579452515,547.5690830498934
7,126,1996,247,246,0.5121951219512195,coverage_anchor,coverage anchor nearest predetermined normalized progress target 0.50,0,U05,Unrelated,turn the stove knob clockwise,Plausible rotational manipulation unrelated to packing.,20260810,20330936,10,7170126,sha256:18cb72405715d3dd,mps:0,0.10446428507566452,0.1875,-0.0,-0.04392857104539871,0.1039285734295845,0.024642856791615486,1.0,-0.02782481163740158,0.0032662078738212585,0.21530067920684814,0.0002964170416817069,0.02616441249847412,0.0020187911577522755,-0.9971013069152832,585.5817080009729
7,126,1996,247,246,0.5121951219512195,coverage_anchor,coverage anchor nearest predetermined normalized progress target 0.50,0,C08,Contradictory,stack the butter on top of the cream cheese box outside the basket,Changes the goal from packing to stacking both objects outside.,20260810,20330936,11,7170126,sha256:18cb72405715d3dd,mps:0,0.10446428507566452,0.1875,-0.0,-0.04392857104539871,0.1039285734295845,0.024642856791615486,1.0,0.041318900883197784,0.033500589430332184,0.36065053939819336,0.0004575128841679543,0.02746640145778656,-0.007060120347887278,-0.9818965792655945,572.605499997735
7,126,1996,247,246,0.5121951219512195,coverage_anchor,coverage anchor nearest predetermined normalized progress target 0.50,0,U08,Unrelated,slide the cutting board toward the sink,Different planar manipulation with unrelated object and target.,20260810,20330936,12,7170126,sha256:18cb72405715d3dd,mps:0,0.10446428507566452,0.1875,-0.0,-0.04392857104539871,0.1039285734295845,0.024642856791615486,1.0,0.0006431750953197479,0.0006575211882591248,0.3018898665904999,0.00024052502703852952,0.017104703933000565,-0.004178932402282953,-0.991210401058197,579.3584170751274
7,126,1996,247,246,0.5121951219512195,coverage_anchor,coverage anchor nearest predetermined normalized progress target 0.50,0,U03,Unrelated,pick up the red mug and place it on the saucer,Different object-transfer task with an unrelated destination.,20260810,20330936,13,7170126,sha256:18cb72405715d3dd,mps:0,0.10446428507566452,0.1875,-0.0,-0.04392857104539871,0.1039285734295845,0.024642856791615486,1.0,0.004927057772874832,0.029603011906147003,0.19514480233192444,-0.0020175522658973932,0.01361739169806242,-0.004176045767962933,-1.0062072277069092,536.1135839484632
7,126,1996,247,246,0.5121951219512195,coverage_anchor,coverage anchor nearest predetermined normalized progress target 0.50,0,CORRECT,Correct,put both the cream cheese box and the butter in the basket,Exact canonical dataset task; the single baseline for every observation.,20260810,20330936,14,7170126,sha256:18cb72405715d3dd,mps:0,0.10446428507566452,0.1875,-0.0,-0.04392857104539871,0.1039285734295845,0.024642856791615486,1.0,-0.019308678805828094,0.023700974881649017,0.21312615275382996,-0.002843878697603941,0.007165495306253433,0.0014553866349160671,-0.9859266877174377,553.4593341872096
7,126,1996,247,246,0.5121951219512195,coverage_anchor,coverage anchor nearest predetermined normalized progress target 0.50,0,U07,Unrelated,lift the saucepan and set it on the front burner,Different two-step kitchen manipulation task.,20260810,20330936,15,7170126,sha256:18cb72405715d3dd,mps:0,0.10446428507566452,0.1875,-0.0,-0.04392857104539871,0.1039285734295845,0.024642856791615486,1.0,-0.01195140928030014,0.009482786059379578,0.222529798746109,-1.86823308467865e-05,0.007025102153420448,-0.014355259947478771,-1.0004408359527588,570.0273751281202
7,126,1996,247,246,0.5121951219512195,coverage_anchor,coverage anchor nearest predetermined normalized progress target 0.50,0,P09,Paraphrase,the cream cheese box and the butter should both be put into the basket,Passive syntax; same object set and destination.,20260810,20330936,16,7170126,sha256:18cb72405715d3dd,mps:0,0.10446428507566452,0.1875,-0.0,-0.04392857104539871,0.1039285734295845,0.024642856791615486,1.0,0.006536081433296204,0.031714893877506256,0.31143271923065186,-0.0007367017096839845,0.012627973221242428,0.0002130093052983284,-0.9822888970375061,557.0084161590785
7,126,1996,247,246,0.5121951219512195,coverage_anchor,coverage anchor nearest predetermined normalized progress target 0.50,0,P01,Paraphrase,place both the cream cheese box and the butter in the basket,Lexical substitution; preserves both objects and destination.,20260810,20330936,17,7170126,sha256:18cb72405715d3dd,mps:0,0.10446428507566452,0.1875,-0.0,-0.04392857104539871,0.1039285734295845,0.024642856791615486,1.0,-0.022443503141403198,0.028440598398447037,0.2185581922531128,-0.001800833735615015,0.008051857352256775,0.0035024965181946754,-0.9835774302482605,564.2759168986231
7,126,1996,247,246,0.5121951219512195,coverage_anchor,coverage anchor nearest predetermined normalized progress target 0.50,0,U02,Unrelated,close the microwave door,Plausible appliance manipulation unrelated to the packing goal.,20260810,20330936,18,7170126,sha256:18cb72405715d3dd,mps:0,0.10446428507566452,0.1875,-0.0,-0.04392857104539871,0.1039285734295845,0.024642856791615486,1.0,0.0038409270346164703,0.004170753061771393,0.295594722032547,-0.0003601918579079211,0.022964362055063248,-0.0012341300025582314,-1.0089093446731567,559.2030410189182
7,126,1996,247,246,0.5121951219512195,coverage_anchor,coverage anchor nearest predetermined normalized progress target 0.50,0,P02,Paraphrase,put the butter and the cream cheese box together inside the basket,Reverses object order and uses inside/together; same goal.,20260810,20330936,19,7170126,sha256:18cb72405715d3dd,mps:0,0.10446428507566452,0.1875,-0.0,-0.04392857104539871,0.1039285734295845,0.024642856791615486,1.0,-0.02572733163833618,0.017530634999275208,0.20615410804748535,0.0002093543007504195,0.0010354113765060902,-4.4611748307943344e-05,-0.9907147884368896,529.5067499391735
7,126,1996,247,246,0.5121951219512195,coverage_anchor,coverage anchor nearest predetermined normalized progress target 0.50,0,P04,Paraphrase,"transfer both items, the cream cheese box and the butter, to the basket",Appositive syntax; explicitly names both items and the basket.,20260810,20330936,20,7170126,sha256:18cb72405715d3dd,mps:0,0.10446428507566452,0.1875,-0.0,-0.04392857104539871,0.1039285734295845,0.024642856791615486,1.0,0.012610204517841339,0.06501374393701553,0.30693161487579346,-0.012627745978534222,0.01999858021736145,0.01084870845079422,-0.9996783137321472,568.8650000374764
7,126,1996,247,246,0.5121951219512195,coverage_anchor,coverage anchor nearest predetermined normalized progress target 0.50,0,C03,Contradictory,place only the cream cheese box in the basket and move the butter beside the basket,Changes inclusion and gives the butter an adjacent destination.,20260810,20330936,21,7170126,sha256:18cb72405715d3dd,mps:0,0.10446428507566452,0.1875,-0.0,-0.04392857104539871,0.1039285734295845,0.024642856791615486,1.0,-0.011315010488033295,0.022459939122200012,0.29464706778526306,-0.0002344474196434021,0.016546914353966713,-0.004098924342542887,-0.991482138633728,560.0334170740098
7,126,1996,247,246,0.5121951219512195,coverage_anchor,coverage anchor nearest predetermined normalized progress target 0.50,0,C10,Contradictory,"move the cream cheese box into the basket, then take the butter out of the basket",Sequential inclusion/exclusion contradiction with distinct object roles.,20260810,20330936,22,7170126,sha256:18cb72405715d3dd,mps:0,0.10446428507566452,0.1875,-0.0,-0.04392857104539871,0.1039285734295845,0.024642856791615486,1.0,-0.001772075891494751,0.022506050765514374,0.2128789722919464,0.0005072011845186353,0.014155050739645958,-0.006711790803819895,-1.0009591579437256,582.2096248157322
7,126,1996,247,246,0.5121951219512195,coverage_anchor,coverage anchor nearest predetermined normalized progress target 0.50,0,U04,Unrelated,move the black bowl onto the serving plate,Different tabletop placement task using unrelated objects.,20260810,20330936,23,7170126,sha256:18cb72405715d3dd,mps:0,0.10446428507566452,0.1875,-0.0,-0.04392857104539871,0.1039285734295845,0.024642856791615486,1.0,-0.005646064877510071,0.032837480306625366,0.2599683105945587,0.00036943500163033605,0.010228006169199944,-0.009653576649725437,-1.0049946308135986,555.2284170407802
7,126,1996,247,246,0.5121951219512195,coverage_anchor,coverage anchor nearest predetermined normalized progress target 0.50,0,U01,Unrelated,open the top drawer of the cabinet,Original Unrelated prompt retained as one variant for direct diagnosis.,20260810,20330936,24,7170126,sha256:18cb72405715d3dd,mps:0,0.10446428507566452,0.1875,-0.0,-0.04392857104539871,0.1039285734295845,0.024642856791615486,1.0,0.02928054705262184,0.004004523158073425,0.2919963002204895,-0.0019035786390304565,0.030601337552070618,0.004433459602296352,-1.0036094188690186,587.6326251309365
7,126,1996,247,246,0.5121951219512195,coverage_anchor,coverage anchor nearest predetermined normalized progress target 0.50,0,C07,Contradictory,put the cream cheese box in the basket and move the butter to the far side of the table,Keeps one original placement and gives the butter a distant destination.,20260810,20330936,25,7170126,sha256:18cb72405715d3dd,mps:0,0.10446428507566452,0.1875,-0.0,-0.04392857104539871,0.1039285734295845,0.024642856791615486,1.0,0.009847190231084824,0.020295940339565277,0.23525303602218628,-0.0005101104616187513,0.0167776420712471,-0.009556889533996582,-1.000749945640564,560.6197500601411
7,126,1996,247,246,0.5121951219512195,coverage_anchor,coverage anchor nearest predetermined normalized progress target 0.50,0,U09,Unrelated,put the blue cup on the upper shelf,Different object-placement task in another part of the workspace.,20260810,20330936,26,7170126,sha256:18cb72405715d3dd,mps:0,0.10446428507566452,0.1875,-0.0,-0.04392857104539871,0.1039285734295845,0.024642856791615486,1.0,-0.004131197929382324,0.036329228430986404,0.2884505093097687,-0.0008625111659057438,0.01549031026661396,-0.011693334206938744,-0.9977667927742004,544.5764998439699
7,126,1996,247,246,0.5121951219512195,coverage_anchor,coverage anchor nearest predetermined normalized progress target 0.50,0,P05,Paraphrase,set the cream cheese box as well as the butter inside the basket,As-well-as coordination; same two-object placement goal.,20260810,20330936,27,7170126,sha256:18cb72405715d3dd,mps:0,0.10446428507566452,0.1875,-0.0,-0.04392857104539871,0.1039285734295845,0.024642856791615486,1.0,-0.02219356596469879,0.03516938164830208,0.2352563440799713,-0.0012597863096743822,0.012534149922430515,-0.008386611938476562,-0.9861781597137451,560.8072918839753
7,126,1996,247,246,0.5121951219512195,coverage_anchor,coverage anchor nearest predetermined normalized progress target 0.50,0,P06,Paraphrase,pack the basket with both the cream cheese box and the butter,Destination-fronted packing wording; preserves complete goal.,20260810,20330936,28,7170126,sha256:18cb72405715d3dd,mps:0,0.10446428507566452,0.1875,-0.0,-0.04392857104539871,0.1039285734295845,0.024642856791615486,1.0,-0.004190586507320404,0.0483483150601387,0.28884175419807434,-0.009268167428672314,0.015090244822204113,0.007146376185119152,-0.9845694899559021,567.4286249559373
7,126,1996,247,246,0.5121951219512195,coverage_anchor,coverage anchor nearest predetermined normalized progress target 0.50,0,U06,Unrelated,place the cereal box inside the kitchen cabinet,Different object and destination; not a modification of the basket task.,20260810,20330936,29,7170126,sha256:18cb72405715d3dd,mps:0,0.10446428507566452,0.1875,-0.0,-0.04392857104539871,0.1039285734295845,0.024642856791615486,1.0,-0.04644031822681427,0.03475303202867508,0.20032307505607605,0.00042110553476959467,-0.0009467559866607189,0.002228834666311741,-0.9943650364875793,543.7485408037901
7,126,1996,247,246,0.5121951219512195,coverage_anchor,coverage anchor nearest predetermined normalized progress target 0.50,0,P07,Paraphrase,take the cream cheese box and the butter and place them in the basket,Two-verb construction with an explicit plural reference to both objects.,20260810,20330936,30,7170126,sha256:18cb72405715d3dd,mps:0,0.10446428507566452,0.1875,-0.0,-0.04392857104539871,0.1039285734295845,0.024642856791615486,1.0,-0.007271930575370789,0.029884539544582367,0.19266891479492188,-0.0007785814232192934,0.00734904408454895,-0.010266543366014957,-0.9958113431930542,560.3973749093711
7,126,1996,247,246,0.5121951219512195,coverage_anchor,coverage anchor nearest predetermined normalized progress target 0.50,0,C06,Contradictory,place both the cream cheese box and the butter next to the basket instead of inside it,Preserves both objects but changes the destination for both.,20260810,20330936,31,7170126,sha256:18cb72405715d3dd,mps:0,0.10446428507566452,0.1875,-0.0,-0.04392857104539871,0.1039285734295845,0.024642856791615486,1.0,-0.0009745508432388306,0.01198279857635498,0.23738157749176025,0.0005949925980530679,0.017941992729902267,-0.0020183452870696783,-0.9930058121681213,560.1447909139097
8,103,2220,238,237,0.4345991561181435,ordinary_control,ordinary control nearest the episode median altered-condition distance among ordering-consistent rows,0,C09,Contradictory,put the cream cheese box beside the basket and leave the butter on the table,Keeps both target objects outside at two stated locations.,20260810,20340913,1,7180103,sha256:3253d17e6f0db0a2,mps:0,-0.28928571939468384,0.7848214507102966,-0.04285714402794838,0.014999999664723873,-0.010714286006987095,-0.0,1.0,-0.34271949529647827,0.4755149781703949,-0.35849612951278687,0.019275609403848648,-0.023131534457206726,-0.0077833994291722775,0.9916761517524719,551.3303750194609
8,103,2220,238,237,0.4345991561181435,ordinary_control,ordinary control nearest the episode median altered-condition distance among ordering-consistent rows,0,C03,Contradictory,place only the cream cheese box in the basket and move the butter beside the basket,Changes inclusion and gives the butter an adjacent destination.,20260810,20340913,2,7180103,sha256:3253d17e6f0db0a2,mps:0,-0.28928571939468384,0.7848214507102966,-0.04285714402794838,0.014999999664723873,-0.010714286006987095,-0.0,1.0,-0.5240973830223083,0.5637903213500977,-0.41524016857147217,0.0043737622909247875,-0.018910981714725494,-5.108444020152092e-05,0.992731511592865,598.7298749387264
8,103,2220,238,237,0.4345991561181435,ordinary_control,ordinary control nearest the episode median altered-condition distance among ordering-consistent rows,0,C01,Contradictory,put the cream cheese box in the basket but leave the butter outside the basket,Original contradiction: excludes the butter from the destination.,20260810,20340913,3,7180103,sha256:3253d17e6f0db0a2,mps:0,-0.28928571939468384,0.7848214507102966,-0.04285714402794838,0.014999999664723873,-0.010714286006987095,-0.0,1.0,-0.38120806217193604,0.5403103828430176,-0.3235672414302826,0.007872035726904869,-0.017847873270511627,-0.012383083812892437,0.9910891652107239,529.3933330103755
8,103,2220,238,237,0.4345991561181435,ordinary_control,ordinary control nearest the episode median altered-condition distance among ordering-consistent rows,0,U09,Unrelated,put the blue cup on the upper shelf,Different object-placement task in another part of the workspace.,20260810,20340913,4,7180103,sha256:3253d17e6f0db0a2,mps:0,-0.28928571939468384,0.7848214507102966,-0.04285714402794838,0.014999999664723873,-0.010714286006987095,-0.0,1.0,-0.4432212710380554,-0.060614973306655884,-0.4253855347633362,0.04496977850794792,0.0022361737210303545,-0.02383173070847988,0.9937366843223572,549.3574999272823
8,103,2220,238,237,0.4345991561181435,ordinary_control,ordinary control nearest the episode median altered-condition distance among ordering-consistent rows,0,P03,Paraphrase,move the cream cheese box and the butter into the basket,Uses move/into while retaining both objects and destination.,20260810,20340913,5,7180103,sha256:3253d17e6f0db0a2,mps:0,-0.28928571939468384,0.7848214507102966,-0.04285714402794838,0.014999999664723873,-0.010714286006987095,-0.0,1.0,-0.5816913843154907,0.5075622797012329,-0.4694827198982239,0.003042456228286028,-0.0251084566116333,0.008846329525113106,1.0079340934753418,546.566457953304
8,103,2220,238,237,0.4345991561181435,ordinary_control,ordinary control nearest the episode median altered-condition distance among ordering-consistent rows,0,C04,Contradictory,put only the butter in the basket and keep the cream cheese box where it is,Selects only the butter and preserves the cream-cheese position.,20260810,20340913,6,7180103,sha256:3253d17e6f0db0a2,mps:0,-0.28928571939468384,0.7848214507102966,-0.04285714402794838,0.014999999664723873,-0.010714286006987095,-0.0,1.0,-0.28808677196502686,0.530046284198761,-0.4416196346282959,0.022254744544625282,-0.009098618291318417,-0.01897452399134636,0.9899081587791443,558.7547090835869
8,103,2220,238,237,0.4345991561181435,ordinary_control,ordinary control nearest the episode median altered-condition distance among ordering-consistent rows,0,U10,Unrelated,take the spoon from the counter and place it in the utensil holder,Different pick-and-place task with unrelated objects and destination.,20260810,20340913,7,7180103,sha256:3253d17e6f0db0a2,mps:0,-0.28928571939468384,0.7848214507102966,-0.04285714402794838,0.014999999664723873,-0.010714286006987095,-0.0,1.0,-0.45359742641448975,0.22801144421100616,-0.5752554535865784,0.029853392392396927,-0.005415053106844425,-0.010075096972286701,0.9937509894371033,534.5612079836428
8,103,2220,238,237,0.4345991561181435,ordinary_control,ordinary control nearest the episode median altered-condition distance among ordering-consistent rows,0,P02,Paraphrase,put the butter and the cream cheese box together inside the basket,Reverses object order and uses inside/together; same goal.,20260810,20340913,8,7180103,sha256:3253d17e6f0db0a2,mps:0,-0.28928571939468384,0.7848214507102966,-0.04285714402794838,0.014999999664723873,-0.010714286006987095,-0.0,1.0,-0.410373717546463,0.6307408213615417,-0.25488877296447754,0.007218912243843079,-0.01878863200545311,-0.004681186750531197,1.0007542371749878,583.5845000110567
8,103,2220,238,237,0.4345991561181435,ordinary_control,ordinary control nearest the episode median altered-condition distance among ordering-consistent rows,0,P01,Paraphrase,place both the cream cheese box and the butter in the basket,Lexical substitution; preserves both objects and destination.,20260810,20340913,9,7180103,sha256:3253d17e6f0db0a2,mps:0,-0.28928571939468384,0.7848214507102966,-0.04285714402794838,0.014999999664723873,-0.010714286006987095,-0.0,1.0,-0.47839802503585815,0.6860415935516357,-0.1918661743402481,0.002061285311356187,-0.008308026008307934,-0.0002451390027999878,1.0059224367141724,539.9447500240058
8,103,2220,238,237,0.4345991561181435,ordinary_control,ordinary control nearest the episode median altered-condition distance among ordering-consistent rows,0,C08,Contradictory,stack the butter on top of the cream cheese box outside the basket,Changes the goal from packing to stacking both objects outside.,20260810,20340913,10,7180103,sha256:3253d17e6f0db0a2,mps:0,-0.28928571939468384,0.7848214507102966,-0.04285714402794838,0.014999999664723873,-0.010714286006987095,-0.0,1.0,-0.10419540852308273,0.20597559213638306,0.2929416298866272,-0.0015798916574567556,0.027496203780174255,-0.01847653090953827,1.016918420791626,533.749874914065
8,103,2220,238,237,0.4345991561181435,ordinary_control,ordinary control nearest the episode median altered-condition distance among ordering-consistent rows,0,P06,Paraphrase,pack the basket with both the cream cheese box and the butter,Destination-fronted packing wording; preserves complete goal.,20260810,20340913,11,7180103,sha256:3253d17e6f0db0a2,mps:0,-0.28928571939468384,0.7848214507102966,-0.04285714402794838,0.014999999664723873,-0.010714286006987095,-0.0,1.0,-0.3334560692310333,0.7463358044624329,-0.07586105912923813,0.0013843660708516836,-0.009516282007098198,-0.0025721867568790913,1.006060242652893,497.37808387726545
8,103,2220,238,237,0.4345991561181435,ordinary_control,ordinary control nearest the episode median altered-condition distance among ordering-consistent rows,0,U02,Unrelated,close the microwave door,Plausible appliance manipulation unrelated to the packing goal.,20260810,20340913,12,7180103,sha256:3253d17e6f0db0a2,mps:0,-0.28928571939468384,0.7848214507102966,-0.04285714402794838,0.014999999664723873,-0.010714286006987095,-0.0,1.0,-0.5056992173194885,0.263927161693573,-0.5996635556221008,0.05141204968094826,-0.0013935444876551628,-0.006509318016469479,1.005936622619629,524.7848751023412
8,103,2220,238,237,0.4345991561181435,ordinary_control,ordinary control nearest the episode median altered-condition distance among ordering-consistent rows,0,P07,Paraphrase,take the cream cheese box and the butter and place them in the basket,Two-verb construction with an explicit plural reference to both objects.,20260810,20340913,13,7180103,sha256:3253d17e6f0db0a2,mps:0,-0.28928571939468384,0.7848214507102966,-0.04285714402794838,0.014999999664723873,-0.010714286006987095,-0.0,1.0,-0.282404363155365,0.721347451210022,-0.17135854065418243,-0.0001927541452459991,-0.015291049145162106,-0.010230526328086853,0.9917876124382019,513.3898751810193
8,103,2220,238,237,0.4345991561181435,ordinary_control,ordinary control nearest the episode median altered-condition distance among ordering-consistent rows,0,C06,Contradictory,place both the cream cheese box and the butter next to the basket instead of inside it,Preserves both objects but changes the destination for both.,20260810,20340913,14,7180103,sha256:3253d17e6f0db0a2,mps:0,-0.28928571939468384,0.7848214507102966,-0.04285714402794838,0.014999999664723873,-0.010714286006987095,-0.0,1.0,-0.28745707869529724,0.4983297288417816,-0.3558585047721863,0.0267354566603899,-0.011485130526125431,-0.01161373220384121,0.9837235808372498,533.5449590347707
8,103,2220,238,237,0.4345991561181435,ordinary_control,ordinary control nearest the episode median altered-condition distance among ordering-consistent rows,0,C07,Contradictory,put the cream cheese box in the basket and move the butter to the far side of the table,Keeps one original placement and gives the butter a distant destination.,20260810,20340913,15,7180103,sha256:3253d17e6f0db0a2,mps:0,-0.28928571939468384,0.7848214507102966,-0.04285714402794838,0.014999999664723873,-0.010714286006987095,-0.0,1.0,-0.17717987298965454,0.3856622576713562,-0.4273824691772461,0.015983177348971367,-0.0023612799122929573,-0.01920911855995655,0.9813048243522644,516.8467501644045
8,103,2220,238,237,0.4345991561181435,ordinary_control,ordinary control nearest the episode median altered-condition distance among ordering-consistent rows,0,C05,Contradictory,place the cream cheese box on the table and put only the butter in the basket,Assigns different destinations and excludes one object from the basket.,20260810,20340913,16,7180103,sha256:3253d17e6f0db0a2,mps:0,-0.28928571939468384,0.7848214507102966,-0.04285714402794838,0.014999999664723873,-0.010714286006987095,-0.0,1.0,-0.38465815782546997,0.44017794728279114,-0.39701199531555176,0.026867397129535675,-0.027863532304763794,-0.005655986722558737,0.9906832575798035,511.39916689135134
8,103,2220,238,237,0.4345991561181435,ordinary_control,ordinary control nearest the episode median altered-condition distance among ordering-consistent rows,0,U01,Unrelated,open the top drawer of the cabinet,Original Unrelated prompt retained as one variant for direct diagnosis.,20260810,20340913,17,7180103,sha256:3253d17e6f0db0a2,mps:0,-0.28928571939468384,0.7848214507102966,-0.04285714402794838,0.014999999664723873,-0.010714286006987095,-0.0,1.0,-0.18697458505630493,-0.23133721947669983,0.1123633161187172,0.001130204414948821,0.059497904032468796,-0.018672185018658638,1.001521348953247,527.5781669188291
8,103,2220,238,237,0.4345991561181435,ordinary_control,ordinary control nearest the episode median altered-condition distance among ordering-consistent rows,0,C10,Contradictory,"move the cream cheese box into the basket, then take the butter out of the basket",Sequential inclusion/exclusion contradiction with distinct object roles.,20260810,20340913,18,7180103,sha256:3253d17e6f0db0a2,mps:0,-0.28928571939468384,0.7848214507102966,-0.04285714402794838,0.014999999664723873,-0.010714286006987095,-0.0,1.0,-0.3367335796356201,0.2302907109260559,-0.5405438542366028,0.03612985834479332,-0.004953288473188877,-0.019909244030714035,0.9835520386695862,507.8092501498759
8,103,2220,238,237,0.4345991561181435,ordinary_control,ordinary control nearest the episode median altered-condition distance among ordering-consistent rows,0,U06,Unrelated,place the cereal box inside the kitchen cabinet,Different object and destination; not a modification of the basket task.,20260810,20340913,19,7180103,sha256:3253d17e6f0db0a2,mps:0,-0.28928571939468384,0.7848214507102966,-0.04285714402794838,0.014999999664723873,-0.010714286006987095,-0.0,1.0,-0.518446147441864,0.3449697494506836,-0.46441197395324707,0.046607621014118195,0.005788468290120363,-0.011714247986674309,0.9981281161308289,516.7856668122113
8,103,2220,238,237,0.4345991561181435,ordinary_control,ordinary control nearest the episode median altered-condition distance among ordering-consistent rows,0,P05,Paraphrase,set the cream cheese box as well as the butter inside the basket,As-well-as coordination; same two-object placement goal.,20260810,20340913,20,7180103,sha256:3253d17e6f0db0a2,mps:0,-0.28928571939468384,0.7848214507102966,-0.04285714402794838,0.014999999664723873,-0.010714286006987095,-0.0,1.0,-0.5206764340400696,0.6421156525611877,-0.2258002758026123,-0.000628649431746453,-0.00573510117828846,-0.00037916284054517746,0.9990999102592468,522.6871250197291
8,103,2220,238,237,0.4345991561181435,ordinary_control,ordinary control nearest the episode median altered-condition distance among ordering-consistent rows,0,U07,Unrelated,lift the saucepan and set it on the front burner,Different two-step kitchen manipulation task.,20260810,20340913,21,7180103,sha256:3253d17e6f0db0a2,mps:0,-0.28928571939468384,0.7848214507102966,-0.04285714402794838,0.014999999664723873,-0.010714286006987095,-0.0,1.0,-0.47273820638656616,0.15421032905578613,-0.6236815452575684,0.034069884568452835,-0.02246793732047081,-0.015287580899894238,0.9846166968345642,522.2773749846965
8,103,2220,238,237,0.4345991561181435,ordinary_control,ordinary control nearest the episode median altered-condition distance among ordering-consistent rows,0,P10,Paraphrase,"into the basket, place both the cream cheese box and the butter",Fronted destination; retains both objects and the original goal.,20260810,20340913,22,7180103,sha256:3253d17e6f0db0a2,mps:0,-0.28928571939468384,0.7848214507102966,-0.04285714402794838,0.014999999664723873,-0.010714286006987095,-0.0,1.0,-0.26785990595817566,0.7554441690444946,-0.12110460549592972,0.000651964801363647,-0.007164444774389267,-0.012566732242703438,0.9996102452278137,498.71266609989107
8,103,2220,238,237,0.4345991561181435,ordinary_control,ordinary control nearest the episode median altered-condition distance among ordering-consistent rows,0,P08,Paraphrase,ensure that both the butter and the cream cheese box are inside the basket,State-goal phrasing; both named objects must end inside the basket.,20260810,20340913,23,7180103,sha256:3253d17e6f0db0a2,mps:0,-0.28928571939468384,0.7848214507102966,-0.04285714402794838,0.014999999664723873,-0.010714286006987095,-0.0,1.0,-0.31578537821769714,0.7450059652328491,-0.11273624002933502,0.0005037534283474088,-0.0085542481392622,-0.007802653592079878,0.984251081943512,513.5442500468343
8,103,2220,238,237,0.4345991561181435,ordinary_control,ordinary control nearest the episode median altered-condition distance among ordering-consistent rows,0,P09,Paraphrase,the cream cheese box and the butter should both be put into the basket,Passive syntax; same object set and destination.,20260810,20340913,24,7180103,sha256:3253d17e6f0db0a2,mps:0,-0.28928571939468384,0.7848214507102966,-0.04285714402794838,0.014999999664723873,-0.010714286006987095,-0.0,1.0,-0.3170942962169647,0.5568351149559021,-0.3015088438987732,0.007155034225434065,-0.010215225629508495,-0.0011304635554552078,0.9929073452949524,494.6914999745786
8,103,2220,238,237,0.4345991561181435,ordinary_control,ordinary control nearest the episode median altered-condition distance among ordering-consistent rows,0,U04,Unrelated,move the black bowl onto the serving plate,Different tabletop placement task using unrelated objects.,20260810,20340913,25,7180103,sha256:3253d17e6f0db0a2,mps:0,-0.28928571939468384,0.7848214507102966,-0.04285714402794838,0.014999999664723873,-0.010714286006987095,-0.0,1.0,-0.2907581329345703,-0.002553001046180725,-0.6302707195281982,0.07312312722206116,-0.013620029203593731,-0.026650605723261833,0.9778959155082703,527.1956250071526
8,103,2220,238,237,0.4345991561181435,ordinary_control,ordinary control nearest the episode median altered-condition distance among ordering-consistent rows,0,U05,Unrelated,turn the stove knob clockwise,Plausible rotational manipulation unrelated to packing.,20260810,20340913,26,7180103,sha256:3253d17e6f0db0a2,mps:0,-0.28928571939468384,0.7848214507102966,-0.04285714402794838,0.014999999664723873,-0.010714286006987095,-0.0,1.0,-0.464602530002594,0.008118771016597748,-0.6337512135505676,0.05731489136815071,0.007225601468235254,-0.007650150917470455,1.010969638824463,540.3394580353051
8,103,2220,238,237,0.4345991561181435,ordinary_control,ordinary control nearest the episode median altered-condition distance among ordering-consistent rows,0,CORRECT,Correct,put both the cream cheese box and the butter in the basket,Exact canonical dataset task; the single baseline for every observation.,20260810,20340913,27,7180103,sha256:3253d17e6f0db0a2,mps:0,-0.28928571939468384,0.7848214507102966,-0.04285714402794838,0.014999999664723873,-0.010714286006987095,-0.0,1.0,-0.47733229398727417,0.6566217541694641,-0.18729794025421143,0.0012977770529687405,-0.008087508380413055,-4.643155261874199e-05,1.00974440574646,526.8546661827713
8,103,2220,238,237,0.4345991561181435,ordinary_control,ordinary control nearest the episode median altered-condition distance among ordering-consistent rows,0,U03,Unrelated,pick up the red mug and place it on the saucer,Different object-transfer task with an unrelated destination.,20260810,20340913,28,7180103,sha256:3253d17e6f0db0a2,mps:0,-0.28928571939468384,0.7848214507102966,-0.04285714402794838,0.014999999664723873,-0.010714286006987095,-0.0,1.0,-0.40166035294532776,0.16797971725463867,-0.6484190821647644,0.030880365520715714,-0.017204467207193375,0.0016982466913759708,1.0026692152023315,524.0679169073701
8,103,2220,238,237,0.4345991561181435,ordinary_control,ordinary control nearest the episode median altered-condition distance among ordering-consistent rows,0,P04,Paraphrase,"transfer both items, the cream cheese box and the butter, to the basket",Appositive syntax; explicitly names both items and the basket.,20260810,20340913,29,7180103,sha256:3253d17e6f0db0a2,mps:0,-0.28928571939468384,0.7848214507102966,-0.04285714402794838,0.014999999664723873,-0.010714286006987095,-0.0,1.0,-0.24448704719543457,0.7372065782546997,-0.1411624252796173,0.004693758208304644,-0.016545433551073074,-0.0030554907862097025,0.9809862971305847,511.01537491194904
8,103,2220,238,237,0.4345991561181435,ordinary_control,ordinary control nearest the episode median altered-condition distance among ordering-consistent rows,0,U08,Unrelated,slide the cutting board toward the sink,Different planar manipulation with unrelated object and target.,20260810,20340913,30,7180103,sha256:3253d17e6f0db0a2,mps:0,-0.28928571939468384,0.7848214507102966,-0.04285714402794838,0.014999999664723873,-0.010714286006987095,-0.0,1.0,-0.4440113306045532,0.043649472296237946,-0.5527430176734924,0.052344173192977905,0.002289782278239727,-0.017691869288682938,0.9853346943855286,513.4194998536259
8,103,2220,238,237,0.4345991561181435,ordinary_control,ordinary control nearest the episode median altered-condition distance among ordering-consistent rows,0,C02,Contradictory,put the butter in the basket but leave the cream cheese box on the table,Reverses which target object is excluded.,20260810,20340913,31,7180103,sha256:3253d17e6f0db0a2,mps:0,-0.28928571939468384,0.7848214507102966,-0.04285714402794838,0.014999999664723873,-0.010714286006987095,-0.0,1.0,-0.351947158575058,0.5315084457397461,-0.30498823523521423,0.01470515038818121,-0.013828734867274761,-0.00468401750549674,0.9969868063926697,494.2091249395162
8,163,2280,238,237,0.6877637130801688,coverage_anchor,coverage anchor nearest predetermined normalized progress target 0.70,0,C06,Contradictory,place both the cream cheese box and the butter next to the basket instead of inside it,Preserves both objects but changes the destination for both.,20260810,20340973,1,7180163,sha256:dc5aedcf44c7cc36,mps:0,-0.12857143580913544,0.15000000596046448,-0.8892857432365417,-0.006428571417927742,-0.05999999865889549,0.06428571790456772,-1.0,0.23255714774131775,0.15466859936714172,-0.3841847777366638,-0.036666058003902435,-0.013260888867080212,0.01727338321506977,-1.0105355978012085,514.8774171248078
8,163,2280,238,237,0.6877637130801688,coverage_anchor,coverage anchor nearest predetermined normalized progress target 0.70,0,U03,Unrelated,pick up the red mug and place it on the saucer,Different object-transfer task with an unrelated destination.,20260810,20340973,2,7180163,sha256:dc5aedcf44c7cc36,mps:0,-0.12857143580913544,0.15000000596046448,-0.8892857432365417,-0.006428571417927742,-0.05999999865889549,0.06428571790456772,-1.0,0.05369804799556732,0.2119944542646408,-0.15402179956436157,-0.0452147051692009,-0.002500048838555813,0.018179679289460182,-0.9966779351234436,513.0269159562886
8,163,2280,238,237,0.6877637130801688,coverage_anchor,coverage anchor nearest predetermined normalized progress target 0.70,0,U06,Unrelated,place the cereal box inside the kitchen cabinet,Different object and destination; not a modification of the basket task.,20260810,20340973,3,7180163,sha256:dc5aedcf44c7cc36,mps:0,-0.12857143580913544,0.15000000596046448,-0.8892857432365417,-0.006428571417927742,-0.05999999865889549,0.06428571790456772,-1.0,0.11613447964191437,0.1841663271188736,-0.28228384256362915,-0.04545014724135399,0.0037449351511895657,0.025994494557380676,-1.0069905519485474,525.374332908541
8,163,2280,238,237,0.6877637130801688,coverage_anchor,coverage anchor nearest predetermined normalized progress target 0.70,0,P04,Paraphrase,"transfer both items, the cream cheese box and the butter, to the basket",Appositive syntax; explicitly names both items and the basket.,20260810,20340973,4,7180163,sha256:dc5aedcf44c7cc36,mps:0,-0.12857143580913544,0.15000000596046448,-0.8892857432365417,-0.006428571417927742,-0.05999999865889549,0.06428571790456772,-1.0,0.3700163960456848,0.2276977300643921,-0.3601553738117218,-0.03612390533089638,-0.01183121744543314,0.019541703164577484,-1.007476806640625,517.5052499398589
8,163,2280,238,237,0.6877637130801688,coverage_anchor,coverage anchor nearest predetermined normalized progress target 0.70,0,C08,Contradictory,stack the butter on top of the cream cheese box outside the basket,Changes the goal from packing to stacking both objects outside.,20260810,20340973,5,7180163,sha256:dc5aedcf44c7cc36,mps:0,-0.12857143580913544,0.15000000596046448,-0.8892857432365417,-0.006428571417927742,-0.05999999865889549,0.06428571790456772,-1.0,0.02614521235227585,0.13958323001861572,-0.5392356514930725,-0.0285506434738636,-0.0023883748799562454,0.016952043399214745,-0.9880350232124329,511.79966679774225
8,163,2280,238,237,0.6877637130801688,coverage_anchor,coverage anchor nearest predetermined normalized progress target 0.70,0,P07,Paraphrase,take the cream cheese box and the butter and place them in the basket,Two-verb construction with an explicit plural reference to both objects.,20260810,20340973,6,7180163,sha256:dc5aedcf44c7cc36,mps:0,-0.12857143580913544,0.15000000596046448,-0.8892857432365417,-0.006428571417927742,-0.05999999865889549,0.06428571790456772,-1.0,0.0013737939298152924,0.14252500236034393,-0.4366638660430908,-0.03738561272621155,0.0016615437343716621,0.026417506858706474,-1.0057730674743652,525.6185829639435
8,163,2280,238,237,0.6877637130801688,coverage_anchor,coverage anchor nearest predetermined normalized progress target 0.70,0,C10,Contradictory,"move the cream cheese box into the basket, then take the butter out of the basket",Sequential inclusion/exclusion contradiction with distinct object roles.,20260810,20340973,7,7180163,sha256:dc5aedcf44c7cc36,mps:0,-0.12857143580913544,0.15000000596046448,-0.8892857432365417,-0.006428571417927742,-0.05999999865889549,0.06428571790456772,-1.0,0.07818587869405746,0.10392636060714722,-0.4582560658454895,-0.021168097853660583,-0.010174217633903027,0.01200203225016594,-1.0105979442596436,511.88633288256824
8,163,2280,238,237,0.6877637130801688,coverage_anchor,coverage anchor nearest predetermined normalized progress target 0.70,0,U01,Unrelated,open the top drawer of the cabinet,Original Unrelated prompt retained as one variant for direct diagnosis.,20260810,20340973,8,7180163,sha256:dc5aedcf44c7cc36,mps:0,-0.12857143580913544,0.15000000596046448,-0.8892857432365417,-0.006428571417927742,-0.05999999865889549,0.06428571790456772,-1.0,0.18957817554473877,0.617123007774353,-0.3430507183074951,-0.04585537314414978,0.017755409702658653,0.05346955358982086,-1.011623501777649,518.7908750958741
8,163,2280,238,237,0.6877637130801688,coverage_anchor,coverage anchor nearest predetermined normalized progress target 0.70,0,U05,Unrelated,turn the stove knob clockwise,Plausible rotational manipulation unrelated to packing.,20260810,20340973,9,7180163,sha256:dc5aedcf44c7cc36,mps:0,-0.12857143580913544,0.15000000596046448,-0.8892857432365417,-0.006428571417927742,-0.05999999865889549,0.06428571790456772,-1.0,0.007845200598239899,0.2097039818763733,-0.16908890008926392,-0.04012946039438248,0.01111520268023014,0.04625155031681061,-1.0050532817840576,516.8645000085235
8,163,2280,238,237,0.6877637130801688,coverage_anchor,coverage anchor nearest predetermined normalized progress target 0.70,0,C02,Contradictory,put the butter in the basket but leave the cream cheese box on the table,Reverses which target object is excluded.,20260810,20340973,10,7180163,sha256:dc5aedcf44c7cc36,mps:0,-0.12857143580913544,0.15000000596046448,-0.8892857432365417,-0.006428571417927742,-0.05999999865889549,0.06428571790456772,-1.0,0.049082666635513306,0.10897791385650635,-0.42181989550590515,-0.02733895555138588,-0.011806861497461796,0.016157791018486023,-0.999626100063324,548.9791249856353
8,163,2280,238,237,0.6877637130801688,coverage_anchor,coverage anchor nearest predetermined normalized progress target 0.70,0,P09,Paraphrase,the cream cheese box and the butter should both be put into the basket,Passive syntax; same object set and destination.,20260810,20340973,11,7180163,sha256:dc5aedcf44c7cc36,mps:0,-0.12857143580913544,0.15000000596046448,-0.8892857432365417,-0.006428571417927742,-0.05999999865889549,0.06428571790456772,-1.0,0.1958445906639099,0.16529789566993713,-0.29112952947616577,-0.03279251232743263,0.008121464401483536,0.017331339418888092,-0.9999971389770508,514.4223750103265
8,163,2280,238,237,0.6877637130801688,coverage_anchor,coverage anchor nearest predetermined normalized progress target 0.70,0,P02,Paraphrase,put the butter and the cream cheese box together inside the basket,Reverses object order and uses inside/together; same goal.,20260810,20340973,12,7180163,sha256:dc5aedcf44c7cc36,mps:0,-0.12857143580913544,0.15000000596046448,-0.8892857432365417,-0.006428571417927742,-0.05999999865889549,0.06428571790456772,-1.0,0.09303503483533859,0.07103592157363892,-0.4877540171146393,-0.03000492788851261,-0.01147864293307066,0.02201775461435318,-0.9941971302032471,521.7297500930727
8,163,2280,238,237,0.6877637130801688,coverage_anchor,coverage anchor nearest predetermined normalized progress target 0.70,0,C04,Contradictory,put only the butter in the basket and keep the cream cheese box where it is,Selects only the butter and preserves the cream-cheese position.,20260810,20340973,13,7180163,sha256:dc5aedcf44c7cc36,mps:0,-0.12857143580913544,0.15000000596046448,-0.8892857432365417,-0.006428571417927742,-0.05999999865889549,0.06428571790456772,-1.0,0.03336776793003082,0.16737301647663116,-0.41143059730529785,-0.03243515267968178,-0.008197556249797344,0.014923356473445892,-1.0079312324523926,536.5473330020905
8,163,2280,238,237,0.6877637130801688,coverage_anchor,coverage anchor nearest predetermined normalized progress target 0.70,0,P08,Paraphrase,ensure that both the butter and the cream cheese box are inside the basket,State-goal phrasing; both named objects must end inside the basket.,20260810,20340973,14,7180163,sha256:dc5aedcf44c7cc36,mps:0,-0.12857143580913544,0.15000000596046448,-0.8892857432365417,-0.006428571417927742,-0.05999999865889549,0.06428571790456772,-1.0,0.16016685962677002,0.13751477003097534,-0.40238115191459656,-0.023109225556254387,0.001489083282649517,0.00013771886005997658,-0.9985164403915405,507.0381248369813
8,163,2280,238,237,0.6877637130801688,coverage_anchor,coverage anchor nearest predetermined normalized progress target 0.70,0,U07,Unrelated,lift the saucepan and set it on the front burner,Different two-step kitchen manipulation task.,20260810,20340973,15,7180163,sha256:dc5aedcf44c7cc36,mps:0,-0.12857143580913544,0.15000000596046448,-0.8892857432365417,-0.006428571417927742,-0.05999999865889549,0.06428571790456772,-1.0,-0.0633322224020958,0.09368390589952469,-0.4414322078227997,-0.03256317973136902,-0.011514059267938137,0.016407480463385582,-1.0062655210494995,516.8986672069877
8,163,2280,238,237,0.6877637130801688,coverage_anchor,coverage anchor nearest predetermined normalized progress target 0.70,0,P05,Paraphrase,set the cream cheese box as well as the butter inside the basket,As-well-as coordination; same two-object placement goal.,20260810,20340973,16,7180163,sha256:dc5aedcf44c7cc36,mps:0,-0.12857143580913544,0.15000000596046448,-0.8892857432365417,-0.006428571417927742,-0.05999999865889549,0.06428571790456772,-1.0,0.10873045027256012,0.1980171501636505,-0.409188836812973,-0.03150123730301857,-0.004371591843664646,0.02654469944536686,-0.9915346503257751,536.5555412136018
8,163,2280,238,237,0.6877637130801688,coverage_anchor,coverage anchor nearest predetermined normalized progress target 0.70,0,U04,Unrelated,move the black bowl onto the serving plate,Different tabletop placement task using unrelated objects.,20260810,20340973,17,7180163,sha256:dc5aedcf44c7cc36,mps:0,-0.12857143580913544,0.15000000596046448,-0.8892857432365417,-0.006428571417927742,-0.05999999865889549,0.06428571790456772,-1.0,0.07196320593357086,0.2540725767612457,-0.25483542680740356,-0.03199345991015434,0.004834313411265612,0.008909996598958969,-1.0273233652114868,519.9570830445737
8,163,2280,238,237,0.6877637130801688,coverage_anchor,coverage anchor nearest predetermined normalized progress target 0.70,0,CORRECT,Correct,put both the cream cheese box and the butter in the basket,Exact canonical dataset task; the single baseline for every observation.,20260810,20340973,18,7180163,sha256:dc5aedcf44c7cc36,mps:0,-0.12857143580913544,0.15000000596046448,-0.8892857432365417,-0.006428571417927742,-0.05999999865889549,0.06428571790456772,-1.0,0.18760472536087036,0.15104666352272034,-0.4441533088684082,-0.03525901585817337,-0.002694760449230671,0.041918836534023285,-0.9961689114570618,519.1214580554515
8,163,2280,238,237,0.6877637130801688,coverage_anchor,coverage anchor nearest predetermined normalized progress target 0.70,0,U08,Unrelated,slide the cutting board toward the sink,Different planar manipulation with unrelated object and target.,20260810,20340973,19,7180163,sha256:dc5aedcf44c7cc36,mps:0,-0.12857143580913544,0.15000000596046448,-0.8892857432365417,-0.006428571417927742,-0.05999999865889549,0.06428571790456772,-1.0,0.13782529532909393,0.24401001632213593,-0.24439966678619385,-0.0372762605547905,0.0114117581397295,0.008424126543104649,-0.9868348240852356,489.9591668508947
8,163,2280,238,237,0.6877637130801688,coverage_anchor,coverage anchor nearest predetermined normalized progress target 0.70,0,U10,Unrelated,take the spoon from the counter and place it in the utensil holder,Different pick-and-place task with unrelated objects and destination.,20260810,20340973,20,7180163,sha256:dc5aedcf44c7cc36,mps:0,-0.12857143580913544,0.15000000596046448,-0.8892857432365417,-0.006428571417927742,-0.05999999865889549,0.06428571790456772,-1.0,-0.025324463844299316,0.2058693915605545,-0.29931434988975525,-0.03794961795210838,-0.014095156453549862,0.023593828082084656,-1.0073994398117065,509.0232079382986
8,163,2280,238,237,0.6877637130801688,coverage_anchor,coverage anchor nearest predetermined normalized progress target 0.70,0,C09,Contradictory,put the cream cheese box beside the basket and leave the butter on the table,Keeps both target objects outside at two stated locations.,20260810,20340973,21,7180163,sha256:dc5aedcf44c7cc36,mps:0,-0.12857143580913544,0.15000000596046448,-0.8892857432365417,-0.006428571417927742,-0.05999999865889549,0.06428571790456772,-1.0,0.10563015937805176,0.11502738296985626,-0.3590645492076874,-0.023740222677588463,-0.0018661660142242908,0.025096239522099495,-0.992190957069397,508.1031669396907
8,163,2280,238,237,0.6877637130801688,coverage_anchor,coverage anchor nearest predetermined normalized progress target 0.70,0,P10,Paraphrase,"into the basket, place both the cream cheese box and the butter",Fronted destination; retains both objects and the original goal.,20260810,20340973,22,7180163,sha256:dc5aedcf44c7cc36,mps:0,-0.12857143580913544,0.15000000596046448,-0.8892857432365417,-0.006428571417927742,-0.05999999865889549,0.06428571790456772,-1.0,0.19914975762367249,0.24186637997627258,-0.3647743761539459,-0.031763751059770584,0.0037657576613128185,0.012816105037927628,-0.9955544471740723,516.6978330817074
8,163,2280,238,237,0.6877637130801688,coverage_anchor,coverage anchor nearest predetermined normalized progress target 0.70,0,U09,Unrelated,put the blue cup on the upper shelf,Different object-placement task in another part of the workspace.,20260810,20340973,23,7180163,sha256:dc5aedcf44c7cc36,mps:0,-0.12857143580913544,0.15000000596046448,-0.8892857432365417,-0.006428571417927742,-0.05999999865889549,0.06428571790456772,-1.0,0.08915967494249344,0.1776752769947052,-0.018693722784519196,-0.04742623493075371,0.02396174892783165,-0.0036136903800070286,-1.0097929239273071,509.0709999203682
8,163,2280,238,237,0.6877637130801688,coverage_anchor,coverage anchor nearest predetermined normalized progress target 0.70,0,P03,Paraphrase,move the cream cheese box and the butter into the basket,Uses move/into while retaining both objects and destination.,20260810,20340973,24,7180163,sha256:dc5aedcf44c7cc36,mps:0,-0.12857143580913544,0.15000000596046448,-0.8892857432365417,-0.006428571417927742,-0.05999999865889549,0.06428571790456772,-1.0,0.045927196741104126,0.14894115924835205,-0.498812198638916,-0.029577532783150673,-0.007884453982114792,0.025968587026000023,-1.0140929222106934,508.34362488240004
8,163,2280,238,237,0.6877637130801688,coverage_anchor,coverage anchor nearest predetermined normalized progress target 0.70,0,U02,Unrelated,close the microwave door,Plausible appliance manipulation unrelated to the packing goal.,20260810,20340973,25,7180163,sha256:dc5aedcf44c7cc36,mps:0,-0.12857143580913544,0.15000000596046448,-0.8892857432365417,-0.006428571417927742,-0.05999999865889549,0.06428571790456772,-1.0,0.12376390397548676,0.26851779222488403,-0.10099585354328156,-0.04964914172887802,0.018389198929071426,0.019053030759096146,-1.0148025751113892,534.4946668483317
8,163,2280,238,237,0.6877637130801688,coverage_anchor,coverage anchor nearest predetermined normalized progress target 0.70,0,P01,Paraphrase,place both the cream cheese box and the butter in the basket,Lexical substitution; preserves both objects and destination.,20260810,20340973,26,7180163,sha256:dc5aedcf44c7cc36,mps:0,-0.12857143580913544,0.15000000596046448,-0.8892857432365417,-0.006428571417927742,-0.05999999865889549,0.06428571790456772,-1.0,0.20176926255226135,0.1629374921321869,-0.43553227186203003,-0.03338565304875374,-0.005096370354294777,0.045207880437374115,-0.9958696365356445,515.2609588112682
8,163,2280,238,237,0.6877637130801688,coverage_anchor,coverage anchor nearest predetermined normalized progress target 0.70,0,C05,Contradictory,place the cream cheese box on the table and put only the butter in the basket,Assigns different destinations and excludes one object from the basket.,20260810,20340973,27,7180163,sha256:dc5aedcf44c7cc36,mps:0,-0.12857143580913544,0.15000000596046448,-0.8892857432365417,-0.006428571417927742,-0.05999999865889549,0.06428571790456772,-1.0,0.08955846726894379,0.19293320178985596,-0.3749602138996124,-0.030523305758833885,-0.0038563786074519157,0.026427561417222023,-1.006973385810852,512.8852499183267
8,163,2280,238,237,0.6877637130801688,coverage_anchor,coverage anchor nearest predetermined normalized progress target 0.70,0,C07,Contradictory,put the cream cheese box in the basket and move the butter to the far side of the table,Keeps one original placement and gives the butter a distant destination.,20260810,20340973,28,7180163,sha256:dc5aedcf44c7cc36,mps:0,-0.12857143580913544,0.15000000596046448,-0.8892857432365417,-0.006428571417927742,-0.05999999865889549,0.06428571790456772,-1.0,-0.003139190375804901,0.08650386333465576,-0.42998644709587097,-0.01821029745042324,-0.011264613829553127,0.015084853395819664,-1.0076751708984375,515.258832834661
8,163,2280,238,237,0.6877637130801688,coverage_anchor,coverage anchor nearest predetermined normalized progress target 0.70,0,C01,Contradictory,put the cream cheese box in the basket but leave the butter outside the basket,Original contradiction: excludes the butter from the destination.,20260810,20340973,29,7180163,sha256:dc5aedcf44c7cc36,mps:0,-0.12857143580913544,0.15000000596046448,-0.8892857432365417,-0.006428571417927742,-0.05999999865889549,0.06428571790456772,-1.0,0.06307156383991241,0.13976439833641052,-0.36016833782196045,-0.030299227684736252,-0.0008939267136156559,0.01819794438779354,-0.9919766187667847,520.9639579989016
8,163,2280,238,237,0.6877637130801688,coverage_anchor,coverage anchor nearest predetermined normalized progress target 0.70,0,P06,Paraphrase,pack the basket with both the cream cheese box and the butter,Destination-fronted packing wording; preserves complete goal.,20260810,20340973,30,7180163,sha256:dc5aedcf44c7cc36,mps:0,-0.12857143580913544,0.15000000596046448,-0.8892857432365417,-0.006428571417927742,-0.05999999865889549,0.06428571790456772,-1.0,0.13553205132484436,0.2029525637626648,-0.39454787969589233,-0.039547789841890335,0.00029123853892087936,0.017747949808835983,-0.9993484020233154,502.74866609834135
8,163,2280,238,237,0.6877637130801688,coverage_anchor,coverage anchor nearest predetermined normalized progress target 0.70,0,C03,Contradictory,place only the cream cheese box in the basket and move the butter beside the basket,Changes inclusion and gives the butter an adjacent destination.,20260810,20340973,31,7180163,sha256:dc5aedcf44c7cc36,mps:0,-0.12857143580913544,0.15000000596046448,-0.8892857432365417,-0.006428571417927742,-0.05999999865889549,0.06428571790456772,-1.0,0.053274884819984436,0.11204661428928375,-0.47218164801597595,-0.02346746250987053,-0.008495673537254333,0.024816840887069702,-1.0072627067565918,509.9270411301404
9,50,2405,257,256,0.1953125,nearest_gripper_transition,nearest available stored observation to an expert gripper-command transition (offset +1 frames),0,P09,Paraphrase,the cream cheese box and the butter should both be put into the basket,Passive syntax; same object set and destination.,20260810,20350860,1,7190050,sha256:982da0b4826c3305,mps:0,0.0,0.0,-0.34017857909202576,0.0,0.0,-0.0,1.0,-0.18446576595306396,-0.011219263076782227,-0.3093363344669342,0.0058041783049702644,-0.04717005416750908,0.03931216895580292,-1.0034606456756592,530.7529999408871
9,50,2405,257,256,0.1953125,nearest_gripper_transition,nearest available stored observation to an expert gripper-command transition (offset +1 frames),0,P01,Paraphrase,place both the cream cheese box and the butter in the basket,Lexical substitution; preserves both objects and destination.,20260810,20350860,2,7190050,sha256:982da0b4826c3305,mps:0,0.0,0.0,-0.34017857909202576,0.0,0.0,-0.0,1.0,-0.17837178707122803,-0.027003243565559387,-0.4831930100917816,0.01610887050628662,-0.039113257080316544,0.061566874384880066,-0.9934955835342407,547.0282500609756
9,50,2405,257,256,0.1953125,nearest_gripper_transition,nearest available stored observation to an expert gripper-command transition (offset +1 frames),0,U05,Unrelated,turn the stove knob clockwise,Plausible rotational manipulation unrelated to packing.,20260810,20350860,3,7190050,sha256:982da0b4826c3305,mps:0,0.0,0.0,-0.34017857909202576,0.0,0.0,-0.0,1.0,-0.23059439659118652,0.040052637457847595,-0.00800410658121109,-0.0008911945042200387,-0.009183903224766254,0.0481070876121521,-0.9925726056098938,525.7588340900838
9,50,2405,257,256,0.1953125,nearest_gripper_transition,nearest available stored observation to an expert gripper-command transition (offset +1 frames),0,U04,Unrelated,move the black bowl onto the serving plate,Different tabletop placement task using unrelated objects.,20260810,20350860,4,7190050,sha256:982da0b4826c3305,mps:0,0.0,0.0,-0.34017857909202576,0.0,0.0,-0.0,1.0,-0.26019683480262756,0.03995419666171074,-0.2639768123626709,0.003956117667257786,-0.03261600434780121,0.0396076962351799,-1.0130927562713623,523.7942500971258
9,50,2405,257,256,0.1953125,nearest_gripper_transition,nearest available stored observation to an expert gripper-command transition (offset +1 frames),0,U09,Unrelated,put the blue cup on the upper shelf,Different object-placement task in another part of the workspace.,20260810,20350860,5,7190050,sha256:982da0b4826c3305,mps:0,0.0,0.0,-0.34017857909202576,0.0,0.0,-0.0,1.0,-0.18311497569084167,0.004514068365097046,-0.038105204701423645,-0.0006085902568884194,-0.011343494988977909,0.013620877638459206,-1.0110116004943848,498.1967080384493
9,50,2405,257,256,0.1953125,nearest_gripper_transition,nearest available stored observation to an expert gripper-command transition (offset +1 frames),0,P10,Paraphrase,"into the basket, place both the cream cheese box and the butter",Fronted destination; retains both objects and the original goal.,20260810,20350860,6,7190050,sha256:982da0b4826c3305,mps:0,0.0,0.0,-0.34017857909202576,0.0,0.0,-0.0,1.0,-0.18215012550354004,0.0009991750121116638,-0.36930644512176514,0.014300272800028324,-0.046393346041440964,0.025552136823534966,-1.0049163103103638,510.3073751088232
9,50,2405,257,256,0.1953125,nearest_gripper_transition,nearest available stored observation to an expert gripper-command transition (offset +1 frames),0,C01,Contradictory,put the cream cheese box in the basket but leave the butter outside the basket,Original contradiction: excludes the butter from the destination.,20260810,20350860,7,7190050,sha256:982da0b4826c3305,mps:0,0.0,0.0,-0.34017857909202576,0.0,0.0,-0.0,1.0,-0.1385939121246338,-0.029084376990795135,-0.09126664698123932,0.002072517992928624,-0.012433984316885471,0.008518616668879986,1.0306894779205322,499.9942500144243
9,50,2405,257,256,0.1953125,nearest_gripper_transition,nearest available stored observation to an expert gripper-command transition (offset +1 frames),0,P02,Paraphrase,put the butter and the cream cheese box together inside the basket,Reverses object order and uses inside/together; same goal.,20260810,20350860,8,7190050,sha256:982da0b4826c3305,mps:0,0.0,0.0,-0.34017857909202576,0.0,0.0,-0.0,1.0,-0.2264755368232727,-0.0850016325712204,-0.41445693373680115,0.024565711617469788,-0.04880182445049286,0.03380521386861801,-0.9901086091995239,503.2228750642389
9,50,2405,257,256,0.1953125,nearest_gripper_transition,nearest available stored observation to an expert gripper-command transition (offset +1 frames),0,C06,Contradictory,place both the cream cheese box and the butter next to the basket instead of inside it,Preserves both objects but changes the destination for both.,20260810,20350860,9,7190050,sha256:982da0b4826c3305,mps:0,0.0,0.0,-0.34017857909202576,0.0,0.0,-0.0,1.0,-0.13438621163368225,-0.04947569966316223,-0.48379361629486084,0.01500085461884737,-0.08140065521001816,0.030398042872548103,-1.0061981678009033,518.4162920340896
9,50,2405,257,256,0.1953125,nearest_gripper_transition,nearest available stored observation to an expert gripper-command transition (offset +1 frames),0,C07,Contradictory,put the cream cheese box in the basket and move the butter to the far side of the table,Keeps one original placement and gives the butter a distant destination.,20260810,20350860,10,7190050,sha256:982da0b4826c3305,mps:0,0.0,0.0,-0.34017857909202576,0.0,0.0,-0.0,1.0,-0.2825038731098175,-0.0367710143327713,-0.497171014547348,0.00391452806070447,-0.10967010259628296,0.009164826013147831,-1.0005854368209839,510.55220910348
9,50,2405,257,256,0.1953125,nearest_gripper_transition,nearest available stored observation to an expert gripper-command transition (offset +1 frames),0,U10,Unrelated,take the spoon from the counter and place it in the utensil holder,Different pick-and-place task with unrelated objects and destination.,20260810,20350860,11,7190050,sha256:982da0b4826c3305,mps:0,0.0,0.0,-0.34017857909202576,0.0,0.0,-0.0,1.0,-0.30057671666145325,0.04177558049559593,-0.33224353194236755,0.002242445945739746,-0.07943683862686157,0.04755557328462601,-1.001234531402588,515.9520411398262
9,50,2405,257,256,0.1953125,nearest_gripper_transition,nearest available stored observation to an expert gripper-command transition (offset +1 frames),0,C08,Contradictory,stack the butter on top of the cream cheese box outside the basket,Changes the goal from packing to stacking both objects outside.,20260810,20350860,12,7190050,sha256:982da0b4826c3305,mps:0,0.0,0.0,-0.34017857909202576,0.0,0.0,-0.0,1.0,-0.301205039024353,-0.032255470752716064,-0.48655980825424194,0.019658740609884262,-0.053740691393613815,0.04296959191560745,-0.989757239818573,502.077457960695
9,50,2405,257,256,0.1953125,nearest_gripper_transition,nearest available stored observation to an expert gripper-command transition (offset +1 frames),0,C04,Contradictory,put only the butter in the basket and keep the cream cheese box where it is,Selects only the butter and preserves the cream-cheese position.,20260810,20350860,13,7190050,sha256:982da0b4826c3305,mps:0,0.0,0.0,-0.34017857909202576,0.0,0.0,-0.0,1.0,-0.307439386844635,-0.01842988282442093,-0.4484982192516327,0.014747380279004574,-0.08552971482276917,0.02618429996073246,-0.993929386138916,521.3262080214918
9,50,2405,257,256,0.1953125,nearest_gripper_transition,nearest available stored observation to an expert gripper-command transition (offset +1 frames),0,C10,Contradictory,"move the cream cheese box into the basket, then take the butter out of the basket",Sequential inclusion/exclusion contradiction with distinct object roles.,20260810,20350860,14,7190050,sha256:982da0b4826c3305,mps:0,0.0,0.0,-0.34017857909202576,0.0,0.0,-0.0,1.0,-0.18101665377616882,-0.004552043974399567,-0.32047900557518005,0.004085349850356579,-0.02999095991253853,0.02410607971251011,-1.0126713514328003,521.9350419938564
9,50,2405,257,256,0.1953125,nearest_gripper_transition,nearest available stored observation to an expert gripper-command transition (offset +1 frames),0,C05,Contradictory,place the cream cheese box on the table and put only the butter in the basket,Assigns different destinations and excludes one object from the basket.,20260810,20350860,15,7190050,sha256:982da0b4826c3305,mps:0,0.0,0.0,-0.34017857909202576,0.0,0.0,-0.0,1.0,-0.2911035716533661,0.00926264375448227,-0.4104363024234772,0.003001993289217353,-0.04289916530251503,0.04045441001653671,-1.0034421682357788,484.8971669562161
9,50,2405,257,256,0.1953125,nearest_gripper_transition,nearest available stored observation to an expert gripper-command transition (offset +1 frames),0,U07,Unrelated,lift the saucepan and set it on the front burner,Different two-step kitchen manipulation task.,20260810,20350860,16,7190050,sha256:982da0b4826c3305,mps:0,0.0,0.0,-0.34017857909202576,0.0,0.0,-0.0,1.0,-0.4125485420227051,-0.04549209773540497,-0.38596847653388977,0.0007847091765142977,-0.08577919751405716,0.02590768225491047,-0.997837245464325,525.5532921291888
9,50,2405,257,256,0.1953125,nearest_gripper_transition,nearest available stored observation to an expert gripper-command transition (offset +1 frames),0,U03,Unrelated,pick up the red mug and place it on the saucer,Different object-transfer task with an unrelated destination.,20260810,20350860,17,7190050,sha256:982da0b4826c3305,mps:0,0.0,0.0,-0.34017857909202576,0.0,0.0,-0.0,1.0,-0.4109882116317749,0.06696992367506027,-0.37135884165763855,-0.0001468559494242072,-0.04274146258831024,0.06910666823387146,-1.0073920488357544,526.4394578989595
9,50,2405,257,256,0.1953125,nearest_gripper_transition,nearest available stored observation to an expert gripper-command transition (offset +1 frames),0,U01,Unrelated,open the top drawer of the cabinet,Original Unrelated prompt retained as one variant for direct diagnosis.,20260810,20350860,18,7190050,sha256:982da0b4826c3305,mps:0,0.0,0.0,-0.34017857909202576,0.0,0.0,-0.0,1.0,-0.3412914276123047,-0.01661773771047592,-0.3400324881076813,-0.0006694833864457905,-0.0529186874628067,0.1374102681875229,-1.0039141178131104,522.1626670099795
9,50,2405,257,256,0.1953125,nearest_gripper_transition,nearest available stored observation to an expert gripper-command transition (offset +1 frames),0,P06,Paraphrase,pack the basket with both the cream cheese box and the butter,Destination-fronted packing wording; preserves complete goal.,20260810,20350860,19,7190050,sha256:982da0b4826c3305,mps:0,0.0,0.0,-0.34017857909202576,0.0,0.0,-0.0,1.0,-0.25193673372268677,0.0036121904850006104,-0.47229433059692383,0.008160406723618507,-0.058047134429216385,0.043470434844493866,-0.9907519817352295,528.8109579123557
9,50,2405,257,256,0.1953125,nearest_gripper_transition,nearest available stored observation to an expert gripper-command transition (offset +1 frames),0,P08,Paraphrase,ensure that both the butter and the cream cheese box are inside the basket,State-goal phrasing; both named objects must end inside the basket.,20260810,20350860,20,7190050,sha256:982da0b4826c3305,mps:0,0.0,0.0,-0.34017857909202576,0.0,0.0,-0.0,1.0,-0.21268025040626526,-0.00020709633827209473,-0.41826313734054565,0.01739143580198288,-0.026517469435930252,0.027948634698987007,-0.9967818856239319,514.0621671453118
9,50,2405,257,256,0.1953125,nearest_gripper_transition,nearest available stored observation to an expert gripper-command transition (offset +1 frames),0,P04,Paraphrase,"transfer both items, the cream cheese box and the butter, to the basket",Appositive syntax; explicitly names both items and the basket.,20260810,20350860,21,7190050,sha256:982da0b4826c3305,mps:0,0.0,0.0,-0.34017857909202576,0.0,0.0,-0.0,1.0,-0.04767152667045593,-0.019444257020950317,-0.3417496085166931,0.017414309084415436,-0.07223697751760483,0.048672959208488464,-0.9976696968078613,531.0552499722689
9,50,2405,257,256,0.1953125,nearest_gripper_transition,nearest available stored observation to an expert gripper-command transition (offset +1 frames),0,P03,Paraphrase,move the cream cheese box and the butter into the basket,Uses move/into while retaining both objects and destination.,20260810,20350860,22,7190050,sha256:982da0b4826c3305,mps:0,0.0,0.0,-0.34017857909202576,0.0,0.0,-0.0,1.0,-0.26537373661994934,-0.015031598508358002,-0.512140154838562,0.01735895313322544,-0.03952798992395401,0.04738364368677139,-1.0008412599563599,511.01616700179875
9,50,2405,257,256,0.1953125,nearest_gripper_transition,nearest available stored observation to an expert gripper-command transition (offset +1 frames),0,C09,Contradictory,put the cream cheese box beside the basket and leave the butter on the table,Keeps both target objects outside at two stated locations.,20260810,20350860,23,7190050,sha256:982da0b4826c3305,mps:0,0.0,0.0,-0.34017857909202576,0.0,0.0,-0.0,1.0,-0.18520194292068481,-0.024834483861923218,-0.30255380272865295,0.004769610241055489,-0.03790247440338135,0.02818106673657894,-1.0044708251953125,493.11079178005457
9,50,2405,257,256,0.1953125,nearest_gripper_transition,nearest available stored observation to an expert gripper-command transition (offset +1 frames),0,C03,Contradictory,place only the cream cheese box in the basket and move the butter beside the basket,Changes inclusion and gives the butter an adjacent destination.,20260810,20350860,24,7190050,sha256:982da0b4826c3305,mps:0,0.0,0.0,-0.34017857909202576,0.0,0.0,-0.0,1.0,-0.2530633211135864,-0.04738035798072815,-0.3273693025112152,0.00789899006485939,-0.04087163135409355,0.01654726453125477,-1.0108320713043213,514.3403329420835
9,50,2405,257,256,0.1953125,nearest_gripper_transition,nearest available stored observation to an expert gripper-command transition (offset +1 frames),0,P05,Paraphrase,set the cream cheese box as well as the butter inside the basket,As-well-as coordination; same two-object placement goal.,20260810,20350860,25,7190050,sha256:982da0b4826c3305,mps:0,0.0,0.0,-0.34017857909202576,0.0,0.0,-0.0,1.0,-0.23741650581359863,-0.0028550252318382263,-0.41098952293395996,0.004828815348446369,-0.051797036081552505,0.04410625249147415,-0.9957154393196106,535.5780839454383
9,50,2405,257,256,0.1953125,nearest_gripper_transition,nearest available stored observation to an expert gripper-command transition (offset +1 frames),0,U02,Unrelated,close the microwave door,Plausible appliance manipulation unrelated to the packing goal.,20260810,20350860,26,7190050,sha256:982da0b4826c3305,mps:0,0.0,0.0,-0.34017857909202576,0.0,0.0,-0.0,1.0,-0.38082075119018555,-0.05010947585105896,-0.1476336568593979,-0.00037768424954265356,-0.04713815450668335,0.05006306618452072,-1.0102561712265015,517.7212920971215
9,50,2405,257,256,0.1953125,nearest_gripper_transition,nearest available stored observation to an expert gripper-command transition (offset +1 frames),0,U06,Unrelated,place the cereal box inside the kitchen cabinet,Different object and destination; not a modification of the basket task.,20260810,20350860,27,7190050,sha256:982da0b4826c3305,mps:0,0.0,0.0,-0.34017857909202576,0.0,0.0,-0.0,1.0,-0.1652468740940094,-0.002557039260864258,-0.06797240674495697,0.0007251686183735728,-0.022836927324533463,0.029676901176571846,-1.0053768157958984,512.4991668853909
9,50,2405,257,256,0.1953125,nearest_gripper_transition,nearest available stored observation to an expert gripper-command transition (offset +1 frames),0,U08,Unrelated,slide the cutting board toward the sink,Different planar manipulation with unrelated object and target.,20260810,20350860,28,7190050,sha256:982da0b4826c3305,mps:0,0.0,0.0,-0.34017857909202576,0.0,0.0,-0.0,1.0,-0.29630398750305176,0.003733813762664795,-0.37915343046188354,0.006185430567711592,-0.032541465014219284,0.04113404452800751,-0.9949683547019958,497.9725831653923
9,50,2405,257,256,0.1953125,nearest_gripper_transition,nearest available stored observation to an expert gripper-command transition (offset +1 frames),0,C02,Contradictory,put the butter in the basket but leave the cream cheese box on the table,Reverses which target object is excluded.,20260810,20350860,29,7190050,sha256:982da0b4826c3305,mps:0,0.0,0.0,-0.34017857909202576,0.0,0.0,-0.0,1.0,-0.1927585005760193,-0.0011699795722961426,-0.38118690252304077,0.004769328515976667,-0.04662318155169487,0.03179100900888443,-1.0017343759536743,510.4874582029879
9,50,2405,257,256,0.1953125,nearest_gripper_transition,nearest available stored observation to an expert gripper-command transition (offset +1 frames),0,P07,Paraphrase,take the cream cheese box and the butter and place them in the basket,Two-verb construction with an explicit plural reference to both objects.,20260810,20350860,30,7190050,sha256:982da0b4826c3305,mps:0,0.0,0.0,-0.34017857909202576,0.0,0.0,-0.0,1.0,-0.3092930018901825,-0.020670801401138306,-0.45194077491760254,0.0018355732318013906,-0.04575274512171745,0.03392728418111801,-1.0061397552490234,505.6440830230713
9,50,2405,257,256,0.1953125,nearest_gripper_transition,nearest available stored observation to an expert gripper-command transition (offset +1 frames),0,CORRECT,Correct,put both the cream cheese box and the butter in the basket,Exact canonical dataset task; the single baseline for every observation.,20260810,20350860,31,7190050,sha256:982da0b4826c3305,mps:0,0.0,0.0,-0.34017857909202576,0.0,0.0,-0.0,1.0,-0.13992515206336975,-0.05347082018852234,-0.44001150131225586,0.015507888980209827,-0.046287037432193756,0.048239149153232574,-0.9970176815986633,528.5320000257343
9,228,2583,257,256,0.890625,coverage_anchor,coverage anchor nearest predetermined normalized progress target 0.90,0,P09,Paraphrase,the cream cheese box and the butter should both be put into the basket,Passive syntax; same object set and destination.,20260810,20351038,1,7190228,sha256:abc06a69ae82f8de,mps:0,-0.3053571283817291,0.6401785612106323,-0.0535714291036129,0.08142857253551483,-0.003214285708963871,-0.0,1.0,-0.03915495425462723,0.020449183881282806,-0.0436607263982296,-0.010479805991053581,-0.0041372571140527725,0.023034291341900826,-0.9967753291130066,500.0447500497103
9,228,2583,257,256,0.890625,coverage_anchor,coverage anchor nearest predetermined normalized progress target 0.90,0,C01,Contradictory,put the cream cheese box in the basket but leave the butter outside the basket,Original contradiction: excludes the butter from the destination.,20260810,20351038,2,7190228,sha256:abc06a69ae82f8de,mps:0,-0.3053571283817291,0.6401785612106323,-0.0535714291036129,0.08142857253551483,-0.003214285708963871,-0.0,1.0,-0.0474553108215332,0.03562909737229347,-0.04160161688923836,-0.014522340148687363,0.0017829283606261015,0.014401394873857498,-0.9928386807441711,514.3326250836253
9,228,2583,257,256,0.890625,coverage_anchor,coverage anchor nearest predetermined normalized progress target 0.90,0,U02,Unrelated,close the microwave door,Plausible appliance manipulation unrelated to the packing goal.,20260810,20351038,3,7190228,sha256:abc06a69ae82f8de,mps:0,-0.3053571283817291,0.6401785612106323,-0.0535714291036129,0.08142857253551483,-0.003214285708963871,-0.0,1.0,-0.08979671448469162,0.041289784014225006,-0.19181105494499207,-0.0069442992098629475,-0.0034214798361063004,0.025655241683125496,-1.013655662536621,515.5235829297453
9,228,2583,257,256,0.890625,coverage_anchor,coverage anchor nearest predetermined normalized progress target 0.90,0,C02,Contradictory,put the butter in the basket but leave the cream cheese box on the table,Reverses which target object is excluded.,20260810,20351038,4,7190228,sha256:abc06a69ae82f8de,mps:0,-0.3053571283817291,0.6401785612106323,-0.0535714291036129,0.08142857253551483,-0.003214285708963871,-0.0,1.0,-0.03967951238155365,0.04626812785863876,-0.03850287199020386,-0.018297238275408745,-0.00205265823751688,0.02276434935629368,-0.9998495578765869,482.78766707517207
9,228,2583,257,256,0.890625,coverage_anchor,coverage anchor nearest predetermined normalized progress target 0.90,0,C05,Contradictory,place the cream cheese box on the table and put only the butter in the basket,Assigns different destinations and excludes one object from the basket.,20260810,20351038,5,7190228,sha256:abc06a69ae82f8de,mps:0,-0.3053571283817291,0.6401785612106323,-0.0535714291036129,0.08142857253551483,-0.003214285708963871,-0.0,1.0,-0.15773147344589233,0.041923489421606064,-0.30225253105163574,-0.00320918345823884,-0.0003719930537045002,0.04508141428232193,1.0083699226379395,517.7235000301152
9,228,2583,257,256,0.890625,coverage_anchor,coverage anchor nearest predetermined normalized progress target 0.90,0,U07,Unrelated,lift the saucepan and set it on the front burner,Different two-step kitchen manipulation task.,20260810,20351038,6,7190228,sha256:abc06a69ae82f8de,mps:0,-0.3053571283817291,0.6401785612106323,-0.0535714291036129,0.08142857253551483,-0.003214285708963871,-0.0,1.0,-0.274141401052475,-0.01667603850364685,-0.5338338017463684,-0.0005511195049621165,-0.01928696036338806,0.049793049693107605,0.9939544796943665,517.8357081022114
9,228,2583,257,256,0.890625,coverage_anchor,coverage anchor nearest predetermined normalized progress target 0.90,0,C09,Contradictory,put the cream cheese box beside the basket and leave the butter on the table,Keeps both target objects outside at two stated locations.,20260810,20351038,7,7190228,sha256:abc06a69ae82f8de,mps:0,-0.3053571283817291,0.6401785612106323,-0.0535714291036129,0.08142857253551483,-0.003214285708963871,-0.0,1.0,-0.0342034250497818,0.021055132150650024,-0.04508939012885094,-0.009445695206522942,-0.005202270112931728,0.019065523520112038,-0.9972320199012756,528.5269999876618
9,228,2583,257,256,0.890625,coverage_anchor,coverage anchor nearest predetermined normalized progress target 0.90,0,P04,Paraphrase,"transfer both items, the cream cheese box and the butter, to the basket",Appositive syntax; explicitly names both items and the basket.,20260810,20351038,8,7190228,sha256:abc06a69ae82f8de,mps:0,-0.3053571283817291,0.6401785612106323,-0.0535714291036129,0.08142857253551483,-0.003214285708963871,-0.0,1.0,-0.12335554510354996,0.08520923554897308,-0.31893762946128845,-0.013434359803795815,0.011893505230545998,0.0985269621014595,0.9966824650764465,484.44166709668934
9,228,2583,257,256,0.890625,coverage_anchor,coverage anchor nearest predetermined normalized progress target 0.90,0,U05,Unrelated,turn the stove knob clockwise,Plausible rotational manipulation unrelated to packing.,20260810,20351038,9,7190228,sha256:abc06a69ae82f8de,mps:0,-0.3053571283817291,0.6401785612106323,-0.0535714291036129,0.08142857253551483,-0.003214285708963871,-0.0,1.0,-0.24831613898277283,-0.021539293229579926,-0.48827695846557617,-0.004123005550354719,0.019273485988378525,0.10097705572843552,1.0217715501785278,523.6807919573039
9,228,2583,257,256,0.890625,coverage_anchor,coverage anchor nearest predetermined normalized progress target 0.90,0,P01,Paraphrase,place both the cream cheese box and the butter in the basket,Lexical substitution; preserves both objects and destination.,20260810,20351038,10,7190228,sha256:abc06a69ae82f8de,mps:0,-0.3053571283817291,0.6401785612106323,-0.0535714291036129,0.08142857253551483,-0.003214285708963871,-0.0,1.0,-0.19201526045799255,0.09803590178489685,-0.3434142768383026,-0.01844031736254692,0.010546525940299034,0.0948534905910492,1.0003621578216553,507.21150008030236
9,228,2583,257,256,0.890625,coverage_anchor,coverage anchor nearest predetermined normalized progress target 0.90,0,P03,Paraphrase,move the cream cheese box and the butter into the basket,Uses move/into while retaining both objects and destination.,20260810,20351038,11,7190228,sha256:abc06a69ae82f8de,mps:0,-0.3053571283817291,0.6401785612106323,-0.0535714291036129,0.08142857253551483,-0.003214285708963871,-0.0,1.0,-0.2839394509792328,0.035617098212242126,-0.5262225270271301,-0.0037075704894959927,-0.007081477902829647,0.11000010371208191,1.002524971961975,502.34725000336766
9,228,2583,257,256,0.890625,coverage_anchor,coverage anchor nearest predetermined normalized progress target 0.90,0,P06,Paraphrase,pack the basket with both the cream cheese box and the butter,Destination-fronted packing wording; preserves complete goal.,20260810,20351038,12,7190228,sha256:abc06a69ae82f8de,mps:0,-0.3053571283817291,0.6401785612106323,-0.0535714291036129,0.08142857253551483,-0.003214285708963871,-0.0,1.0,-0.12504899501800537,0.07554718106985092,-0.34047731757164,-0.013789613731205463,0.01792413368821144,0.08282364904880524,1.0092014074325562,488.578415941447
9,228,2583,257,256,0.890625,coverage_anchor,coverage anchor nearest predetermined normalized progress target 0.90,0,P02,Paraphrase,put the butter and the cream cheese box together inside the basket,Reverses object order and uses inside/together; same goal.,20260810,20351038,13,7190228,sha256:abc06a69ae82f8de,mps:0,-0.3053571283817291,0.6401785612106323,-0.0535714291036129,0.08142857253551483,-0.003214285708963871,-0.0,1.0,-0.21309778094291687,0.051285017281770706,-0.40545007586479187,-0.0008151113870553672,0.006480092648416758,0.07062465697526932,1.013751745223999,495.99070800468326
9,228,2583,257,256,0.890625,coverage_anchor,coverage anchor nearest predetermined normalized progress target 0.90,0,P10,Paraphrase,"into the basket, place both the cream cheese box and the butter",Fronted destination; retains both objects and the original goal.,20260810,20351038,14,7190228,sha256:abc06a69ae82f8de,mps:0,-0.3053571283817291,0.6401785612106323,-0.0535714291036129,0.08142857253551483,-0.003214285708963871,-0.0,1.0,-0.10119893401861191,0.08639299869537354,-0.32344532012939453,-0.006641140673309565,0.010853547602891922,0.04962196201086044,1.0072304010391235,502.0042918622494
9,228,2583,257,256,0.890625,coverage_anchor,coverage anchor nearest predetermined normalized progress target 0.90,0,P08,Paraphrase,ensure that both the butter and the cream cheese box are inside the basket,State-goal phrasing; both named objects must end inside the basket.,20260810,20351038,15,7190228,sha256:abc06a69ae82f8de,mps:0,-0.3053571283817291,0.6401785612106323,-0.0535714291036129,0.08142857253551483,-0.003214285708963871,-0.0,1.0,-0.07075498253107071,0.05308147892355919,-0.11259354650974274,-0.007973173633217812,0.00038890494033694267,0.02693810872733593,-1.0027397871017456,534.4563750550151
9,228,2583,257,256,0.890625,coverage_anchor,coverage anchor nearest predetermined normalized progress target 0.90,0,C06,Contradictory,place both the cream cheese box and the butter next to the basket instead of inside it,Preserves both objects but changes the destination for both.,20260810,20351038,16,7190228,sha256:abc06a69ae82f8de,mps:0,-0.3053571283817291,0.6401785612106323,-0.0535714291036129,0.08142857253551483,-0.003214285708963871,-0.0,1.0,-0.16032177209854126,0.034467678517103195,-0.3954794704914093,-0.000764129392337054,0.0022402165923267603,0.05062364786863327,1.0059150457382202,503.8076660130173
9,228,2583,257,256,0.890625,coverage_anchor,coverage anchor nearest predetermined normalized progress target 0.90,0,C04,Contradictory,put only the butter in the basket and keep the cream cheese box where it is,Selects only the butter and preserves the cream-cheese position.,20260810,20351038,17,7190228,sha256:abc06a69ae82f8de,mps:0,-0.3053571283817291,0.6401785612106323,-0.0535714291036129,0.08142857253551483,-0.003214285708963871,-0.0,1.0,-0.14084085822105408,0.07520054280757904,-0.3975431025028229,-0.0032933754846453667,0.012387294322252274,0.04541296511888504,1.0048660039901733,522.1147087868303
9,228,2583,257,256,0.890625,coverage_anchor,coverage anchor nearest predetermined normalized progress target 0.90,0,U10,Unrelated,take the spoon from the counter and place it in the utensil holder,Different pick-and-place task with unrelated objects and destination.,20260810,20351038,18,7190228,sha256:abc06a69ae82f8de,mps:0,-0.3053571283817291,0.6401785612106323,-0.0535714291036129,0.08142857253551483,-0.003214285708963871,-0.0,1.0,-0.11253393441438675,0.04035765305161476,-0.17471879720687866,-0.006147786509245634,-0.003598775714635849,0.020922616124153137,-1.0717101097106934,508.99654207751155
9,228,2583,257,256,0.890625,coverage_anchor,coverage anchor nearest predetermined normalized progress target 0.90,0,U01,Unrelated,open the top drawer of the cabinet,Original Unrelated prompt retained as one variant for direct diagnosis.,20260810,20351038,19,7190228,sha256:abc06a69ae82f8de,mps:0,-0.3053571283817291,0.6401785612106323,-0.0535714291036129,0.08142857253551483,-0.003214285708963871,-0.0,1.0,-0.052422940731048584,0.006871625781059265,-0.054900772869586945,-0.02318926528096199,0.010657567530870438,0.042648375034332275,-1.0053107738494873,513.398417038843
9,228,2583,257,256,0.890625,coverage_anchor,coverage anchor nearest predetermined normalized progress target 0.90,0,CORRECT,Correct,put both the cream cheese box and the butter in the basket,Exact canonical dataset task; the single baseline for every observation.,20260810,20351038,20,7190228,sha256:abc06a69ae82f8de,mps:0,-0.3053571283817291,0.6401785612106323,-0.0535714291036129,0.08142857253551483,-0.003214285708963871,-0.0,1.0,-0.16305062174797058,0.08654015511274338,-0.31958067417144775,-0.020924245938658714,0.011825531721115112,0.0819939598441124,1.0015369653701782,516.7354170698673
9,228,2583,257,256,0.890625,coverage_anchor,coverage anchor nearest predetermined normalized progress target 0.90,0,U04,Unrelated,move the black bowl onto the serving plate,Different tabletop placement task using unrelated objects.,20260810,20351038,21,7190228,sha256:abc06a69ae82f8de,mps:0,-0.3053571283817291,0.6401785612106323,-0.0535714291036129,0.08142857253551483,-0.003214285708963871,-0.0,1.0,-0.1815582811832428,0.013127170503139496,-0.401515930891037,0.0007791340467520058,-0.019466638565063477,0.052065104246139526,1.011362910270691,529.5230420306325
9,228,2583,257,256,0.890625,coverage_anchor,coverage anchor nearest predetermined normalized progress target 0.90,0,U03,Unrelated,pick up the red mug and place it on the saucer,Different object-transfer task with an unrelated destination.,20260810,20351038,22,7190228,sha256:abc06a69ae82f8de,mps:0,-0.3053571283817291,0.6401785612106323,-0.0535714291036129,0.08142857253551483,-0.003214285708963871,-0.0,1.0,-0.17768380045890808,0.032975029200315475,-0.4537331461906433,-0.003750650677829981,-0.007605387829244137,0.047423385083675385,1.0058705806732178,521.1933329701424
9,228,2583,257,256,0.890625,coverage_anchor,coverage anchor nearest predetermined normalized progress target 0.90,0,C10,Contradictory,"move the cream cheese box into the basket, then take the butter out of the basket",Sequential inclusion/exclusion contradiction with distinct object roles.,20260810,20351038,23,7190228,sha256:abc06a69ae82f8de,mps:0,-0.3053571283817291,0.6401785612106323,-0.0535714291036129,0.08142857253551483,-0.003214285708963871,-0.0,1.0,-0.2104831039905548,-0.02209325134754181,-0.5189192891120911,-0.00040286662988364697,-0.0022223200649023056,0.05987546592950821,1.008900761604309,525.4544159397483
9,228,2583,257,256,0.890625,coverage_anchor,coverage anchor nearest predetermined normalized progress target 0.90,0,P07,Paraphrase,take the cream cheese box and the butter and place them in the basket,Two-verb construction with an explicit plural reference to both objects.,20260810,20351038,24,7190228,sha256:abc06a69ae82f8de,mps:0,-0.3053571283817291,0.6401785612106323,-0.0535714291036129,0.08142857253551483,-0.003214285708963871,-0.0,1.0,-0.13842323422431946,0.07873531430959702,-0.3326514959335327,-0.00379455229267478,0.001911908620968461,0.049801990389823914,1.0047911405563354,520.0037499889731
9,228,2583,257,256,0.890625,coverage_anchor,coverage anchor nearest predetermined normalized progress target 0.90,0,U09,Unrelated,put the blue cup on the upper shelf,Different object-placement task in another part of the workspace.,20260810,20351038,25,7190228,sha256:abc06a69ae82f8de,mps:0,-0.3053571283817291,0.6401785612106323,-0.0535714291036129,0.08142857253551483,-0.003214285708963871,-0.0,1.0,-0.13370248675346375,0.0164872407913208,-0.17736868560314178,-0.014002206735312939,0.007414136081933975,0.035010501742362976,1.0073846578598022,512.5235831364989
9,228,2583,257,256,0.890625,coverage_anchor,coverage anchor nearest predetermined normalized progress target 0.90,0,U06,Unrelated,place the cereal box inside the kitchen cabinet,Different object and destination; not a modification of the basket task.,20260810,20351038,26,7190228,sha256:abc06a69ae82f8de,mps:0,-0.3053571283817291,0.6401785612106323,-0.0535714291036129,0.08142857253551483,-0.003214285708963871,-0.0,1.0,-0.22872674465179443,0.024868633598089218,-0.3258001506328583,-0.0018585093785077333,0.011360825970768929,0.07905063778162003,1.0108016729354858,489.3302081618458
9,228,2583,257,256,0.890625,coverage_anchor,coverage anchor nearest predetermined normalized progress target 0.90,0,U08,Unrelated,slide the cutting board toward the sink,Different planar manipulation with unrelated object and target.,20260810,20351038,27,7190228,sha256:abc06a69ae82f8de,mps:0,-0.3053571283817291,0.6401785612106323,-0.0535714291036129,0.08142857253551483,-0.003214285708963871,-0.0,1.0,-0.20366692543029785,-0.015994325280189514,-0.28587281703948975,-0.01321242842823267,-0.010478104464709759,0.06047505885362625,-1.0117089748382568,490.8195419702679
9,228,2583,257,256,0.890625,coverage_anchor,coverage anchor nearest predetermined normalized progress target 0.90,0,C08,Contradictory,stack the butter on top of the cream cheese box outside the basket,Changes the goal from packing to stacking both objects outside.,20260810,20351038,28,7190228,sha256:abc06a69ae82f8de,mps:0,-0.3053571283817291,0.6401785612106323,-0.0535714291036129,0.08142857253551483,-0.003214285708963871,-0.0,1.0,-0.04180663824081421,0.04807393252849579,-0.02846416085958481,-0.007636385504156351,0.0023898284416645765,0.02434675209224224,-0.9952407479286194,503.3782501704991
9,228,2583,257,256,0.890625,coverage_anchor,coverage anchor nearest predetermined normalized progress target 0.90,0,C07,Contradictory,put the cream cheese box in the basket and move the butter to the far side of the table,Keeps one original placement and gives the butter a distant destination.,20260810,20351038,29,7190228,sha256:abc06a69ae82f8de,mps:0,-0.3053571283817291,0.6401785612106323,-0.0535714291036129,0.08142857253551483,-0.003214285708963871,-0.0,1.0,-0.11620356887578964,0.007610037922859192,-0.41805610060691833,-0.00014116056263446808,0.005951812490820885,0.02758673019707203,1.0034900903701782,571.9787089619786
9,228,2583,257,256,0.890625,coverage_anchor,coverage anchor nearest predetermined normalized progress target 0.90,0,P05,Paraphrase,set the cream cheese box as well as the butter inside the basket,As-well-as coordination; same two-object placement goal.,20260810,20351038,30,7190228,sha256:abc06a69ae82f8de,mps:0,-0.3053571283817291,0.6401785612106323,-0.0535714291036129,0.08142857253551483,-0.003214285708963871,-0.0,1.0,-0.26357302069664,0.07268474996089935,-0.4336361289024353,-0.007564811501652002,0.012257996015250683,0.0750124379992485,0.9981798529624939,495.9050421603024
9,228,2583,257,256,0.890625,coverage_anchor,coverage anchor nearest predetermined normalized progress target 0.90,0,C03,Contradictory,place only the cream cheese box in the basket and move the butter beside the basket,Changes inclusion and gives the butter an adjacent destination.,20260810,20351038,31,7190228,sha256:abc06a69ae82f8de,mps:0,-0.3053571283817291,0.6401785612106323,-0.0535714291036129,0.08142857253551483,-0.003214285708963871,-0.0,1.0,-0.10424812883138657,0.02688494697213173,-0.12707972526550293,-0.011769300326704979,-0.0007087723352015018,0.0313095822930336,-1.0018012523651123,513.8303330168128
