episode_id,frame_index,global_index,episode_length,max_frame_index,task_progress,language_condition,instruction,selection_seed,noise_seed,noise_id,actual_compute_device,expert_action_x,expert_action_y,expert_action_z,expert_action_roll,expert_action_pitch,expert_action_yaw,expert_action_gripper,pred_action_x,pred_action_y,pred_action_z,pred_action_roll,pred_action_pitch,pred_action_yaw,pred_action_gripper,inference_time_ms,abs_err_x,abs_err_y,abs_err_z,abs_err_roll,abs_err_pitch,abs_err_yaw,abs_err_gripper,translation_error_l2,rotation_error_l2,gripper_absolute_error,overall_action_mae,translation_cosine_similarity,translation_cosine_defined
0,0,0,258,257,0.0,correct,put both the cream cheese box and the butter in the basket,2026080807,7100000,sha256:eb82f8a65a178801,mps:0,0.3187499940395355,-0.2491071373224258,0.1848214268684387,-0.0053571430034935,0.1210714280605316,-0.0299999993294477,-1.0,0.3254126608371734,-0.263862282037735,-0.0555142760276794,-0.0023008082062005,-0.045900322496891,0.004933875054121,-0.9940841197967528,729.8195420298725,0.006662666797637884,0.014755144715309199,0.2403357028961181,0.003056334797293,0.1669717505574226,0.0349338743835687,0.005915880203247181,0.24088037593585165,0.1706144256680843,0.005915880203247181,0.06751876490722811,0.8469564536077459,True
0,0,0,258,257,0.0,paraphrase,place the cream cheese box and the butter together inside the basket,2026080807,7100000,sha256:eb82f8a65a178801,mps:0,0.3187499940395355,-0.2491071373224258,0.1848214268684387,-0.0053571430034935,0.1210714280605316,-0.0299999993294477,-1.0,0.5048565864562988,-0.3248112797737121,-0.1120077818632125,-0.0010130747687071,-0.0540304109454155,-0.0030194360297173,-1.0016489028930664,503.3198751043528,0.1861065924167633,0.07570414245128632,0.2968292087316512,0.0043440682347864,0.1751018390059471,0.0269805632997304,0.0016489028930664062,0.3584332017008498,0.17722154425482206,0.0016489028930664062,0.10953075957617588,0.8141682657072354,True
0,0,0,258,257,0.0,contradictory,put the cream cheese box in the basket but leave the butter outside the basket,2026080807,7100000,sha256:eb82f8a65a178801,mps:0,0.3187499940395355,-0.2491071373224258,0.1848214268684387,-0.0053571430034935,0.1210714280605316,-0.0299999993294477,-1.0,0.1488468945026397,-0.024122454226017,-0.0232942327857017,-0.0002893487690016,-0.0401786118745803,-0.0042063645087182,-0.9992334842681884,557.5719999615103,0.16990309953689584,0.2249846830964088,0.2081156596541404,0.0050677942344918995,0.1612500399351119,0.0257936348207295,0.0007665157318116345,0.3504244549878245,0.16337860788592698,0.0007665157318116345,0.11369734671565569,0.7242563574323413,True
0,0,0,258,257,0.0,unrelated,open the top drawer of the cabinet,2026080807,7100000,sha256:eb82f8a65a178801,mps:0,0.3187499940395355,-0.2491071373224258,0.1848214268684387,-0.0053571430034935,0.1210714280605316,-0.0299999993294477,-1.0,0.1811013221740722,-0.5266155004501343,-0.0757442861795425,-0.0032080532982945,-0.0416191406548023,0.0358376055955886,-0.9946099519729614,552.6859578676522,0.1376486718654633,0.2775083631277085,0.2605657130479812,0.0021490897051989998,0.1626905687153339,0.0658376049250363,0.005390048027038574,0.4047870295455982,0.17552045452808324,0.005390048027038574,0.1302557227733944,0.6997454312531471,True
0,13,13,258,257,0.0505836575875486,correct,put both the cream cheese box and the butter in the basket,2026080807,7100013,sha256:5bac18bc2b7d1d9a,mps:0,0.6267856955528259,-0.7044642567634583,-0.0,0.0,0.0857142880558967,-0.0407142862677574,-1.0,0.8030716776847839,-0.6027719378471375,-0.1160697937011718,0.0034818747080862,0.0078484797850251,-0.0280283894389867,-0.9962433576583862,527.8473750222474,0.176285982131958,0.1016923189163208,0.1160697937011718,0.0034818747080862,0.0778658082708716,0.012685896828770703,0.0037566423416137695,0.23428673080787205,0.07896923152411425,0.0037566423416137695,0.07026261669982756,0.9736215836607545,True
0,13,13,258,257,0.0505836575875486,paraphrase,place the cream cheese box and the butter together inside the basket,2026080807,7100013,sha256:5bac18bc2b7d1d9a,mps:0,0.6267856955528259,-0.7044642567634583,-0.0,0.0,0.0857142880558967,-0.0407142862677574,-1.0,0.8252043128013611,-0.5489411354064941,-0.2122452110052108,0.0041216406971216,-0.0037618745118379,-0.0392044633626937,-1.001391887664795,496.83175003156066,0.19841861724853516,0.1555231213569641,0.2122452110052108,0.0041216406971216,0.08947616256773461,0.0015098229050636985,0.0013918876647949219,0.32955336220721543,0.08958376613588255,0.0013918876647949219,0.09466949477791785,0.9457935724751559,True
0,13,13,258,257,0.0505836575875486,contradictory,put the cream cheese box in the basket but leave the butter outside the basket,2026080807,7100013,sha256:5bac18bc2b7d1d9a,mps:0,0.6267856955528259,-0.7044642567634583,-0.0,0.0,0.0857142880558967,-0.0407142862677574,-1.0,0.7743131518363953,-0.5300963521003723,-0.104373775422573,0.0035068872384727,0.0024247474502772,-0.0375216528773307,-0.9941504001617432,529.1382919531316,0.14752745628356934,0.17436790466308594,0.104373775422573,0.0035068872384727,0.08328954060561951,0.003192633390426705,0.005849599838256836,0.2511222840172835,0.08342444929613962,0.005849599838256836,0.07458682820600059,0.964584189185282,True
0,13,13,258,257,0.0505836575875486,unrelated,open the top drawer of the cabinet,2026080807,7100013,sha256:5bac18bc2b7d1d9a,mps:0,0.6267856955528259,-0.7044642567634583,-0.0,0.0,0.0857142880558967,-0.0407142862677574,-1.0,0.4223752617835998,-0.6288926005363464,-0.2157550454139709,-0.0057684946805238,-0.0082220248878002,0.027453051880002,-0.9774485230445862,513.1651668343693,0.20441043376922613,0.07557165622711182,0.2157550454139709,0.0057684946805238,0.0939363129436969,0.06816733814775941,0.02255147695541382,0.30666747509349046,0.11620710998250652,0.02255147695541382,0.09802296544824325,0.952915339835793,True
0,27,27,258,257,0.1050583657587548,correct,put both the cream cheese box and the butter in the basket,2026080807,7100027,sha256:6357e83ab1d4d19b,mps:0,0.3642857074737549,-0.0910714268684387,-0.7741071581840515,0.010714286006987,-0.0257142856717109,-0.0,-1.0,0.5563234686851501,-0.4155029058456421,-0.4409889280796051,0.0052670468576252,0.0042556757107377,-0.0184417031705379,-1.0132862329483032,522.1076670568436,0.19203776121139526,0.32443147897720337,0.3331182301044464,0.005447239149361799,0.029969961382448597,0.0184417031705379,0.013286232948303223,0.5030924780896047,0.03560853009386975,0.013286232948303223,0.13096180099195667,0.8221923622584023,True
0,27,27,258,257,0.1050583657587548,paraphrase,place the cream cheese box and the butter together inside the basket,2026080807,7100027,sha256:6357e83ab1d4d19b,mps:0,0.3642857074737549,-0.0910714268684387,-0.7741071581840515,0.010714286006987,-0.0257142856717109,-0.0,-1.0,0.3186362683773041,-0.2673052847385406,-0.61581951379776,0.0052244774997234,-0.0176887363195419,-0.0167215019464492,-1.0147608518600464,499.2276248522103,0.045649439096450806,0.17623385787010187,0.1582876443862915,0.0054898085072636,0.008025549352168999,0.0167215019464492,0.014760851860046387,0.2412410046301435,0.019343114206239607,0.014760851860046387,0.06073837900268177,0.9652404355270311,True
0,27,27,258,257,0.1050583657587548,contradictory,put the cream cheese box in the basket but leave the butter outside the basket,2026080807,7100027,sha256:6357e83ab1d4d19b,mps:0,0.3642857074737549,-0.0910714268684387,-0.7741071581840515,0.010714286006987,-0.0257142856717109,-0.0,-1.0,0.0799491554498672,-0.1290019154548645,-0.6615040302276611,0.0025283528957515,-0.0260251313447952,-0.0034477899316698,-0.9980818629264832,517.1440420672297,0.2843365520238877,0.037930488586425795,0.11260312795639038,0.0081859331112355,0.00031084567308430067,0.0034477899316698,0.0019181370735168457,0.3081646657337619,0.008887822081197427,0.0019181370735168457,0.06410469633660147,0.9469476503665986,True
0,27,27,258,257,0.1050583657587548,unrelated,open the top drawer of the cabinet,2026080807,7100027,sha256:6357e83ab1d4d19b,mps:0,0.3642857074737549,-0.0910714268684387,-0.7741071581840515,0.010714286006987,-0.0257142856717109,-0.0,-1.0,0.0281154736876487,-0.3425479233264923,-0.5285617113113403,-0.0045271585695445,0.0042057386599481,0.0630047991871833,-0.9902862310409546,542.3958750907332,0.33617023378610617,0.2514764964580536,0.24554544687271118,0.0152414445765315,0.029920024331659,0.0630047991871833,0.00971376895904541,0.4863572975031239,0.07139407685098142,0.00971376895904541,0.13586745916732715,0.8306809282374833,True
0,42,42,258,257,0.1634241245136186,correct,put both the cream cheese box and the butter in the basket,2026080807,7100042,sha256:b1476c39145043fc,mps:0,-0.581250011920929,0.0,-0.824999988079071,0.0,-0.1532142907381057,0.0642857179045677,-1.0,-0.2944846153259277,0.1082033067941665,-0.7495284080505371,-0.0029035334009677,-0.0801628604531288,0.0147679578512907,-1.0124773979187012,537.372250109911,0.2867653965950013,0.1082033067941665,0.07547158002853394,0.0029035334009677,0.07305143028497689,0.049517760053277,0.012477397918701172,0.31565536218712376,0.08830034277161833,0.012477397918701172,0.08691291501080349,0.9628268481548136,True
0,42,42,258,257,0.1634241245136186,paraphrase,place the cream cheese box and the butter together inside the basket,2026080807,7100042,sha256:b1476c39145043fc,mps:0,-0.581250011920929,0.0,-0.824999988079071,0.0,-0.1532142907381057,0.0642857179045677,-1.0,-0.4096411168575287,0.1256760507822036,-0.7572978734970093,-0.0019718674011528,-0.0829218849539756,0.0046288957819342,-1.0158566236495972,572.1621250268072,0.17160889506340027,0.1256760507822036,0.06770211458206177,0.0019718674011528,0.0702924057841301,0.059656822122633506,0.015856623649597168,0.22322109874287144,0.09221630548737067,0.015856623649597168,0.07325211134073988,0.9826422969354058,True
0,42,42,258,257,0.1634241245136186,contradictory,put the cream cheese box in the basket but leave the butter outside the basket,2026080807,7100042,sha256:b1476c39145043fc,mps:0,-0.581250011920929,0.0,-0.824999988079071,0.0,-0.1532142907381057,0.0642857179045677,-1.0,-0.4668360352516174,0.113461785018444,-0.6338467001914978,-0.0013778484426438,-0.0702184587717056,-0.0004202662967145,-1.004685401916504,523.8533751107752,0.11441397666931158,0.113461785018444,0.19115328788757324,0.0013778484426438,0.08299583196640009,0.06470598420128221,0.004685401916503906,0.25000742826381545,0.10524766496973886,0.004685401916503906,0.08182773087173698,0.9895529673681545,True
0,42,42,258,257,0.1634241245136186,unrelated,open the top drawer of the cabinet,2026080807,7100042,sha256:b1476c39145043fc,mps:0,-0.581250011920929,0.0,-0.824999988079071,0.0,-0.1532142907381057,0.0642857179045677,-1.0,-0.4458521008491516,0.2150162011384964,-0.6653527617454529,-0.007439796347171,-0.0587284229695797,0.0779443010687828,-1.012504816055298,516.944584203884,0.13539791107177734,0.2150162011384964,0.15964722633361816,0.007439796347171,0.094485867768526,0.013658583164215102,0.012504816055298074,0.3000863174998966,0.09575743663921116,0.012504816055298074,0.091164343125586,0.965537998759564,True
0,53,53,258,257,0.2062256809338521,correct,put both the cream cheese box and the butter in the basket,2026080807,7100053,sha256:a36ab5aa7b125337,mps:0,0.0,0.0,-0.1660714298486709,0.0,0.0,0.0225000008940696,1.0,-0.2807498872280121,-0.160579964518547,-0.6590901017189026,-0.0003936925786547,-0.0067009292542934,0.0068454332649707,-1.0243226289749146,542.7237499970943,0.2807498872280121,0.160579964518547,0.4930186718702317,0.0003936925786547,0.0067009292542934,0.0156545676290989,2.0243226289749146,0.5896387326117634,0.017032995460915384,2.0243226289749146,0.4259171917219646,0.8977344980468787,True
0,53,53,258,257,0.2062256809338521,paraphrase,place the cream cheese box and the butter together inside the basket,2026080807,7100053,sha256:a36ab5aa7b125337,mps:0,0.0,0.0,-0.1660714298486709,0.0,0.0,0.0225000008940696,1.0,-0.4503648281097412,-0.180250346660614,-0.7376843094825745,0.0008742538047954,-0.0144605664536356,0.0017320904880762,-1.021549105644226,499.8424171935767,0.4503648281097412,0.180250346660614,0.5716128796339035,0.0008742538047954,0.0144605664536356,0.0207679104059934,2.021549105644226,0.7497065759568551,0.025321500834401177,2.021549105644226,0.46569712724470136,0.8355325549768142,True
0,53,53,258,257,0.2062256809338521,contradictory,put the cream cheese box in the basket but leave the butter outside the basket,2026080807,7100053,sha256:a36ab5aa7b125337,mps:0,0.0,0.0,-0.1660714298486709,0.0,0.0,0.0225000008940696,1.0,-0.1955810189247131,-0.1239023208618164,-0.3539260327816009,-0.0141637418419122,0.0167241171002388,-0.0056122429668903,1.0011554956436155,533.2039589993656,0.1955810189247131,0.1239023208618164,0.18785460293293,0.0141637418419122,0.0167241171002388,0.0281122438609599,0.0011554956436155006,0.2981494120766672,0.035645559760577636,0.0011554956436155006,0.0810705058808837,0.8368487339814041,True
0,53,53,258,257,0.2062256809338521,unrelated,open the top drawer of the cabinet,2026080807,7100053,sha256:a36ab5aa7b125337,mps:0,0.0,0.0,-0.1660714298486709,0.0,0.0,0.0225000008940696,1.0,-0.4619501233100891,-0.1400626599788665,-0.6283398270606995,-0.0035547111183404,-0.0062653543427586,0.052095778286457,-1.012871026992798,513.8902079779655,0.4619501233100891,0.1400626599788665,0.46226839721202856,0.0035547111183404,0.0062653543427586,0.0295957773923874,2.012871026992798,0.6683618303041698,0.030459820676342238,2.012871026992798,0.44522400719246696,0.7930029448694147,True
0,76,76,258,257,0.2957198443579766,correct,put both the cream cheese box and the butter in the basket,2026080807,7100076,sha256:e07fb71def398fe0,mps:0,-0.2437500059604644,0.6589285731315613,0.7071428298950195,-0.0032142857089638,0.0,-0.0,1.0,-0.2055246531963348,0.7267272472381592,0.3541299998760223,-0.0015023285523056,-0.0395062267780303,0.0087159946560859,1.0058118104934692,524.1365840192884,0.03822535276412958,0.0677986741065979,0.35301283001899725,0.0017119571566582,0.0395062267780303,0.0087159946560859,0.005811810493469238,0.361491211459665,0.04049248466553157,0.005811810493469238,0.07354040656770976,0.9373353781455306,True
0,76,76,258,257,0.2957198443579766,paraphrase,place the cream cheese box and the butter together inside the basket,2026080807,7100076,sha256:e07fb71def398fe0,mps:0,-0.2437500059604644,0.6589285731315613,0.7071428298950195,-0.0032142857089638,0.0,-0.0,1.0,-0.1979737281799316,0.771643877029419,0.2773247361183166,-0.0018569098319858,-0.0416672006249427,0.0070755910128355,1.0094926357269287,500.85695809684694,0.04577627778053278,0.11271530389785767,0.42981809377670294,0.0013573758769779998,0.0416672006249427,0.0070755910128355,0.009492635726928711,0.4467032584144261,0.04228548291519852,0.009492635726928711,0.09255749695668261,0.8953168213041162,True
0,76,76,258,257,0.2957198443579766,contradictory,put the cream cheese box in the basket but leave the butter outside the basket,2026080807,7100076,sha256:e07fb71def398fe0,mps:0,-0.2437500059604644,0.6589285731315613,0.7071428298950195,-0.0032142857089638,0.0,-0.0,1.0,-0.1194225177168846,0.6706641912460327,0.4519150555133819,-0.0015481689479202,-0.0269863717257976,-0.0087220594286918,0.998989999294281,511.2235839478672,0.1243274882435798,0.011735618114471436,0.25522777438163763,0.0016661167610436,0.0269863717257976,0.0087220594286918,0.0010100007057189941,0.2841412780313524,0.028409761080691792,0.0010100007057189941,0.06138220419442013,0.9701955435711607,True
0,76,76,258,257,0.2957198443579766,unrelated,open the top drawer of the cabinet,2026080807,7100076,sha256:e07fb71def398fe0,mps:0,-0.2437500059604644,0.6589285731315613,0.7071428298950195,-0.0032142857089638,0.0,-0.0,1.0,-0.046956680715084,-0.0261094942688941,-0.0287155471742153,-0.0015737172216176,0.0097896680235862,0.0124169923365116,-1.0111021995544434,525.6781671196222,0.1967933252453804,0.6850380674004554,0.7358583770692348,0.0016405684873461999,0.0097896680235862,0.0124169923365116,2.0111021995544434,1.0244473230732039,0.015896879054037222,2.0111021995544434,0.521805599730994,-0.4292156823368959,True
0,81,81,258,257,0.3151750972762646,correct,put both the cream cheese box and the butter in the basket,2026080807,7100081,sha256:f12d6efbcf1788aa,mps:0,-0.1178571432828903,0.8303571343421936,0.5169642567634583,-0.0171428564935922,0.0,-0.0,1.0,-0.0861598178744316,0.756074845790863,0.1706543266773224,-0.003439494408667,-0.0816232711076736,0.0028178906068205,1.0167014598846436,538.9537911396474,0.03169732540845871,0.07428228855133057,0.34630993008613586,0.013703362084925199,0.0816232711076736,0.0028178906068205,0.016701459884643555,0.3556025119522318,0.0828135316613134,0.016701459884643555,0.081019361104284,0.9451482116263856,True
0,81,81,258,257,0.3151750972762646,paraphrase,place the cream cheese box and the butter together inside the basket,2026080807,7100081,sha256:f12d6efbcf1788aa,mps:0,-0.1178571432828903,0.8303571343421936,0.5169642567634583,-0.0171428564935922,0.0,-0.0,1.0,-0.0792854502797126,0.7863439321517944,0.1241362765431404,-0.0051385252736508,-0.0864366367459297,0.0016988511197268,1.0212349891662598,494.7218340821564,0.03857169300317771,0.04401320219039917,0.39282798022031784,0.0120043312199414,0.0864366367459297,0.0016988511197268,0.021234989166259766,0.39716339145515256,0.08728277169701282,0.021234989166259766,0.08525538338082175,0.9216909949491361,True
0,81,81,258,257,0.3151750972762646,contradictory,put the cream cheese box in the basket but leave the butter outside the basket,2026080807,7100081,sha256:f12d6efbcf1788aa,mps:0,-0.1178571432828903,0.8303571343421936,0.5169642567634583,-0.0171428564935922,0.0,-0.0,1.0,-0.0390081033110618,0.7396190762519836,0.2111288905143737,-0.0028845188207924,-0.0835028290748596,-0.0106173744425177,1.01021409034729,513.061709003523,0.07884903997182852,0.09073805809020996,0.3058353662490846,0.0142583376727998,0.0835028290748596,0.0106173744425177,0.010214090347290039,0.328611986298694,0.08537418401805916,0.010214090347290039,0.08485929940694145,0.9593175200742647,True
0,81,81,258,257,0.3151750972762646,unrelated,open the top drawer of the cabinet,2026080807,7100081,sha256:f12d6efbcf1788aa,mps:0,-0.1178571432828903,0.8303571343421936,0.5169642567634583,-0.0171428564935922,0.0,-0.0,1.0,0.0350053012371063,-0.2416837811470031,-0.2929227650165558,-0.0080422991886734,-0.0901215523481369,0.0447790846228599,-0.9807476997375488,509.4415838830173,0.15286244451999662,1.0720409154891968,0.809887021780014,0.009100557304918799,0.0901215523481369,0.0447790846228599,1.9807476997375488,1.3522409694559787,0.10104395459679584,1.9807476997375488,0.5942198965432388,-0.9481401702868183,True
0,95,95,258,257,0.3696498054474708,correct,put both the cream cheese box and the butter in the basket,2026080807,7100095,sha256:245f686859a37d64,mps:0,0.0,0.8705357313156128,0.0616071410477161,0.0,0.0,0.0139285717159509,1.0,-0.3158134818077087,0.8628126978874207,0.1515845358371734,-0.0104059837758541,0.0220797434449195,0.0195470731705427,1.000280499458313,533.4091249387711,0.3158134818077087,0.007723033428192139,0.08997739478945731,0.0104059837758541,0.0220797434449195,0.0056185014545918,0.0002804994583129883,0.3284718132655202,0.02504729780898639,0.0002804994583129883,0.0645569483084338,0.9357245428725575,True
0,95,95,258,257,0.3696498054474708,paraphrase,place the cream cheese box and the butter together inside the basket,2026080807,7100095,sha256:245f686859a37d64,mps:0,0.0,0.8705357313156128,0.0616071410477161,0.0,0.0,0.0139285717159509,1.0,-0.2792222201824188,0.8707062005996704,0.1297342181205749,-0.0080012138932943,0.01789166405797,0.014928663149476,1.001833200454712,489.4492910243571,0.2792222201824188,0.0001704692840576172,0.0681270770728588,0.0080012138932943,0.01789166405797,0.0010000914335250993,0.001833200454711914,0.287413249405568,0.019624761129881596,0.001833200454711914,0.05374941948269093,0.9503569918571144,True
0,95,95,258,257,0.3696498054474708,contradictory,put the cream cheese box in the basket but leave the butter outside the basket,2026080807,7100095,sha256:245f686859a37d64,mps:0,0.0,0.8705357313156128,0.0616071410477161,0.0,0.0,0.0139285717159509,1.0,-0.2047785222530365,0.8340672254562378,0.2274880111217498,-0.0037106978707015,0.0177440382540226,0.0052240928635001,1.0007712841033936,512.1515421196818,0.2047785222530365,0.036468505859375,0.16588087007403368,0.0037106978707015,0.0177440382540226,0.008704478852450799,0.0007712841033935547,0.2660463458728029,0.020109403878300548,0.0007712841033935547,0.0625797710381448,0.9545164646780577,True
0,95,95,258,257,0.3696498054474708,unrelated,open the top drawer of the cabinet,2026080807,7100095,sha256:245f686859a37d64,mps:0,0.0,0.8705357313156128,0.0616071410477161,0.0,0.0,0.0139285717159509,1.0,-0.1284430027008056,-0.1424267888069152,0.111705906689167,-0.004287723917514,0.1073770970106124,0.0270217079669237,-1.0230954885482788,514.5435829181224,0.1284430027008056,1.012962520122528,0.050098765641450896,0.004287723917514,0.1073770970106124,0.0130931362509728,2.023095488548279,1.0223015985679467,0.10825735889862559,2.023095488548279,0.4770511048845947,-0.6045805883283702,True
0,114,114,258,257,0.4435797665369649,correct,put both the cream cheese box and the butter in the basket,2026080807,7100114,sha256:09314ed5e6d9d815,mps:0,-0.6187499761581421,0.2732142806053161,-0.5758928656578064,0.0,-0.0332142859697341,0.0621428564190864,1.0,-0.0975760594010353,0.0938378125429153,-0.4854112267494201,0.0089041562750935,-0.0060447584837675,-0.0072687566280364,0.9895376563072203,546.850125072524,0.5211739167571068,0.17937646806240082,0.09048163890838629,0.0089041562750935,0.027169527485966603,0.0694116130471228,0.010462343692779652,0.5585562601762089,0.07506956273074654,0.010462343692779652,0.1295685234612652,0.816585433542624,True
0,114,114,258,257,0.4435797665369649,paraphrase,place the cream cheese box and the butter together inside the basket,2026080807,7100114,sha256:09314ed5e6d9d815,mps:0,-0.6187499761581421,0.2732142806053161,-0.5758928656578064,0.0,-0.0332142859697341,0.0621428564190864,1.0,-0.0591152235865592,0.0943866670131683,-0.5703778266906738,0.0303009692579507,-0.0198097229003906,-0.0176971442997455,0.9979388117790222,532.3532910551876,0.5596347525715829,0.17882761359214783,0.005515038967132568,0.0303009692579507,0.013404563069343501,0.0798400007188319,0.002061188220977783,0.5875379028826382,0.08644221632879596,0.002061188220977783,0.12422630377113816,0.757065816101096,True
0,114,114,258,257,0.4435797665369649,contradictory,put the cream cheese box in the basket but leave the butter outside the basket,2026080807,7100114,sha256:09314ed5e6d9d815,mps:0,-0.6187499761581421,0.2732142806053161,-0.5758928656578064,0.0,-0.0332142859697341,0.0621428564190864,1.0,-0.0395698621869087,0.0180565863847732,-0.4027668535709381,0.0060773976147174,-0.0216647461056709,-0.0333816930651664,0.9867628216743468,531.7123751156032,0.5791801139712334,0.2551576942205429,0.1731260120868683,0.0060773976147174,0.0115495398640632,0.09552454948425279,0.013237178325653187,0.6561460732190488,0.09641196080885618,0.013237178325653187,0.16197892650961876,0.7262743443069325,True
0,114,114,258,257,0.4435797665369649,unrelated,open the top drawer of the cabinet,2026080807,7100114,sha256:09314ed5e6d9d815,mps:0,-0.6187499761581421,0.2732142806053161,-0.5758928656578064,0.0,-0.0332142859697341,0.0621428564190864,1.0,0.1202785521745681,-0.428364634513855,0.1797833144664764,0.0028791029471904,-0.0082642277702689,-0.0356564000248909,0.9997567534446716,529.0784591343254,0.7390285283327102,0.7015789151191711,0.7556761801242828,0.0028791029471904,0.024950058199465202,0.0977992564439773,0.00024324655532836914,1.2686302176113542,0.10097271512112595,0.00024324655532836914,0.33173646967458936,-0.691989885367923,True
0,128,128,258,257,0.4980544747081712,correct,put both the cream cheese box and the butter in the basket,2026080807,7100128,sha256:d418642eb340f5fc,mps:0,0.1232142820954322,0.3803571462631225,-0.0,-0.0353571437299251,0.1285714358091354,0.02357142791152,1.0,-0.0060869455337524,0.0590122863650321,-0.028186623007059,0.000361515500117,-0.0131273558363318,-0.0203274264931678,-1.013353705406189,535.6939591001719,0.1293012276291846,0.3213448598980904,0.028186623007059,0.0357186592300421,0.1416987916454672,0.0438988544046878,2.013353705406189,0.34752814586142466,0.1525826975414361,2.013353705406189,0.3876432458886743,0.8261794157080955,True
0,128,128,258,257,0.4980544747081712,paraphrase,place the cream cheese box and the butter together inside the basket,2026080807,7100128,sha256:d418642eb340f5fc,mps:0,0.1232142820954322,0.3803571462631225,-0.0,-0.0353571437299251,0.1285714358091354,0.02357142791152,1.0,-0.0192905738949775,0.0722514241933822,-0.1106478571891784,0.0005316463066264,-0.0180601514875888,-0.0227177925407886,-1.025898575782776,510.0487500894815,0.14250485599040968,0.3081057220697403,0.1106478571891784,0.0358887900365515,0.1466315872967242,0.0462892204523086,2.025898575782776,0.3570430201719679,0.15789718038498013,2.025898575782776,0.40228094411681264,0.4701641607845377,True
0,128,128,258,257,0.4980544747081712,contradictory,put the cream cheese box in the basket but leave the butter outside the basket,2026080807,7100128,sha256:d418642eb340f5fc,mps:0,0.1232142820954322,0.3803571462631225,-0.0,-0.0353571437299251,0.1285714358091354,0.02357142791152,1.0,0.0288790240883827,0.060838233679533,0.0653421804308891,0.0003393755760043,-0.0076219607144594,-0.030761681497097,-1.009426236152649,544.0870830789208,0.0943352580070495,0.3195189125835895,0.0653421804308891,0.0356965193059294,0.1361933965235948,0.054333109408617006,2.009426236152649,0.33950121788488324,0.15091378176031658,2.009426236152649,0.3878350874874741,0.7116478565721606,True
0,128,128,258,257,0.4980544747081712,unrelated,open the top drawer of the cabinet,2026080807,7100128,sha256:d418642eb340f5fc,mps:0,0.1232142820954322,0.3803571462631225,-0.0,-0.0353571437299251,0.1285714358091354,0.02357142791152,1.0,0.0418409071862697,0.0088111087679862,0.0548808202147483,-0.0002195794950239,0.0013377671130001,-0.026203354820609,-1.0145182609558103,577.8868747875094,0.0813733749091625,0.3715460374951363,0.0548808202147483,0.0351375642349012,0.1272336686961353,0.049774782732129,2.0145182609558105,0.38429154108552516,0.14106942924060611,2.0145182609558105,0.3906377870340033,0.30582424367235095,True
0,139,139,258,257,0.5408560311284046,correct,put both the cream cheese box and the butter in the basket,2026080807,7100139,sha256:e9eb12ec54db9a06,mps:0,0.0,-0.3696428537368774,0.2383928596973419,0.0,0.002142857061699,-0.0642857179045677,-1.0,0.0229509174823761,-0.3058248460292816,0.0575479641556739,-0.0020124004222452,0.0636613965034484,-0.0921693965792656,-0.989244818687439,536.8015000130981,0.0229509174823761,0.06381800770759577,0.180844895541668,0.0020124004222452,0.061518539441749405,0.02788367867469789,0.010755181312561035,0.1931433637599967,0.06757277548642894,0.010755181312561035,0.05282623151184191,0.9236112602974064,True
0,139,139,258,257,0.5408560311284046,paraphrase,place the cream cheese box and the butter together inside the basket,2026080807,7100139,sha256:e9eb12ec54db9a06,mps:0,0.0,-0.3696428537368774,0.2383928596973419,0.0,0.002142857061699,-0.0642857179045677,-1.0,-0.0254191532731056,-0.2474854886531829,0.0077115595340728,-0.0007332600071094,0.0484230108559131,-0.0840308666229248,-0.9947795867919922,530.7225829456002,0.0254191532731056,0.12215736508369449,0.2306813001632691,0.0007332600071094,0.0462801537942141,0.0197451487183571,0.0052204132080078125,0.26226402239409224,0.050321577910118986,0.0052204132080078125,0.06431954203539393,0.8523785528733954,True
0,139,139,258,257,0.5408560311284046,contradictory,put the cream cheese box in the basket but leave the butter outside the basket,2026080807,7100139,sha256:e9eb12ec54db9a06,mps:0,0.0,-0.3696428537368774,0.2383928596973419,0.0,0.002142857061699,-0.0642857179045677,-1.0,-0.0103069767355918,-0.2223851978778839,0.0896556451916694,-0.0010191386099904,0.0719371661543846,-0.0898599699139595,-0.9905297756195068,526.3827091548592,0.0103069767355918,0.14725765585899347,0.1487372145056725,0.0010191386099904,0.0697943090926856,0.0255742520093918,0.009470224380493164,0.20955622147151878,0.07433926681822729,0.009470224380493164,0.05887996731325982,0.981177761773849,True
0,139,139,258,257,0.5408560311284046,unrelated,open the top drawer of the cabinet,2026080807,7100139,sha256:e9eb12ec54db9a06,mps:0,0.0,-0.3696428537368774,0.2383928596973419,0.0,0.002142857061699,-0.0642857179045677,-1.0,-0.042673721909523,-0.4692851901054382,0.1507862210273742,-0.0052671278826892,0.0877116546034812,-0.0939615070819854,-0.9855247735977172,538.2128751371056,0.042673721909523,0.09964233636856079,0.08760663866996768,0.0052671278826892,0.08556879754178219,0.0296757891774177,0.014475226402282826,0.13937203764617562,0.09072163034349445,0.014475226402282826,0.05212994827888906,0.9622976949786498,True
0,141,141,258,257,0.5486381322957199,correct,put both the cream cheese box and the butter in the basket,2026080807,7100141,sha256:5cd54132bdc70b74,mps:0,0.0642857179045677,-0.4151785671710968,0.2892857193946838,0.0,0.0085714282467961,-0.0739285722374916,-1.0,0.0498272702097892,-0.0182029828429222,-0.0075919479131698,-0.0003422233858145,-0.0161607004702091,-0.023392966017127,-1.0216423273086548,542.4675000831485,0.014458447694778505,0.3969755843281746,0.2968776673078536,0.0003422233858145,0.0247321287170052,0.0505356062203646,0.021642327308654785,0.49591835074797436,0.056264045391173786,0.021642327308654785,0.11508056928037798,0.3133130602633098,True
0,141,141,258,257,0.5486381322957199,paraphrase,place the cream cheese box and the butter together inside the basket,2026080807,7100141,sha256:5cd54132bdc70b74,mps:0,0.0642857179045677,-0.4151785671710968,0.2892857193946838,0.0,0.0085714282467961,-0.0739285722374916,-1.0,0.0233611837029457,0.009334772825241,-0.0525752678513526,-0.000446458288934,-0.0278152972459793,-0.0183583218604326,-1.022987723350525,508.4223330486566,0.04092453420162201,0.4245133399963378,0.34186098724603636,0.000446458288934,0.0363867254927754,0.055570250377059,0.022987723350524902,0.546585151586924,0.06642473819338225,0.022987723350524902,0.13181285985046992,-0.5914219983102443,True
0,141,141,258,257,0.5486381322957199,contradictory,put the cream cheese box in the basket but leave the butter outside the basket,2026080807,7100141,sha256:5cd54132bdc70b74,mps:0,0.0642857179045677,-0.4151785671710968,0.2892857193946838,0.0,0.0085714282467961,-0.0739285722374916,-1.0,0.0357803478837013,0.0247200019657611,0.0443993434309959,-0.0003160074702464,-0.0082894740626215,-0.0294161234050989,-1.023664951324463,521.9942501280457,0.028505370020866408,0.4398985691368579,0.2448863759636879,0.0003160074702464,0.0168609023094176,0.04451244883239269,0.02366495132446289,0.504274374107301,0.04759987382825035,0.02366495132446289,0.11409208929399026,0.15396614400601547,True
0,141,141,258,257,0.5486381322957199,unrelated,open the top drawer of the cabinet,2026080807,7100141,sha256:5cd54132bdc70b74,mps:0,0.0642857179045677,-0.4151785671710968,0.2892857193946838,0.0,0.0085714282467961,-0.0739285722374916,-1.0,0.0553567446768283,-0.0024818256497383,0.0563110634684562,-0.0025700498372316,-0.0063508255407214,-0.0259891711175441,-1.034609317779541,521.603083005175,0.008928973227739403,0.4126967415213585,0.23297465592622757,0.0025700498372316,0.014922253787517499,0.04793940111994749,0.034609317779541016,0.47399949085330545,0.05027389972942378,0.034609317779541016,0.10780591331422329,0.5181077695499743,True
0,156,156,258,257,0.6070038910505836,correct,put both the cream cheese box and the butter in the basket,2026080807,7100156,sha256:267889625d077da4,mps:0,0.6669642925262451,-0.5866071581840515,-0.2651785612106323,-0.01178571395576,-0.0321428589522838,-0.0,-1.0,0.2363808155059814,-0.6582391858100891,-0.1051144301891326,0.0254456456750631,-0.0341882333159446,0.0144678857177495,-0.9985817074775696,549.3958329316229,0.4305834770202637,0.0716320276260376,0.16006413102149974,0.0372313596308231,0.0020453743636608054,0.0144678857177495,0.00141829252243042,0.46492343897070326,0.03999596746409649,0.00141829252243042,0.10249179255749498,0.8719656158994755,True
0,156,156,258,257,0.6070038910505836,paraphrase,place the cream cheese box and the butter together inside the basket,2026080807,7100156,sha256:267889625d077da4,mps:0,0.6669642925262451,-0.5866071581840515,-0.2651785612106323,-0.01178571395576,-0.0321428589522838,-0.0,-1.0,0.0278747975826263,-0.5037060976028442,-0.2982634305953979,0.0305641293525695,-0.0627051666378974,0.0139036495238542,-1.0063509941101074,506.6645829938352,0.6390894949436188,0.08290106058120728,0.03308486938476557,0.0423498433083295,0.030562307685613598,0.0139036495238542,0.006350994110107422,0.6452926289482824,0.054045123271136565,0.006350994110107422,0.12117745993392805,0.7237196834271625,True
0,156,156,258,257,0.6070038910505836,contradictory,put the cream cheese box in the basket but leave the butter outside the basket,2026080807,7100156,sha256:267889625d077da4,mps:0,0.6669642925262451,-0.5866071581840515,-0.2651785612106323,-0.01178571395576,-0.0321428589522838,-0.0,-1.0,-0.1485480666160583,-0.2973892986774444,-0.3355245292186737,0.0198517516255378,-0.0446194782853126,-0.0002334504388272,-1.0028878450393677,519.2136249970645,0.8155123591423035,0.2892178595066071,0.07034596800804138,0.0316374655812978,0.0124766193330288,0.0002334504388272,0.0028878450393676758,0.8681335919007035,0.034009553914988354,0.0028878450393676758,0.1746159381499248,0.3753763576520298,True
0,156,156,258,257,0.6070038910505836,unrelated,open the top drawer of the cabinet,2026080807,7100156,sha256:267889625d077da4,mps:0,0.6669642925262451,-0.5866071581840515,-0.2651785612106323,-0.01178571395576,-0.0321428589522838,-0.0,-1.0,-0.3717235922813415,-0.1551874279975891,0.0653136000037193,-0.0067232744768261,-0.0081186508759856,0.0936358198523521,-1.0244978666305542,519.5464170537889,1.0386878848075867,0.4314197301864624,0.33049216121435165,0.0050624394789339005,0.024024208076298195,0.0936358198523521,0.0244978666305542,1.1722715445938077,0.09680112409777727,0.0244978666305542,0.2782600157495056,-0.46054363462130504,True
0,169,169,258,257,0.6575875486381323,correct,put both the cream cheese box and the butter in the basket,2026080807,7100169,sha256:4902698f89371e4e,mps:0,-0.2196428626775741,-0.28125,-0.8089285492897034,0.0,-0.0482142865657806,0.0439285710453987,-1.0,-0.3572607338428497,-0.1404670029878616,-0.3765412271022796,0.0022433409467339,0.0644404217600822,-0.028026632964611,-0.9845215678215028,537.9054590594023,0.13761787116527557,0.1407829970121384,0.43238732218742376,0.0022433409467339,0.1126547083258628,0.0719552040100097,0.015478432178497203,0.4750971764809734,0.1336924353533536,0.015478432178497203,0.13044569654656304,0.8888238659550046,True
0,169,169,258,257,0.6575875486381323,paraphrase,place the cream cheese box and the butter together inside the basket,2026080807,7100169,sha256:4902698f89371e4e,mps:0,-0.2196428626775741,-0.28125,-0.8089285492897034,0.0,-0.0482142865657806,0.0439285710453987,-1.0,-0.5029897689819336,-0.1378066092729568,-0.4219414293766022,0.0023415079340338,0.0489209257066249,-0.0376548767089843,-0.9914159774780272,521.3580830022693,0.2833469063043595,0.1434433907270432,0.3869871199131012,0.0023415079340338,0.0971352122724055,0.081583447754383,0.008584022521972767,0.5006201220827621,0.12687234162772656,0.008584022521972767,0.1433459439181856,0.8270820112100437,True
0,169,169,258,257,0.6575875486381323,contradictory,put the cream cheese box in the basket but leave the butter outside the basket,2026080807,7100169,sha256:4902698f89371e4e,mps:0,-0.2196428626775741,-0.28125,-0.8089285492897034,0.0,-0.0482142865657806,0.0439285710453987,-1.0,-0.5279219150543213,-0.1324918866157531,-0.3897038102149963,0.0033368556760251,0.0515467748045921,-0.0400828048586845,-0.992222011089325,521.3159588165581,0.3082790523767472,0.1487581133842469,0.4192247390747071,0.0033368556760251,0.09976106137037269,0.0840113759040832,0.007777988910675049,0.541215606098163,0.13046576276112848,0.007777988910675049,0.1530213123852653,0.7914990530552956,True
0,169,169,258,257,0.6575875486381323,unrelated,open the top drawer of the cabinet,2026080807,7100169,sha256:4902698f89371e4e,mps:0,-0.2196428626775741,-0.28125,-0.8089285492897034,0.0,-0.0482142865657806,0.0439285710453987,-1.0,-0.330526739358902,0.0757651254534721,-0.2723071575164795,-0.0063090967014431,0.1232409849762916,0.0011556702665984,-0.9978910684585572,538.7215418741107,0.11088387668132788,0.3570151254534721,0.5366213917732239,0.0063090967014431,0.17145527154207219,0.0427729007788003,0.00210893154144276,0.6540011865578458,0.17682261134195187,0.00210893154144276,0.17530951349596893,0.7062547561887523,True
0,191,191,258,257,0.7431906614785992,correct,put both the cream cheese box and the butter in the basket,2026080807,7100191,sha256:4e179b9d1881514c,mps:0,0.1660714298486709,0.0,0.4446428716182709,-0.0171428564935922,0.0407142862677574,-0.0,1.0,0.1236935257911682,-0.0129839405417442,0.3104615211486816,-0.0087449168786406,-0.0257364548742771,0.0071718804538249,0.9943310618400574,534.2918750829995,0.042377904057502705,0.0129839405417442,0.1341813504695893,0.0083979396149516,0.0664507411420345,0.0071718804538249,0.005668938159942627,0.14131208114715882,0.06736217230275465,0.005668938159942627,0.03960467063422712,0.9990110461728655,True
0,191,191,258,257,0.7431906614785992,paraphrase,place the cream cheese box and the butter together inside the basket,2026080807,7100191,sha256:4e179b9d1881514c,mps:0,0.1660714298486709,0.0,0.4446428716182709,-0.0171428564935922,0.0407142862677574,-0.0,1.0,0.011881798505783,-0.0098247304558753,0.1077625229954719,-0.0031707203015685,-0.0361960902810096,0.0087590934708714,1.0002593994140625,511.8632500525564,0.1541896313428879,0.0098247304558753,0.336880348622799,0.0139721361920237,0.076910376548767,0.0087590934708714,0.0002593994140625,0.3706202059122045,0.07865842821384782,0.0002593994140625,0.0858279594353267,0.9655385560705777,True
0,191,191,258,257,0.7431906614785992,contradictory,put the cream cheese box in the basket but leave the butter outside the basket,2026080807,7100191,sha256:4e179b9d1881514c,mps:0,0.1660714298486709,0.0,0.4446428716182709,-0.0171428564935922,0.0407142862677574,-0.0,1.0,-0.0246948674321174,-0.0168069899082183,-0.0517397262156009,-0.0057679493911564,-0.0281473323702812,0.0100188897922635,1.0092480182647705,546.3686669245362,0.1907662972807883,0.0168069899082183,0.4963825978338718,0.0113749071024358,0.06886161863803861,0.0100188897922635,0.009248018264770508,0.5320431735491965,0.07051020625206846,0.009248018264770508,0.1147799026886267,-0.9559126453105387,True
0,191,191,258,257,0.7431906614785992,unrelated,open the top drawer of the cabinet,2026080807,7100191,sha256:4e179b9d1881514c,mps:0,0.1660714298486709,0.0,0.4446428716182709,-0.0171428564935922,0.0407142862677574,-0.0,1.0,-0.0369354933500289,0.0057981684803962,-0.1523060202598571,-0.0096371201798319,-0.0286765694618225,0.0167780797928571,1.0024094581604004,523.1694998219609,0.2030069231986998,0.0057981684803962,0.5969488918781279,0.0075057363137603,0.0693908557295799,0.0167780797928571,0.0024094581604003906,0.6305500845601837,0.07178391810169288,0.0024094581604003906,0.12883401622197452,-0.9921854846250363,True
0,196,196,258,257,0.7626459143968871,correct,put both the cream cheese box and the butter in the basket,2026080807,7100196,sha256:659d6cd84b993457,mps:0,0.4258928596973419,-0.0776785686612129,0.9375,0.0,0.004285714123398,-0.0,1.0,0.1395220011472702,-0.0048245787620544,0.8714925050735474,1.242209691554308e-05,-0.0077437302097678,-0.0508598610758781,0.9945428967475892,551.5577921178192,0.2863708585500717,0.07285398989915849,0.06600749492645264,1.242209691554308e-05,0.0120294443331658,0.0508598610758781,0.005457103252410778,0.3027754313966005,0.052263114659679887,0.005457103252410778,0.07051302487629328,0.9620557688387297,True
0,196,196,258,257,0.7626459143968871,paraphrase,place the cream cheese box and the butter together inside the basket,2026080807,7100196,sha256:659d6cd84b993457,mps:0,0.4258928596973419,-0.0776785686612129,0.9375,0.0,0.004285714123398,-0.0,1.0,0.0347579158842563,0.0298775807023048,0.8139187693595886,0.0004965943517163,-0.0199785232543945,-0.0534672886133194,0.9937590956687928,510.2870420087129,0.3911349438130856,0.10755614936351769,0.12358123064041138,0.0004965943517163,0.0242642373777925,0.0534672886133194,0.006240904331207164,0.424060361392304,0.05871755081009437,0.006240904331207164,0.10096304978443572,0.9212677691249733,True
0,196,196,258,257,0.7626459143968871,contradictory,put the cream cheese box in the basket but leave the butter outside the basket,2026080807,7100196,sha256:659d6cd84b993457,mps:0,0.4258928596973419,-0.0776785686612129,0.9375,0.0,0.004285714123398,-0.0,1.0,0.0085071250796318,-0.0546135306358337,0.3382414579391479,-0.0008565573371015,-0.0111288418993353,-0.0508799999952316,0.9872923493385316,521.9019579235464,0.4173857346177101,0.023065038025379195,0.599258542060852,0.0008565573371015,0.015414556022733299,0.0508799999952316,0.012707650661468395,0.7306528913748139,0.05317063689071717,0.012707650661468395,0.159938296960068,0.9182162252464385,True
0,196,196,258,257,0.7626459143968871,unrelated,open the top drawer of the cabinet,2026080807,7100196,sha256:659d6cd84b993457,mps:0,0.4258928596973419,-0.0776785686612129,0.9375,0.0,0.004285714123398,-0.0,1.0,-0.0243461281061172,-0.0109563246369361,0.207387775182724,-0.0018149737734347,-0.0146687617525458,-0.0442347079515457,-0.9960986375808716,519.9029999785125,0.4502389878034591,0.06672224402427679,0.730112224817276,0.0018149737734347,0.018954475875943802,0.0442347079515457,1.9960986375808716,0.8603667036871843,0.048158858718708564,1.9960986375808716,0.4725966074038297,0.8563656393455701,True
0,212,212,258,257,0.8249027237354085,correct,put both the cream cheese box and the butter in the basket,2026080807,7100212,sha256:2d7b5f488a91b599,mps:0,-0.2196428626775741,0.7982142567634583,0.4232142865657806,-0.0610714294016361,0.0,-0.0,1.0,-0.1200412139296531,0.7331560254096985,0.7833136916160583,0.0031234319321811,0.0171265676617622,-0.0110629014670848,0.9927685856819152,532.079917145893,0.099601648747921,0.06505823135375977,0.36009940505027777,0.0641948613338172,0.0171265676617622,0.0110629014670848,0.007231414318084828,0.3792421962516138,0.06735493545696086,0.007231414318084828,0.08919643284752965,0.9395368064599832,True
0,212,212,258,257,0.8249027237354085,paraphrase,place the cream cheese box and the butter together inside the basket,2026080807,7100212,sha256:2d7b5f488a91b599,mps:0,-0.2196428626775741,0.7982142567634583,0.4232142865657806,-0.0610714294016361,0.0,-0.0,1.0,-0.1493484377861023,0.8100290894508362,0.5811022520065308,0.0078299278393387,0.0025369843933731,-0.0128308022394776,0.9825937151908876,523.2198750600219,0.07029442489147181,0.01181483268737793,0.15788796544075018,0.0689013572409748,0.0025369843933731,0.0128308022394776,0.017406284809112438,0.1732325202531933,0.07013175319047167,0.017406284809112438,0.04881037881464826,0.9872571490698282,True
0,212,212,258,257,0.8249027237354085,contradictory,put the cream cheese box in the basket but leave the butter outside the basket,2026080807,7100212,sha256:2d7b5f488a91b599,mps:0,-0.2196428626775741,0.7982142567634583,0.4232142865657806,-0.0610714294016361,0.0,-0.0,1.0,-0.0129043906927108,0.7097421884536743,0.8291957974433899,0.0030715214088559,0.0132617596536874,-0.0154960183426737,0.985988438129425,522.7833748795092,0.2067384719848633,0.08847206830978394,0.4059815108776093,0.064142950810492,0.0132617596536874,0.0154960183426737,0.014011561870574951,0.4641003014910824,0.06730764438208967,0.014011561870574951,0.11544347740709779,0.9067773584913623,True
0,212,212,258,257,0.8249027237354085,unrelated,open the top drawer of the cabinet,2026080807,7100212,sha256:2d7b5f488a91b599,mps:0,-0.2196428626775741,0.7982142567634583,0.4232142865657806,-0.0610714294016361,0.0,-0.0,1.0,0.1433011889457702,0.1466556787490844,0.834330141544342,0.0004527205019257,0.0507597289979457,-0.0132952760905027,1.0039106607437134,523.8720839843154,0.3629440516233443,0.6515585780143739,0.41111585497856146,0.0615241499035618,0.0507597289979457,0.0132952760905027,0.003910660743713379,0.8516297384471937,0.08086121119315198,0.003910660743713379,0.22215832862171475,0.5491628484136727,True
0,221,221,258,257,0.8599221789883269,correct,put both the cream cheese box and the butter in the basket,2026080807,7100221,sha256:c18750e28cb0d952,mps:0,-0.5169642567634583,0.7366071343421936,-0.1660714298486709,-0.0621428564190864,-0.0225000008940696,0.0128571428358554,1.0,-0.0669239237904548,0.6162503957748413,-0.0762221440672874,0.0171344522386789,0.0010256189852952,0.0064760977402329,0.9985249638557434,533.8017079047859,0.45004033297300344,0.1203567385673523,0.0898492857813835,0.0792773086577653,0.023525619879364797,0.0063810450956225005,0.0014750361442565918,0.4744417139928218,0.08294012415736621,0.0014750361442565918,0.11012933815696405,0.876936966802826,True
0,221,221,258,257,0.8599221789883269,paraphrase,place the cream cheese box and the butter together inside the basket,2026080807,7100221,sha256:c18750e28cb0d952,mps:0,-0.5169642567634583,0.7366071343421936,-0.1660714298486709,-0.0621428564190864,-0.0225000008940696,0.0128571428358554,1.0,-0.0401021391153335,0.5980525016784668,-0.144843578338623,0.0251746382564306,-0.0073355855420231,0.0031347414478659,1.0037671327590942,528.0703329481184,0.47686211764812475,0.1385546326637268,0.021227851510047913,0.087317494675517,0.015164415352046498,0.0097224013879895,0.0037671327590942383,0.4970367060491276,0.0891562081861241,0.0037671327590942383,0.10751657799950666,0.8600322857515534,True
0,221,221,258,257,0.8599221789883269,contradictory,put the cream cheese box in the basket but leave the butter outside the basket,2026080807,7100221,sha256:c18750e28cb0d952,mps:0,-0.5169642567634583,0.7366071343421936,-0.1660714298486709,-0.0621428564190864,-0.0225000008940696,0.0128571428358554,1.0,0.0513723269104957,0.2472333461046219,-0.2099721431732177,0.0400996580719947,0.0041594924405217,-0.0056461645290255,0.9938355088233948,539.2400410491973,0.568336583673954,0.4893737882375717,0.043900713324546786,0.1022425144910811,0.0266594933345913,0.0185033073648809,0.006164491176605225,0.7512792088076024,0.10726897378904725,0.006164491176605225,0.1793115559433187,0.6336388606318302,True
0,221,221,258,257,0.8599221789883269,unrelated,open the top drawer of the cabinet,2026080807,7100221,sha256:c18750e28cb0d952,mps:0,-0.5169642567634583,0.7366071343421936,-0.1660714298486709,-0.0621428564190864,-0.0225000008940696,0.0128571428358554,1.0,0.0787034630775451,-0.0105164125561714,0.2110340595245361,0.0014358162879943,0.0212159231305122,-0.0146195506677031,-1.0051651000976562,583.8652919046581,0.5956677198410033,0.747123546898365,0.377105489373207,0.0635786727070807,0.0437159240245818,0.0274766935035585,2.0051651000976562,1.027240077540776,0.08190420210468807,2.0051651000976562,0.5514047352064931,-0.40458243166264957,True
0,241,241,258,257,0.9377431906614786,correct,put both the cream cheese box and the butter in the basket,2026080807,7100241,sha256:a91e6b02da5296b8,mps:0,0.1017857119441032,-0.0241071432828903,-0.0,0.0514285713434219,0.0867857113480568,-0.01178571395576,-1.0,-0.1121528968214988,0.1576866954565048,-0.1161202192306518,-0.0001159947714768,0.0166374109685421,-0.008656851015985,-1.0497735738754272,558.1376671325415,0.213938608765602,0.18179383873939509,0.1161202192306518,0.0515445661148987,0.0701483003795147,0.0031288629397750005,0.049773573875427246,0.30381348462229446,0.08710577549969739,0.049773573875427246,0.09806399572075207,-0.6446350687691945,True
0,241,241,258,257,0.9377431906614786,paraphrase,place the cream cheese box and the butter together inside the basket,2026080807,7100241,sha256:a91e6b02da5296b8,mps:0,0.1017857119441032,-0.0241071432828903,-0.0,0.0514285713434219,0.0867857113480568,-0.01178571395576,-1.0,-0.1369108855724334,0.281434416770935,-0.3685502409934997,0.0195745080709457,0.0139382323250174,0.0002427366562187,1.0163336992263794,535.2772909682244,0.2386965975165366,0.3055415600538253,0.3685502409934997,0.031854063272476196,0.0728474790230394,0.0120284506119787,2.0163336992263794,0.5349401749003935,0.08041218919482228,2.0163336992263794,0.4351217272425337,-0.40968668719773915,True
0,241,241,258,257,0.9377431906614786,contradictory,put the cream cheese box in the basket but leave the butter outside the basket,2026080807,7100241,sha256:a91e6b02da5296b8,mps:0,0.1017857119441032,-0.0241071432828903,-0.0,0.0514285713434219,0.0867857113480568,-0.01178571395576,-1.0,-0.0380261689424514,0.0896970927715301,0.0620435699820518,-0.0007320549921132,0.0157930646091699,-0.0237220805138349,-0.9950093626976012,548.6420828383416,0.1398118808865546,0.11380423605442039,0.0620435699820518,0.0521606263355351,0.07099264673888689,0.0119363665580749,0.004990637302398793,0.19065196237407087,0.08889973946708975,0.004990637302398793,0.06510570912256035,-0.49933454970295194,True
0,241,241,258,257,0.9377431906614786,unrelated,open the top drawer of the cabinet,2026080807,7100241,sha256:a91e6b02da5296b8,mps:0,0.1017857119441032,-0.0241071432828903,-0.0,0.0514285713434219,0.0867857113480568,-0.01178571395576,-1.0,-0.0514703691005706,0.0856086537241935,-0.0177038237452507,-0.0014346863608807,0.0196286812424659,-0.0154810594394803,-1.001048564910889,549.9019590206444,0.1532560810446738,0.10971579700708381,0.0177038237452507,0.0528632577043026,0.06715703010559089,0.003695345483720299,0.001048564910888894,0.18931034801424393,0.08554674912560267,0.001048564910888894,0.05791998571450157,-0.6881900288318855,True
0,257,257,258,257,1.0,correct,put both the cream cheese box and the butter in the basket,2026080807,7100257,sha256:471c4bc442003180,mps:0,0.0508928559720516,-0.0053571430034935,0.0750000029802322,0.010714286006987,0.0267857145518064,-0.002142857061699,-1.0,0.1238202601671218,-0.1335958540439605,0.0775642022490501,0.0129589485004544,0.0432649329304695,-0.0183586440980434,-0.9980313181877136,565.6095840968192,0.07292740419507021,0.128238711040467,0.0025641992688179016,0.0022446624934674003,0.016479218378663098,0.016215787036344402,0.001968681812286377,0.14754710573183652,0.023228321017441662,0.001968681812286377,0.034376952032159486,0.7140029791186187,True
0,257,257,258,257,1.0,paraphrase,place the cream cheese box and the butter together inside the basket,2026080807,7100257,sha256:471c4bc442003180,mps:0,0.0508928559720516,-0.0053571430034935,0.0750000029802322,0.010714286006987,0.0267857145518064,-0.002142857061699,-1.0,0.0904110148549079,-0.1169368177652359,0.0397815778851509,0.0189534518867731,0.0309216305613517,-0.0141987763345241,-1.0039260387420654,522.281166864559,0.03951815888285631,0.1115796747617424,0.035218425095081295,0.0082391658797861,0.0041359160095452985,0.0120559192728251,0.00392603874206543,0.12349917476487339,0.015176786390587444,0.00392603874206543,0.030667614091985988,0.5908209730309416,True
0,257,257,258,257,1.0,contradictory,put the cream cheese box in the basket but leave the butter outside the basket,2026080807,7100257,sha256:471c4bc442003180,mps:0,0.0508928559720516,-0.0053571430034935,0.0750000029802322,0.010714286006987,0.0267857145518064,-0.002142857061699,-1.0,0.1069501340389251,-0.1059943884611129,0.1220583990216255,0.0118943220004439,0.0537018850445747,-0.027140149846673,-0.9944443702697754,544.7276660706848,0.0560572780668735,0.1006372454576194,0.04705839604139331,0.0011800359934569012,0.0269161704927683,0.024997292784974,0.005555629730224609,0.12443780066986292,0.036752379045707204,0.005555629730224609,0.03748600693818714,0.8617005664270916,True
0,257,257,258,257,1.0,unrelated,open the top drawer of the cabinet,2026080807,7100257,sha256:471c4bc442003180,mps:0,0.0508928559720516,-0.0053571430034935,0.0750000029802322,0.010714286006987,0.0267857145518064,-0.002142857061699,-1.0,0.2147345542907714,-0.4001153707504272,0.2273028194904327,0.0219952743500471,0.0826557800173759,-0.014133128337562,-0.98756605386734,526.6013750806451,0.1638416983187198,0.3947582277469337,0.1523028165102005,0.011280988343060102,0.0558700654655695,0.011990271275863,0.012433946132660023,0.4537337417459739,0.058245098664111344,0.012433946132660023,0.11463971625614382,0.6532603541651119,True
1,0,258,252,251,0.0,correct,put both the cream cheese box and the butter in the basket,2026080808,7110000,sha256:1100a948a22e2328,mps:0,0.0,0.0,0.0,0.0,0.0,-0.0,-1.0,0.2644446492195129,-0.2292377054691314,-0.1654358804225921,-0.0012561688199639,-0.05574307218194,-0.0820749923586845,-0.9812219142913818,568.6084579210728,0.2644446492195129,0.2292377054691314,0.1654358804225921,0.0012561688199639,0.05574307218194,0.0820749923586845,0.018778085708618164,0.38710454484645573,0.09922284226458816,0.018778085708618164,0.11671007916863471,,False
1,0,258,252,251,0.0,paraphrase,place the cream cheese box and the butter together inside the basket,2026080808,7110000,sha256:1100a948a22e2328,mps:0,0.0,0.0,0.0,0.0,0.0,-0.0,-1.0,0.4203200340270996,-0.2737165689468384,-0.3014973998069763,0.000695425318554,-0.079442873597145,-0.1118039637804031,-0.9842716455459596,519.845417002216,0.4203200340270996,0.2737165689468384,0.3014973998069763,0.000695425318554,0.079442873597145,0.1118039637804031,0.015728354454040416,0.5852267707572333,0.13715604288092936,0.015728354454040416,0.1718863742758653,,False
1,0,258,252,251,0.0,contradictory,put the cream cheese box in the basket but leave the butter outside the basket,2026080808,7110000,sha256:1100a948a22e2328,mps:0,0.0,0.0,0.0,0.0,0.0,-0.0,-1.0,0.1440762281417846,-0.0621569156646728,-0.2175831198692321,-0.0007221636478789,-0.0616075806319713,-0.0798406302928924,-0.9823648929595948,540.1965000201017,0.1440762281417846,0.0621569156646728,0.2175831198692321,0.0007221636478789,0.0616075806319713,0.0798406302928924,0.017635107040405162,0.2682607979793869,0.10084910389897121,0.017635107040405162,0.08337453504126247,,False
1,0,258,252,251,0.0,unrelated,open the top drawer of the cabinet,2026080808,7110000,sha256:1100a948a22e2328,mps:0,0.0,0.0,0.0,0.0,0.0,-0.0,-1.0,0.065031923353672,-0.5405774712562561,-0.2306934297084808,0.0004961140803061,-0.0469079762697219,-0.0609876364469528,-0.982332408428192,555.1707078702748,0.065031923353672,0.5405774712562561,0.2306934297084808,0.0004961140803061,0.0469079762697219,0.0609876364469528,0.017667591571807972,0.5913312202104233,0.0769421611750486,0.017667591571807972,0.1374803060981711,,False
1,24,282,252,251,0.095617529880478,correct,put both the cream cheese box and the butter in the basket,2026080808,7110024,sha256:7e9dc6c0733dec32,mps:0,0.7044642567634583,-0.6803571581840515,-0.0,0.0096428571268916,0.0,-0.0,-1.0,0.6606408357620239,-0.6053517460823059,0.0550070479512214,0.01366554107517,-0.0084895361214876,0.0154623240232467,-0.9915044903755188,546.0934578441083,0.043823421001434326,0.0750054121017456,0.0550070479512214,0.004022683948278399,0.0084895361214876,0.0154623240232467,0.008495509624481201,0.10282061756831463,0.018092475615726317,0.008495509624481201,0.030043704967413605,0.9977774613858333,True
1,24,282,252,251,0.095617529880478,paraphrase,place the cream cheese box and the butter together inside the basket,2026080808,7110024,sha256:7e9dc6c0733dec32,mps:0,0.7044642567634583,-0.6803571581840515,-0.0,0.0096428571268916,0.0,-0.0,-1.0,0.677277147769928,-0.5671501755714417,-0.029703389853239,0.0232442244887352,-0.0143697736784815,0.0139932893216609,-0.9973009824752808,538.3282080292702,0.027187108993530273,0.11320698261260986,0.029703389853239,0.013601367361843598,0.0143697736784815,0.0139932893216609,0.0026990175247192383,0.12015511298505506,0.02423426779835349,0.0026990175247192383,0.030680132763726338,0.9969270810262431,True
1,24,282,252,251,0.095617529880478,contradictory,put the cream cheese box in the basket but leave the butter outside the basket,2026080808,7110024,sha256:7e9dc6c0733dec32,mps:0,0.7044642567634583,-0.6803571581840515,-0.0,0.0096428571268916,0.0,-0.0,-1.0,0.7237266302108765,-0.4231032133102417,0.0660113617777824,0.0048193037509918,-0.0023995609953999,0.0047419853508472,-0.9904046058654784,530.3057921119034,0.019262373447418213,0.2572539448738098,0.0660113617777824,0.004823553375899801,0.0023995609953999,0.0047419853508472,0.009595394134521595,0.26628580710905764,0.007177115382132878,0.009595394134521595,0.0520125962793827,0.9685866125860829,True
1,24,282,252,251,0.095617529880478,unrelated,open the top drawer of the cabinet,2026080808,7110024,sha256:7e9dc6c0733dec32,mps:0,0.7044642567634583,-0.6803571581840515,-0.0,0.0096428571268916,0.0,-0.0,-1.0,0.2892609536647796,-0.6045882701873779,-0.0281001143157482,0.0104489112272858,0.0033078556880354,0.0865741670131683,-0.9833881855010986,536.316208075732,0.41520330309867864,0.07576888799667358,0.0281001143157482,0.0008060541003941987,0.0033078556880354,0.0865741670131683,0.016611814498901367,0.4229944724424467,0.0866410874036654,0.016611814498901367,0.08948174238737139,0.9362837542949866,True
1,32,290,252,251,0.1274900398406374,correct,put both the cream cheese box and the butter in the basket,2026080808,7110032,sha256:92dc72fac1c9766d,mps:0,0.5169642567634583,-0.6053571701049805,-0.3214285671710968,0.0128571428358554,-0.0257142856717109,-0.0364285707473754,-1.0,0.531464695930481,-0.3298984169960022,-0.4198616445064544,0.0048301834613084,-0.0257538706064224,-0.0120075438171625,-0.9999693036079408,563.149583991617,0.014500439167022705,0.27545875310897827,0.09843307733535761,0.008026959374547001,3.95849347115014e-05,0.024421026930212898,3.069639205921515e-05,0.29287686510562433,0.025706423323633876,3.069639205921515e-05,0.06013007674898418,0.9422325233929371,True
1,32,290,252,251,0.1274900398406374,paraphrase,place the cream cheese box and the butter together inside the basket,2026080808,7110032,sha256:92dc72fac1c9766d,mps:0,0.5169642567634583,-0.6053571701049805,-0.3214285671710968,0.0128571428358554,-0.0257142856717109,-0.0364285707473754,-1.0,0.3543745875358581,-0.1193597167730331,-0.657699704170227,0.0242568813264369,-0.0370575562119483,-0.0055359844118356,-1.0027178525924685,517.1097919810563,0.16258966922760015,0.4859974533319474,0.33627113699913025,0.011399738490581499,0.011343270540237399,0.030892586335539797,0.0027178525924684838,0.6129495923510894,0.03482780088810437,0.0027178525924684838,0.14874452964535784,0.7187776674868438,True
1,32,290,252,251,0.1274900398406374,contradictory,put the cream cheese box in the basket but leave the butter outside the basket,2026080808,7110032,sha256:92dc72fac1c9766d,mps:0,0.5169642567634583,-0.6053571701049805,-0.3214285671710968,0.0128571428358554,-0.0257142856717109,-0.0364285707473754,-1.0,0.1819459199905395,-0.0149233341217041,-0.6646052002906799,0.0149022601544857,-0.0328039824962616,-0.0037965760566294,-1.0005991458892822,544.531875057146,0.33501833677291876,0.5904338359832764,0.34317663311958313,0.0020451173186303,0.007089696824550698,0.032631994690746,0.0005991458892822266,0.7606704951339393,0.033455842291113834,0.0005991458892822266,0.18728496579985535,0.5352667952131432,True
1,32,290,252,251,0.1274900398406374,unrelated,open the top drawer of the cabinet,2026080808,7110032,sha256:92dc72fac1c9766d,mps:0,0.5169642567634583,-0.6053571701049805,-0.3214285671710968,0.0128571428358554,-0.0257142856717109,-0.0364285707473754,-1.0,-0.0611099824309349,-0.2497971951961517,-0.6272204518318176,0.0092373313382267,-0.0188329964876174,0.1019330471754074,-0.9917915463447572,533.2483749371022,0.5780742391943932,0.35555997490882874,0.3057918846607208,0.003619811497628701,0.0068812891840935,0.1383616179227828,0.008208453655242809,0.7443798751321122,0.13857991373328102,0.008208453655242809,0.19949961014624154,0.5519703200006051,True
1,45,303,252,251,0.1792828685258964,correct,put both the cream cheese box and the butter in the basket,2026080808,7110045,sha256:3d9b185f15a743da,mps:0,-0.0964285731315612,0.1473214328289032,-0.7258928418159485,-0.0139285717159509,-0.0160714294761419,-0.0900000035762786,-1.0,-0.2443321049213409,-0.1180731654167175,-0.8357989192008972,0.0227018538862466,-0.0556493662297725,0.1008720323443412,-1.0142496824264526,539.2902921885252,0.1479035317897797,0.2653945982456207,0.10990607738494873,0.0366304256021975,0.039577936753630596,0.1908720359206198,0.014249682426452637,0.32309301035458987,0.1983439821470641,0.014249682426452637,0.11493346973189282,0.9337145753704124,True
1,45,303,252,251,0.1792828685258964,paraphrase,place the cream cheese box and the butter together inside the basket,2026080808,7110045,sha256:3d9b185f15a743da,mps:0,-0.0964285731315612,0.1473214328289032,-0.7258928418159485,-0.0139285717159509,-0.0160714294761419,-0.0900000035762786,-1.0,-0.3958642780780792,-0.1215909123420715,-0.8629759550094604,0.0308737363666296,-0.0594408400356769,0.0942295268177986,-1.012390375137329,527.4633748922497,0.29943570494651806,0.26891234517097473,0.13708311319351196,0.0448023080825805,0.043369410559535,0.1842295303940772,0.012390375137329102,0.42516746195469485,0.19449594456191155,0.012390375137329102,0.1414603982120752,0.9044982386625005,True
1,45,303,252,251,0.1792828685258964,contradictory,put the cream cheese box in the basket but leave the butter outside the basket,2026080808,7110045,sha256:3d9b185f15a743da,mps:0,-0.0964285731315612,0.1473214328289032,-0.7258928418159485,-0.0139285717159509,-0.0160714294761419,-0.0900000035762786,-1.0,-0.4792678356170654,-0.1096800118684768,-0.7772724628448486,0.0217388495802879,-0.0514980927109718,0.0597952306270599,-1.0065869092941284,551.7245000228286,0.38283926248550415,0.25700144469738,0.051379621028900146,0.0356674212962388,0.0354266632348299,0.1497952342033385,0.006586909294128418,0.46395636533413204,0.1580057771092895,0.006586909294128418,0.13124236517718857,0.8650576044389918,True
1,45,303,252,251,0.1792828685258964,unrelated,open the top drawer of the cabinet,2026080808,7110045,sha256:3d9b185f15a743da,mps:0,-0.0964285731315612,0.1473214328289032,-0.7258928418159485,-0.0139285717159509,-0.0160714294761419,-0.0900000035762786,-1.0,-0.4873456358909607,-0.0871221274137497,-0.8152192234992981,0.0151517037302255,-0.0623084492981433,0.2408896833658218,-0.988229513168335,554.068166995421,0.3909170627593995,0.2344435602426529,0.08932638168334961,0.0290802754461764,0.0462370198220014,0.3308896869421004,0.011770486831665039,0.4644988001710297,0.33536772257730296,0.011770486831665039,0.16180921053247793,0.8785946688089518,True
1,53,311,252,251,0.2111553784860557,correct,put both the cream cheese box and the butter in the basket,2026080808,7110053,sha256:3636b05450547aa4,mps:0,-0.1526785641908645,-0.1285714358091354,-0.6321428418159485,0.0,0.0,-0.0578571446239948,-1.0,-0.1285701394081115,0.0563479959964752,-0.6839434504508972,-0.0002787361736409,-0.0057219797745347,-0.00327411852777,-1.0086746215820312,540.8055421430618,0.02410842478275302,0.1849194318056106,0.05180060863494873,0.0002787361736409,0.0057219797745347,0.0545830260962248,0.00867462158203125,0.19354512512529642,0.05488283414890158,0.00867462158203125,0.04715526126424914,0.9608785718995742,True
1,53,311,252,251,0.2111553784860557,paraphrase,place the cream cheese box and the butter together inside the basket,2026080808,7110053,sha256:3636b05450547aa4,mps:0,-0.1526785641908645,-0.1285714358091354,-0.6321428418159485,0.0,0.0,-0.0578571446239948,-1.0,-0.248462975025177,0.0449964702129364,-0.7113738059997559,5.002849502488971e-05,-0.0066358018666505,-0.0006133713759481,-1.005059838294983,525.6379588972777,0.0957844108343125,0.1735679060220718,0.07923096418380737,5.002849502488971e-05,0.0066358018666505,0.0572437732480467,0.00505983829498291,0.21349008652688978,0.05762712855016761,0.00505983829498291,0.05965324613498524,0.9629067655227609,True
1,53,311,252,251,0.2111553784860557,contradictory,put the cream cheese box in the basket but leave the butter outside the basket,2026080808,7110053,sha256:3636b05450547aa4,mps:0,-0.1526785641908645,-0.1285714358091354,-0.6321428418159485,0.0,0.0,-0.0578571446239948,-1.0,-0.2864069044589996,0.0400352478027343,-0.6002865433692932,0.0004203648422844,-0.0022839605808258,-0.0126087171956896,-1.0057528018951416,533.0837080255151,0.13372834026813507,0.1686066836118697,0.03185629844665527,0.0004203648422844,0.0022839605808258,0.0452484274283052,0.0057528018951416016,0.21754610201101193,0.04530798348271524,0.0057528018951416016,0.055413839581888155,0.9464408440177837,True
1,53,311,252,251,0.2111553784860557,unrelated,open the top drawer of the cabinet,2026080808,7110053,sha256:3636b05450547aa4,mps:0,-0.1526785641908645,-0.1285714358091354,-0.6321428418159485,0.0,0.0,-0.0578571446239948,-1.0,-0.2683844268321991,0.1550651788711547,-0.67096346616745,-0.0040670847520232,0.0048036454245448,0.0568149611353874,-1.005150556564331,545.4120421782136,0.11570586264133459,0.2836366146802901,0.038820624351501465,0.0040670847520232,0.0048036454245448,0.11467210575938219,0.005150556564331055,0.3087792362059197,0.11484471266469269,0.005150556564331055,0.08097949916762963,0.908624679459464,True
1,64,322,252,251,0.2549800796812749,correct,put both the cream cheese box and the butter in the basket,2026080808,7110064,sha256:cee87adbbefe914a,mps:0,-0.0616071410477161,0.0,-0.0,0.0,0.0589285716414451,-0.0267857145518064,1.0,-0.0762762054800987,0.0848706513643264,-0.2756166160106659,-0.0007676595705561,0.0149722564965486,0.0512063354253768,1.0128393173217771,566.2617499474436,0.014669064432382597,0.0848706513643264,0.2756166160106659,0.0007676595705561,0.04395631514489649,0.0779920499771832,0.012839317321777122,0.28876067588142484,0.08952936279219888,0.012839317321777122,0.07295881054596969,0.2556990996487037,True
1,64,322,252,251,0.2549800796812749,paraphrase,place the cream cheese box and the butter together inside the basket,2026080808,7110064,sha256:cee87adbbefe914a,mps:0,-0.0616071410477161,0.0,-0.0,0.0,0.0589285716414451,-0.0267857145518064,1.0,-0.2314129471778869,0.0589376166462898,-0.4444232583045959,0.0036523507442325,-0.0015430059283971,0.0561578720808029,1.047946810722351,505.5186250247061,0.16980580613017082,0.0589376166462898,0.4444232583045959,0.0036523507442325,0.0604715775698422,0.0829435866326093,0.047946810722351074,0.4793951261470393,0.10271217027804204,0.047946810722351074,0.12402585810715594,0.4586819578888916,True
1,64,322,252,251,0.2549800796812749,contradictory,put the cream cheese box in the basket but leave the butter outside the basket,2026080808,7110064,sha256:cee87adbbefe914a,mps:0,-0.0616071410477161,0.0,-0.0,0.0,0.0589285716414451,-0.0267857145518064,1.0,-0.0695229545235633,0.0740286260843277,-0.1562143564224243,-0.0088984929025173,0.0151064824312925,0.0193769987672567,1.0138874053955078,545.8313750568777,0.007915813475847203,0.0740286260843277,0.1562143564224243,0.0088984929025173,0.0438220892101526,0.0461627133190631,0.013887405395507812,0.17304861379216482,0.06426939224589516,0.013887405395507812,0.05013278525854857,0.37312951471162553,True
1,64,322,252,251,0.2549800796812749,unrelated,open the top drawer of the cabinet,2026080808,7110064,sha256:cee87adbbefe914a,mps:0,-0.0616071410477161,0.0,-0.0,0.0,0.0589285716414451,-0.0267857145518064,1.0,-0.2035901248455047,0.2517203688621521,-0.4709388315677643,-0.0015348908491432,-0.0030199401080608,0.1273848861455917,-1.024827003479004,526.6315832268447,0.14198298379778862,0.2517203688621521,0.4709388315677643,0.0015348908491432,0.0619485117495059,0.1541706006973981,2.024827003479004,0.5525447446737974,0.16615820207649704,2.024827003479004,0.44387474157182233,0.3562473422082645,True
1,87,345,252,251,0.3466135458167331,correct,put both the cream cheese box and the butter in the basket,2026080808,7110087,sha256:9fbcb2df8e332182,mps:0,-0.3348214328289032,0.7982142567634583,0.5973214507102966,0.0,-0.0439285710453987,0.0085714282467961,1.0,-0.0631811395287513,0.6527762413024902,0.5368181467056274,0.0020883555989712,-0.0011419733054935,0.0149539951235055,1.0064865350723269,548.1987919192761,0.2716402933001519,0.14543801546096802,0.06050330400466919,0.0020883555989712,0.042786597739905195,0.0063825668767094005,0.006486535072326882,0.31400846339055694,0.043310406777123236,0.006486535072326882,0.0764750954362431,0.9680723559440326,True
1,87,345,252,251,0.3466135458167331,paraphrase,place the cream cheese box and the butter together inside the basket,2026080808,7110087,sha256:9fbcb2df8e332182,mps:0,-0.3348214328289032,0.7982142567634583,0.5973214507102966,0.0,-0.0439285710453987,0.0085714282467961,1.0,-0.0573688372969627,0.7209467887878418,0.4441381990909576,0.0022156508639454,-0.0043820571154356,0.0117606054991483,1.0106033086776731,516.0625830758363,0.2774525955319405,0.07726746797561646,0.15318325161933904,0.0022156508639454,0.0395465139299631,0.0031891772523521995,0.010603308677673118,0.3262136001938718,0.03973671758349685,0.010603308677673118,0.08049399512154712,0.9634670294289446,True
1,87,345,252,251,0.3466135458167331,contradictory,put the cream cheese box in the basket but leave the butter outside the basket,2026080808,7110087,sha256:9fbcb2df8e332182,mps:0,-0.3348214328289032,0.7982142567634583,0.5973214507102966,0.0,-0.0439285710453987,0.0085714282467961,1.0,0.0172557979822158,0.6194851994514465,0.6297882795333862,-0.0006351270130835,0.0036053978838026,-0.0035382667556405,1.0077130794525146,531.5812909975648,0.352077230811119,0.17872905731201172,0.0324668288230896,0.0006351270130835,0.047533968929201295,0.0121096950024366,0.0077130794525146484,0.39617741903987175,0.04905635842107586,0.0077130794525146484,0.09018071247763663,0.9307534673184991,True
1,87,345,252,251,0.3466135458167331,unrelated,open the top drawer of the cabinet,2026080808,7110087,sha256:9fbcb2df8e332182,mps:0,-0.3348214328289032,0.7982142567634583,0.5973214507102966,0.0,-0.0439285710453987,0.0085714282467961,1.0,0.1270745694637298,-0.2526077628135681,0.5457087159156799,0.0120946886017918,0.006846148520708,0.0590726658701896,1.0174992084503174,551.0886670090258,0.461896002292633,1.0508220195770264,0.0516127347946167,0.0120946886017918,0.0507747195661067,0.050501237623393494,0.017499208450317383,1.1490164090015582,0.07262732709445904,0.017499208450317383,0.24217151584369795,0.12652044647980598,True
1,91,349,252,251,0.3625498007968127,correct,put both the cream cheese box and the butter in the basket,2026080808,7110091,sha256:978a27db81ba5a7d,mps:0,-0.2544642984867096,0.8410714268684387,0.3160714209079742,0.010714286006987,-0.0707142874598503,0.002142857061699,1.0,-0.0988953039050102,0.8455417156219482,0.1825337409973144,-0.0005558304837904,0.0008874265477061,0.0035586329177021,0.9839386343955994,568.0107499938458,0.1555689945816994,0.0044702887535095215,0.1335376799106598,0.0112701164907774,0.0716017140075564,0.0014157758560031002,0.016061365604400635,0.20507073782629837,0.0724970716361015,0.016061365604400635,0.056275133600658035,0.9765932148685865,True
1,91,349,252,251,0.3625498007968127,paraphrase,place the cream cheese box and the butter together inside the basket,2026080808,7110091,sha256:978a27db81ba5a7d,mps:0,-0.2544642984867096,0.8410714268684387,0.3160714209079742,0.010714286006987,-0.0707142874598503,0.002142857061699,1.0,-0.0856648460030555,0.8535625338554382,0.1395903527736663,-0.0011632777750492,-0.0029140636324882,0.0036347853019833,0.9876871705055236,534.5574580132961,0.16879945248365408,0.012491106986999512,0.1764810681343079,0.0118775637820362,0.0678002238273621,0.0014919282402843003,0.01231282949447643,0.2445298556871293,0.06884891228124737,0.01231282949447643,0.06446488184987437,0.965742958840607,True
1,91,349,252,251,0.3625498007968127,contradictory,put the cream cheese box in the basket but leave the butter outside the basket,2026080808,7110091,sha256:978a27db81ba5a7d,mps:0,-0.2544642984867096,0.8410714268684387,0.3160714209079742,0.010714286006987,-0.0707142874598503,0.002142857061699,1.0,-0.0413824692368507,0.8062689900398254,0.2456072270870208,-0.0011387043632566,-0.0018865838646888,-0.0096476338803768,0.9864431023597716,545.0448750052601,0.2130818292498589,0.03480243682861328,0.0704641938209534,0.0118529903702436,0.0688277035951615,0.0117904909420758,0.013556897640228383,0.22711291943989564,0.07082910305485779,0.013556897640228383,0.060625220349590704,0.9724092904943357,True
1,91,349,252,251,0.3625498007968127,unrelated,open the top drawer of the cabinet,2026080808,7110091,sha256:978a27db81ba5a7d,mps:0,-0.2544642984867096,0.8410714268684387,0.3160714209079742,0.010714286006987,-0.0707142874598503,0.002142857061699,1.0,0.072120688855648,-0.0059047192335128,0.097043938934803,0.0395533330738544,0.0163562875241041,0.0043168989941477,0.9788784384727478,546.6381669975817,0.3265849873423576,0.8469761461019515,0.21902748197317118,0.0288390470668674,0.0870705749839544,0.0021740419324487005,0.021121561527252197,0.9338090724996357,0.09174803606663995,0.021121561527252197,0.2188276915611433,0.06505783964773103,True
1,107,365,252,251,0.4262948207171315,correct,put both the cream cheese box and the butter in the basket,2026080808,7110107,sha256:2f689176417a4236,mps:0,-0.109821431338787,0.8973214030265808,0.0053571430034935,0.0,0.0064285714179277,0.0171428564935922,1.0,-0.029084026813507,0.8063931465148926,0.0243320167064666,0.0003750536125153,0.0331273637712001,-0.0064256000332534,0.9950007796287536,566.4246659725904,0.08073740452528,0.09092825651168823,0.0189748737029731,0.0003750536125153,0.026698792353272396,0.0235684565268456,0.004999220371246449,0.12307120765547828,0.03561514174327021,0.004999220371246449,0.035183151086260155,0.9960357879354318,True
1,107,365,252,251,0.4262948207171315,paraphrase,place the cream cheese box and the butter together inside the basket,2026080808,7110107,sha256:2f689176417a4236,mps:0,-0.109821431338787,0.8973214030265808,0.0053571430034935,0.0,0.0064285714179277,0.0171428564935922,1.0,-0.0183060839772224,0.8193835616111755,-0.028867483139038,-0.0002245594514533,0.024770863354206,-0.0071780807338654,1.003533959388733,526.4885001815856,0.0915153473615646,0.07793784141540527,0.0342246261425315,0.0002245594514533,0.018342291936278298,0.0243209372274576,0.00353395938873291,0.12498276265868322,0.03046306104193782,0.00353395938873291,0.03572850898906049,0.9942167298310642,True
1,107,365,252,251,0.4262948207171315,contradictory,put the cream cheese box in the basket but leave the butter outside the basket,2026080808,7110107,sha256:2f689176417a4236,mps:0,-0.109821431338787,0.8973214030265808,0.0053571430034935,0.0,0.0064285714179277,0.0171428564935922,1.0,0.0551536977291107,0.7764591574668884,0.0693385526537895,-0.0004875851445831,0.0271214991807937,-0.0143975662067532,0.9972609877586364,539.1942500136793,0.16497512906789769,0.12086224555969238,0.063981409650296,0.0004875851445831,0.020692927762866,0.0315404227003454,0.0027390122413636364,0.21428508206018418,0.037725763912595224,0.0027390122413636364,0.05789696173243488,0.9781293130083332,True
1,107,365,252,251,0.4262948207171315,unrelated,open the top drawer of the cabinet,2026080808,7110107,sha256:2f689176417a4236,mps:0,-0.109821431338787,0.8973214030265808,0.0053571430034935,0.0,0.0064285714179277,0.0171428564935922,1.0,0.0461047664284706,0.0432378351688385,-0.2291170358657837,0.0083290161564946,0.1089461669325828,-0.0216964315623044,-1.017647385597229,538.5080829728395,0.15592619776725758,0.8540835678577423,0.23447417886927718,0.0083290161564946,0.1025175955146551,0.0388392880558966,2.017647385597229,0.8993052099210738,0.10994416854445029,2.017647385597229,0.48740246140265037,0.15129163272604068,True
1,119,377,252,251,0.4741035856573705,correct,put both the cream cheese box and the butter in the basket,2026080808,7110119,sha256:cee94ad1bf070f86,mps:0,-0.230357140302658,0.543749988079071,-0.2839285731315613,0.0,0.0,0.04714285582304,1.0,0.2248464822769165,0.4196542501449585,-0.2789252698421478,-0.0498257353901863,0.049995794892311,0.0276235286146402,0.9750341773033142,551.5767498873174,0.4552036225795745,0.12409573793411255,0.005003303289413452,0.0498257353901863,0.049995794892311,0.0195193272083998,0.02496582269668579,0.47184226519758216,0.07323378693441622,0.02496582269668579,0.1040870491415262,0.7069150450557505,True
1,119,377,252,251,0.4741035856573705,paraphrase,place the cream cheese box and the butter together inside the basket,2026080808,7110119,sha256:cee94ad1bf070f86,mps:0,-0.230357140302658,0.543749988079071,-0.2839285731315613,0.0,0.0,0.04714285582304,1.0,0.2013860046863556,0.5174152851104736,-0.3868967592716217,-0.0255392286926507,0.0254012793302536,0.0190393701195716,0.9821797013282776,547.2533341962844,0.43174314498901356,0.026334702968597412,0.10296818614006042,0.0255392286926507,0.0254012793302536,0.028103485703468403,0.017820298671722412,0.4446325529945179,0.045686793524104256,0.017820298671722412,0.09398718949939522,0.7775979480097776,True
1,119,377,252,251,0.4741035856573705,contradictory,put the cream cheese box in the basket but leave the butter outside the basket,2026080808,7110119,sha256:cee94ad1bf070f86,mps:0,-0.230357140302658,0.543749988079071,-0.2839285731315613,0.0,0.0,0.04714285582304,1.0,0.2516591548919678,0.4019771814346313,-0.2312990725040435,-0.0342003107070922,0.0151984905824065,-0.0004749409854412,0.9854498505592346,585.2203748654574,0.48201629519462574,0.14177280664443975,0.05262950062751778,0.0342003107070922,0.0151984905824065,0.0476177968084812,0.01455014944076538,0.5051822461976432,0.06056492335782278,0.01455014944076538,0.11256933571504694,0.654467098278576,True
1,119,377,252,251,0.4741035856573705,unrelated,open the top drawer of the cabinet,2026080808,7110119,sha256:cee94ad1bf070f86,mps:0,-0.230357140302658,0.543749988079071,-0.2839285731315613,0.0,0.0,0.04714285582304,1.0,0.4250485002994537,-0.2669530510902405,0.3628040850162506,-0.049870878458023,0.0228846371173858,0.0016350941732525,0.9950996041297911,559.8522920627147,0.6554056406021117,0.8107030391693115,0.6467326581478119,0.049870878458023,0.0228846371173858,0.0455077616497875,0.004900395870208851,1.226808502809773,0.07128651698984322,0.004900395870208851,0.3194292872878058,-0.852820865433675,True
1,132,390,252,251,0.5258964143426295,correct,put both the cream cheese box and the butter in the basket,2026080808,7110132,sha256:61fd27d8c1b60fb1,mps:0,-0.0241071432828903,0.2223214358091354,-0.1473214328289032,-0.0064285714179277,0.0750000029802322,0.0492857135832309,1.0,0.120003156363964,0.2171649634838104,0.160962700843811,-0.0188964996486902,0.1278175264596939,0.0135863777250051,0.99961656332016,547.8092920966446,0.1441102996468543,0.005156472325325012,0.30828413367271423,0.012467928230762499,0.05281752347946171,0.0356993358582258,0.00038343667983997687,0.3403431720271231,0.06495831433765303,0.00038343667983997687,0.07984558998474049,0.2736646493513184,True
1,132,390,252,251,0.5258964143426295,paraphrase,place the cream cheese box and the butter together inside the basket,2026080808,7110132,sha256:61fd27d8c1b60fb1,mps:0,-0.0241071432828903,0.2223214358091354,-0.1473214328289032,-0.0064285714179277,0.0750000029802322,0.0492857135832309,1.0,0.0814790278673172,0.212513655424118,0.0471987649798393,-0.0019278863910585,0.1137901172041893,0.0118527151644229,1.0058510303497314,519.4984171539545,0.10558617115020749,0.009807780385017423,0.1945201978087425,0.0045006850268692,0.0387901142239571,0.037432998418808004,0.005851030349731445,0.221546246751765,0.05409397838799811,0.005851030349731445,0.05664128248047617,0.615769013721777,True
1,132,390,252,251,0.5258964143426295,contradictory,put the cream cheese box in the basket but leave the butter outside the basket,2026080808,7110132,sha256:61fd27d8c1b60fb1,mps:0,-0.0241071432828903,0.2223214358091354,-0.1473214328289032,-0.0064285714179277,0.0750000029802322,0.0492857135832309,1.0,0.1804215461015701,0.1881231963634491,0.2987025380134582,-0.0136214634403586,0.1172729507088661,-0.0028990863356739,1.000192403793335,560.0615420844406,0.2045286893844604,0.03419823944568631,0.4460239708423614,0.0071928920224309,0.04227294772863391,0.0521847999189048,0.00019240379333496094,0.49187283613602534,0.06754252843868293,0.00019240379333496094,0.11237056330511609,-0.06151780015857328,True
1,132,390,252,251,0.5258964143426295,unrelated,open the top drawer of the cabinet,2026080808,7110132,sha256:61fd27d8c1b60fb1,mps:0,-0.0241071432828903,0.2223214358091354,-0.1473214328289032,-0.0064285714179277,0.0750000029802322,0.0492857135832309,1.0,0.2063632309436798,-0.0022819936275482,0.5535979270935059,-0.0080387145280838,0.1199898719787597,0.0067186662927269,1.013659954071045,542.3089999239892,0.2304703742265701,0.2246034294366836,0.7009193599224091,0.0016101431101560992,0.0449898689985275,0.042567047290504006,0.013659954071044922,0.77126600017432,0.06195671382805784,0.013659954071044922,0.17983145386512792,-0.5501336311088916,True
1,144,402,252,251,0.5737051792828686,correct,put both the cream cheese box and the butter in the basket,2026080808,7110144,sha256:879b4edbb1a65d78,mps:0,0.1607142835855484,-0.2758928537368774,0.2678571343421936,0.0,0.0353571437299251,-0.0782142877578735,-1.0,-0.009952075779438,-0.027871087193489,0.0469026640057563,-0.0007589940796606,0.0109867341816425,-0.0281243473291397,-1.001140594482422,571.9760409556329,0.1706663593649864,0.2480217665433884,0.2209544703364373,0.0007589940796606,0.024370409548282602,0.0500899404287338,0.001140594482422097,0.3734470255067742,0.05570902140334261,0.001140594482422097,0.10228607639770161,0.8070301725085399,True
1,144,402,252,251,0.5737051792828686,paraphrase,place the cream cheese box and the butter together inside the basket,2026080808,7110144,sha256:879b4edbb1a65d78,mps:0,0.1607142835855484,-0.2758928537368774,0.2678571343421936,0.0,0.0353571437299251,-0.0782142877578735,-1.0,-0.0210214108228683,-0.0270715206861495,0.0132294818758964,-0.0007959767826832,0.004714947193861,-0.0269815903156995,-1.0049577951431274,516.6397499851882,0.1817356944084167,0.2488213330507279,0.2546276524662972,0.0007959767826832,0.0306421965360641,0.05123269744217399,0.004957795143127441,0.3997188509486988,0.059702320514320804,0.004957795143127441,0.11040190654707006,0.4985727641021442,True
1,144,402,252,251,0.5737051792828686,contradictory,put the cream cheese box in the basket but leave the butter outside the basket,2026080808,7110144,sha256:879b4edbb1a65d78,mps:0,0.1607142835855484,-0.2758928537368774,0.2678571343421936,0.0,0.0353571437299251,-0.0782142877578735,-1.0,-0.0174453407526016,-0.0180822610855102,0.1019266471266746,-0.0006814960506744,0.0214691571891307,-0.0370037034153938,-1.0018644332885742,518.5372501146048,0.17815962433815,0.2578105926513672,0.165930487215519,0.0006814960506744,0.0138879865407944,0.04121058434247969,0.0018644332885742188,0.35459847717543774,0.04349313588226312,0.0018644332885742188,0.09422074348965126,0.6739672069211825,True
1,144,402,252,251,0.5737051792828686,unrelated,open the top drawer of the cabinet,2026080808,7110144,sha256:879b4edbb1a65d78,mps:0,0.1607142835855484,-0.2758928537368774,0.2678571343421936,0.0,0.0353571437299251,-0.0782142877578735,-1.0,-0.0478602722287178,-0.0412226468324661,0.1015309914946556,-0.0011220704764127,0.0261430889368057,-0.0337817072868347,-1.0130914449691772,531.8380838725716,0.2085745558142662,0.2346702069044113,0.166326142847538,0.0011220704764127,0.0092140547931194,0.04443258047103879,0.013091444969177246,0.35529964415436344,0.04539176197505425,0.013091444969177246,0.09677586518228053,0.6195822495986134,True
1,162,420,252,251,0.6454183266932271,correct,put both the cream cheese box and the butter in the basket,2026080808,7110162,sha256:530bdbefd1f2013b,mps:0,0.2169642895460128,-0.6267856955528259,-0.449999988079071,0.01178571395576,-0.0557142868638038,-0.0396428555250167,-1.0,0.1678673923015594,-0.7041587829589844,-0.3497791290283203,0.0459828302264213,-0.0421676188707351,-0.0320506542921066,-1.018500804901123,550.636458909139,0.0490968972444534,0.07737308740615845,0.10022085905075068,0.0341971162706613,0.013546667993068702,0.007592201232910101,0.018500804901123047,0.1357988238633306,0.03755790854806164,0.018500804901123047,0.042932519157017957,0.9856956574887218,True
1,162,420,252,251,0.6454183266932271,paraphrase,place the cream cheese box and the butter together inside the basket,2026080808,7110162,sha256:530bdbefd1f2013b,mps:0,0.2169642895460128,-0.6267856955528259,-0.449999988079071,0.01178571395576,-0.0557142868638038,-0.0396428555250167,-1.0,-0.0322857499122619,-0.5011903643608093,-0.6128210425376892,0.0496302396059036,-0.0618066154420375,-0.0362343750894069,-1.0106512308120728,534.8311250563711,0.2492500394582747,0.1255953311920166,0.16282105445861822,0.037844525650143596,0.006092328578233698,0.0034084804356098036,0.010651230812072754,0.3231260824542026,0.03848301350036759,0.010651230812072754,0.08509471294070993,0.9178621674422598,True
1,162,420,252,251,0.6454183266932271,contradictory,put the cream cheese box in the basket but leave the butter outside the basket,2026080808,7110162,sha256:530bdbefd1f2013b,mps:0,0.2169642895460128,-0.6267856955528259,-0.449999988079071,0.01178571395576,-0.0557142868638038,-0.0396428555250167,-1.0,-0.1449308693408966,-0.4645903706550598,-0.585113525390625,0.0388761609792709,-0.0481125712394714,-0.0532770678400993,-1.0124541521072388,539.8586669471115,0.3618951588869094,0.1621953248977661,0.135113537311554,0.027090447023510898,0.0076017156243324,0.013634212315082599,0.01245415210723877,0.418964315197982,0.03126611817638416,0.01245415210723877,0.10285493545234203,0.8574644881233102,True
1,162,420,252,251,0.6454183266932271,unrelated,open the top drawer of the cabinet,2026080808,7110162,sha256:530bdbefd1f2013b,mps:0,0.2169642895460128,-0.6267856955528259,-0.449999988079071,0.01178571395576,-0.0557142868638038,-0.0396428555250167,-1.0,-0.2889359593391418,-0.4562399387359619,-0.1059480682015419,0.0058879167772829,-0.007388568483293,-0.0228321813046932,-1.0188384056091309,533.8409999385476,0.5059002488851546,0.170545756816864,0.3440519198775291,0.0058977971784771,0.0483257183805108,0.0168106742203235,0.01883840560913086,0.6351319867253672,0.051504930213453745,0.01883840560913086,0.15862436013828426,0.6142642791713109,True
1,173,431,252,251,0.6892430278884463,correct,put both the cream cheese box and the butter in the basket,2026080808,7110173,sha256:b49a9de477117410,mps:0,-0.3696428537368774,-0.0723214298486709,-0.8464285731315613,0.0,-0.0557142868638038,0.0910714268684387,-1.0,-0.2007775604724884,-0.0600643903017044,-0.763983964920044,0.0064498293213546,-0.1036804467439651,-0.0011233226396143,-1.012595534324646,543.7383749522269,0.16886529326438898,0.012257039546966504,0.08244460821151733,0.0064498293213546,0.04796615988016129,0.09219474950805301,0.012595534324645996,0.18831578720562595,0.10412600361473805,0.012595534324645996,0.06039617343672682,0.9881176944265565,True
1,173,431,252,251,0.6892430278884463,paraphrase,place the cream cheese box and the butter together inside the basket,2026080808,7110173,sha256:b49a9de477117410,mps:0,-0.3696428537368774,-0.0723214298486709,-0.8464285731315613,0.0,-0.0557142868638038,0.0910714268684387,-1.0,-0.3067755401134491,-0.0598876327276229,-0.7565748691558838,0.0103755528107285,-0.1010714918375015,-0.0025582069065421,-1.0047694444656372,534.6310411114246,0.06286731362342829,0.012433797121048001,0.08985370397567749,0.0103755528107285,0.0453572049736977,0.0936296337749808,0.004769444465637207,0.11036569463027247,0.10455351003190314,0.004769444465637207,0.04561237867788542,0.9996381472376203,True
1,173,431,252,251,0.6892430278884463,contradictory,put the cream cheese box in the basket but leave the butter outside the basket,2026080808,7110173,sha256:b49a9de477117410,mps:0,-0.3696428537368774,-0.0723214298486709,-0.8464285731315613,0.0,-0.0557142868638038,0.0910714268684387,-1.0,-0.3835761547088623,-0.049885407090187,-0.7472543716430664,0.0090594496577978,-0.0791227892041206,-0.0114385243505239,-1.0039198398590088,533.3883750718087,0.013933300971984919,0.0224360227584839,0.09917420148849487,0.0090594496577978,0.023408502340316793,0.10250995121896261,0.003919839859008789,0.10263057163475073,0.10553824761115224,0.003919839859008789,0.03920589547072138,0.9978800346692259,True
1,173,431,252,251,0.6892430278884463,unrelated,open the top drawer of the cabinet,2026080808,7110173,sha256:b49a9de477117410,mps:0,-0.3696428537368774,-0.0723214298486709,-0.8464285731315613,0.0,-0.0557142868638038,0.0910714268684387,-1.0,-0.418467253446579,0.0483544021844863,-0.7254337072372437,-0.0003843407030217,-0.0952289029955864,0.0009424216113984,-1.0204275846481323,533.7994580622762,0.048824399709701594,0.12067583203315721,0.12099486589431763,0.0003843407030217,0.039514616131782594,0.0901290052570403,0.020427584648132324,0.1777251699019905,0.09841133163636051,0.020427584648132324,0.06299294919673619,0.984613062599913,True
1,183,441,252,251,0.7290836653386454,correct,put both the cream cheese box and the butter in the basket,2026080808,7110183,sha256:ad3313c5e724f6a1,mps:0,-0.1124999970197677,-0.0803571417927742,-0.5625,0.0,-0.0460714288055896,0.0825000032782554,-1.0,-0.0011012032628059,0.0513189174234867,-0.4718053042888641,-0.0010338441934436,0.0432751774787902,0.0166918542236089,-0.997140645980835,560.1000839378685,0.11139879375696181,0.1316760592162609,0.09069469571113592,0.0010338441934436,0.08934660628437979,0.06580814905464649,0.002859354019165039,0.19486868309547817,0.11097115557815401,0.002859354019165039,0.07040250031942766,0.9508516466949363,True
1,183,441,252,251,0.7290836653386454,paraphrase,place the cream cheese box and the butter together inside the basket,2026080808,7110183,sha256:ad3313c5e724f6a1,mps:0,-0.1124999970197677,-0.0803571417927742,-0.5625,0.0,-0.0460714288055896,0.0825000032782554,-1.0,-0.090687595307827,0.0069038793444633,-0.5154663324356079,-0.0006998634780757,0.0236292369663715,0.013954846188426,-0.995913863182068,518.2213329244405,0.02181240171194071,0.0872610211372375,0.04703366756439209,0.0006998634780757,0.0697006657719611,0.06854515708982939,0.004086136817932018,0.10150089932071651,0.09776047861181922,0.004086136817932018,0.0427341305101955,0.9881470173369948,True
1,183,441,252,251,0.7290836653386454,contradictory,put the cream cheese box in the basket but leave the butter outside the basket,2026080808,7110183,sha256:ad3313c5e724f6a1,mps:0,-0.1124999970197677,-0.0803571417927742,-0.5625,0.0,-0.0460714288055896,0.0825000032782554,-1.0,-0.0332078039646148,-0.0186052173376083,-0.2979270219802856,-0.0027224535588175,0.0572525970637798,0.0109348557889461,0.9684495329856871,531.1517079826444,0.07929219305515291,0.061751924455165905,0.2645729780197144,0.0027224535588175,0.1033240258693694,0.0715651474893093,1.9684495329856873,0.28301839648975546,0.12571728763539494,1.9684495329856873,0.3645254650618881,0.9933359407583605,True
1,183,441,252,251,0.7290836653386454,unrelated,open the top drawer of the cabinet,2026080808,7110183,sha256:ad3313c5e724f6a1,mps:0,-0.1124999970197677,-0.0803571417927742,-0.5625,0.0,-0.0460714288055896,0.0825000032782554,-1.0,-0.1252835392951965,0.1217445433139801,-0.549775242805481,-0.0030000035185366,0.0359388962388038,0.0346333384513855,-1.0049986839294434,549.8610001523048,0.0127835422754288,0.2021016851067543,0.012724757194519043,0.0030000035185366,0.0820103250443934,0.047866664826869895,0.004998683929443359,0.20290497658203657,0.09500479480871582,0.004998683929443359,0.05221223741370649,0.9384023325441974,True
1,194,452,252,251,0.7729083665338645,correct,put both the cream cheese box and the butter in the basket,2026080808,7110194,sha256:060d2a57d3ec9bde,mps:0,0.1285714358091354,0.1178571432828903,0.5892857313156128,-0.114642858505249,0.0,-0.0,1.0,0.1231690049171447,0.0223243311047554,0.4470660388469696,-0.0641624554991722,-0.0124536016955971,-0.0397593304514884,1.0041526556015017,546.9493330456316,0.005402430891990703,0.0955328121781349,0.1422196924686432,0.0504804030060768,0.0124536016955971,0.0397593304514884,0.004152655601501687,0.17141220898197707,0.06545355330919139,0.004152655601501687,0.05000013232763325,0.9880950709821312,True
1,194,452,252,251,0.7729083665338645,paraphrase,place the cream cheese box and the butter together inside the basket,2026080808,7110194,sha256:060d2a57d3ec9bde,mps:0,0.1285714358091354,0.1178571432828903,0.5892857313156128,-0.114642858505249,0.0,-0.0,1.0,-0.0458602458238601,0.0125800818204879,0.0813234820961952,-0.0486336834728717,-0.0281153842806816,-0.0357611812651157,-1.012361764907837,507.702250033617,0.1744316816329955,0.1052770614624024,0.5079622492194176,0.0660091750323773,0.0281153842806816,0.0357611812651157,2.012361764907837,0.5472981982973476,0.08016575395505167,2.012361764907837,0.4185597854001181,0.7515129823293866,True
1,194,452,252,251,0.7729083665338645,contradictory,put the cream cheese box in the basket but leave the butter outside the basket,2026080808,7110194,sha256:060d2a57d3ec9bde,mps:0,0.1285714358091354,0.1178571432828903,0.5892857313156128,-0.114642858505249,0.0,-0.0,1.0,0.0285758301615715,0.0022424682974815,0.1581123173236847,-0.0566849261522293,-0.0128943109884858,-0.0348493121564388,1.0043213367462158,539.3956669140607,0.0999956056475639,0.11561467498540881,0.4311734139919281,0.057957932353019694,0.0128943109884858,0.0348493121564388,0.00432133674621582,0.45746736184591297,0.0688466392519047,0.00432133674621582,0.10811522669558014,0.9833830553232229,True
1,194,452,252,251,0.7729083665338645,unrelated,open the top drawer of the cabinet,2026080808,7110194,sha256:060d2a57d3ec9bde,mps:0,0.1285714358091354,0.1178571432828903,0.5892857313156128,-0.114642858505249,0.0,-0.0,1.0,-0.0886665508151054,0.0726481527090072,-0.0114989206194877,-0.0424760170280933,-0.0325295999646186,-0.0475028008222579,-0.9931195378303528,526.4639579690993,0.21723798662424082,0.04520899057388311,0.6007846519351004,0.07216684147715569,0.0325295999646186,0.0475028008222579,1.9931195378303528,0.6404517106402661,0.09231870865976267,1.9931195378303528,0.4297929156039442,-0.13579397342551797,True
1,210,468,252,251,0.8366533864541833,correct,put both the cream cheese box and the butter in the basket,2026080808,7110210,sha256:ad799d2950fc866e,mps:0,0.0,0.5919643044471741,0.5464285612106323,0.0,0.0160714294761419,-0.0267857145518064,1.0,-0.0940104201436042,0.5113120079040527,0.6693556308746338,-0.0058912998065352,-0.010977036319673,0.003727969713509,1.017133355140686,562.2675830963999,0.0940104201436042,0.08065229654312134,0.12292706966400146,0.0058912998065352,0.0270484657958149,0.0305136842653154,0.017133355140686035,0.17451021886822227,0.04119965828451987,0.017133355140686035,0.05402522733701121,0.9789859108682193,True
1,210,468,252,251,0.8366533864541833,paraphrase,place the cream cheese box and the butter together inside the basket,2026080808,7110210,sha256:ad799d2950fc866e,mps:0,0.0,0.5919643044471741,0.5464285612106323,0.0,0.0160714294761419,-0.0267857145518064,1.0,-0.138630598783493,0.6525841355323792,0.4815475642681122,-0.001980566419661,-0.0189062282443046,0.0001446385867893,1.022936463356018,517.1787920407951,0.138630598783493,0.06061983108520508,0.06488099694252014,0.001980566419661,0.0349776577204465,0.0269303531385957,0.022936463356018066,0.16462913048462569,0.044188268840506424,0.022936463356018066,0.05013663820656278,0.9797781363905517,True
1,210,468,252,251,0.8366533864541833,contradictory,put the cream cheese box in the basket but leave the butter outside the basket,2026080808,7110210,sha256:ad799d2950fc866e,mps:0,0.0,0.5919643044471741,0.5464285612106323,0.0,0.0160714294761419,-0.0267857145518064,1.0,0.0894996002316474,0.3589770793914795,0.8047036528587341,-0.0125554036349058,-0.0058457683771848,-0.0102301053702831,1.0167763233184814,526.1562501545995,0.0894996002316474,0.23298722505569458,0.2582750916481018,0.0125554036349058,0.0219171978533267,0.016555609181523302,0.016776323318481445,0.35916465367100503,0.030200826438172398,0.016776323318481445,0.09265235013195443,0.9140946504927356,True
1,210,468,252,251,0.8366533864541833,unrelated,open the top drawer of the cabinet,2026080808,7110210,sha256:ad799d2950fc866e,mps:0,0.0,0.5919643044471741,0.5464285612106323,0.0,0.0160714294761419,-0.0267857145518064,1.0,0.0183375924825668,0.1112538799643516,0.0241993591189384,-0.0124378781765699,-0.0124108912423253,0.0052580144256353,-0.9906836748123168,550.1118330284953,0.0183375924825668,0.4807104244828225,0.5222292020916939,0.0124378781765699,0.0284823207184672,0.032043728977441704,1.990683674812317,0.7100296606634398,0.04464016099684853,1.990683674812317,0.44070354596312555,0.8512093848283234,True
1,223,481,252,251,0.8884462151394422,correct,put both the cream cheese box and the butter in the basket,2026080808,7110223,sha256:e241a344e6f20c10,mps:0,-0.1339285671710968,0.6937500238418579,-0.0616071410477161,0.0503571443259716,0.0,-0.0,1.0,-0.0499569177627563,0.3199326395988464,0.331878513097763,-0.0391698479652404,0.1112963333725929,0.0216553043574094,0.98757666349411,545.5626251641661,0.08397164940834051,0.37381738424301153,0.3934856541454791,0.089526992291212,0.1112963333725929,0.0216553043574094,0.012423336505890004,0.5492009055754917,0.1444676724312609,0.012423336505890004,0.15516809347484792,0.6330935419999173,True
1,223,481,252,251,0.8884462151394422,paraphrase,place the cream cheese box and the butter together inside the basket,2026080808,7110223,sha256:e241a344e6f20c10,mps:0,-0.1339285671710968,0.6937500238418579,-0.0616071410477161,0.0503571443259716,0.0,-0.0,1.0,-0.0994081422686576,0.3875018060207367,0.1739558577537536,-0.0205657333135604,0.0958802103996276,0.0150368213653564,0.9819967150688172,516.4932920597494,0.0345204249024392,0.3062482178211212,0.2355629988014697,0.070922877639532,0.0958802103996276,0.0150368213653564,0.01800328493118275,0.3879040565119151,0.12020472251838746,0.01800328493118275,0.11088211940867555,0.8772807563582633,True
1,223,481,252,251,0.8884462151394422,contradictory,put the cream cheese box in the basket but leave the butter outside the basket,2026080808,7110223,sha256:e241a344e6f20c10,mps:0,-0.1339285671710968,0.6937500238418579,-0.0616071410477161,0.0503571443259716,0.0,-0.0,1.0,0.0473975017666816,0.0928879529237747,0.3686131238937378,-0.0331055633723735,0.0865804776549339,-0.0121201481670141,-1.0126372575759888,544.3652500398457,0.18132606893777842,0.6008620709180832,0.4302202649414539,0.0834627076983451,0.0865804776549339,0.0121201481670141,2.0126372575759888,0.76092302364345,0.1208681127464406,2.0126372575759888,0.48674414227051394,0.13023370897338524,True
1,223,481,252,251,0.8884462151394422,unrelated,open the top drawer of the cabinet,2026080808,7110223,sha256:e241a344e6f20c10,mps:0,-0.1339285671710968,0.6937500238418579,-0.0616071410477161,0.0503571443259716,0.0,-0.0,1.0,0.1157881915569305,0.0321167074143886,0.4448132812976837,-0.0256705656647682,0.105353906750679,0.0011481372639536,-1.0059332847595217,523.7680419813842,0.2497167587280273,0.6616333164274693,0.5064204223453999,0.07602770999073981,0.105353906750679,0.0011481372639536,2.0059332847595215,0.8698153534888521,0.12992681237236478,2.0059332847595215,0.5151762194665415,-0.06312988103216857,True
1,226,484,252,251,0.900398406374502,correct,put both the cream cheese box and the butter in the basket,2026080808,7110226,sha256:56242195aa890f9e,mps:0,-0.3642857074737549,0.3830357193946838,-0.3294642865657806,0.0578571446239948,0.0364285707473754,-0.0,1.0,-0.0130343213677406,0.3327326774597168,-0.2398926615715026,0.006336220074445,0.1406637877225875,-0.0283935964107513,0.9954954981803894,540.9432919695973,0.3512513861060143,0.050303041934966986,0.08957162499427798,0.0515209245495498,0.1042352169752121,0.0283935964107513,0.004504501819610596,0.36596585670445125,0.11968952519517562,0.004504501819610596,0.09711147039862615,0.8263325604096985,True
1,226,484,252,251,0.900398406374502,paraphrase,place the cream cheese box and the butter together inside the basket,2026080808,7110226,sha256:56242195aa890f9e,mps:0,-0.3642857074737549,0.3830357193946838,-0.3294642865657806,0.0578571446239948,0.0364285707473754,-0.0,1.0,-0.0221600383520126,0.3589148819446563,-0.3494347929954529,0.0278758890926837,0.120169423520565,-0.0323220491409301,0.9868445992469788,529.4609582051635,0.3421256691217423,0.024120837450027466,0.019970506429672297,0.0299812555313111,0.0837408527731896,0.0323220491409301,0.01315540075302124,0.3435558315592214,0.09463678442911873,0.01315540075302124,0.0779166530285563,0.8346561114258398,True
1,226,484,252,251,0.900398406374502,contradictory,put the cream cheese box in the basket but leave the butter outside the basket,2026080808,7110226,sha256:56242195aa890f9e,mps:0,-0.3642857074737549,0.3830357193946838,-0.3294642865657806,0.0578571446239948,0.0364285707473754,-0.0,1.0,0.0572388172149658,0.1884046494960785,-0.1461422145366668,0.0024307540152221,0.1195373684167862,-0.0526117011904716,0.9958537220954896,533.1389578059316,0.4215245246887207,0.1946310698986053,0.1833220720291138,0.0554263906087727,0.08310879766941079,0.0526117011904716,0.004146277904510387,0.499170472260705,0.1129032688992076,0.004146277904510387,0.1421101191413722,0.6512057991013215,True
1,226,484,252,251,0.900398406374502,unrelated,open the top drawer of the cabinet,2026080808,7110226,sha256:56242195aa890f9e,mps:0,-0.3642857074737549,0.3830357193946838,-0.3294642865657806,0.0578571446239948,0.0364285707473754,-0.0,1.0,0.0642748102545738,0.1093225255608558,0.0369204059243202,-0.0011947532184422,0.102862074971199,-0.063396118581295,1.0166950225830078,528.8915000855923,0.4285605177283287,0.273713193833828,0.3663846924901008,0.059051897842437,0.0664335042238236,0.063396118581295,0.016695022583007812,0.6267541565281826,0.10917694341491715,0.016695022583007812,0.18203356389754585,0.07652929156391029,True
1,251,509,252,251,1.0,correct,put both the cream cheese box and the butter in the basket,2026080808,7110251,sha256:70dd9d2606f7b962,mps:0,0.0830357149243354,0.0,-0.0,0.0,0.0064285714179277,-0.0,-1.0,0.0846266597509384,-0.1596285551786422,0.2696982324123382,0.0616056099534034,0.1389720439910888,-0.0609757751226425,-0.9940712451934814,563.6880840174854,0.0015909448266030052,0.1596285551786422,0.2696982324123382,0.0616056099534034,0.13254347257316113,0.0609757751226425,0.005928754806518555,0.31340220691661014,0.158370036469309,0.005928754806518555,0.09885304926761558,0.2606921355579893,True
1,251,509,252,251,1.0,paraphrase,place the cream cheese box and the butter together inside the basket,2026080808,7110251,sha256:70dd9d2606f7b962,mps:0,0.0830357149243354,0.0,-0.0,0.0,0.0064285714179277,-0.0,-1.0,0.0658987462520599,-0.1581819802522659,0.2398777604103088,0.069570392370224,0.1323002576828003,-0.0626498684287071,-0.9995839595794678,513.7585001066327,0.0171369686722755,0.1581819802522659,0.2398777604103088,0.069570392370224,0.1258716862648726,0.0626498684287071,0.00041604042053222656,0.28784814488071364,0.1568716893255241,0.00041604042053222656,0.0962435281170266,0.22353908136936046,True
1,251,509,252,251,1.0,contradictory,put the cream cheese box in the basket but leave the butter outside the basket,2026080808,7110251,sha256:70dd9d2606f7b962,mps:0,0.0830357149243354,0.0,-0.0,0.0,0.0064285714179277,-0.0,-1.0,0.0833460018038749,-0.155784785747528,0.3226003646850586,0.0615895576775074,0.1661052703857422,-0.0665199607610702,-0.9957629442214966,534.1448751278222,0.0003102868795395036,0.155784785747528,0.3226003646850586,0.0615895576775074,0.1596766989678145,0.0665199607610702,0.004237055778503418,0.358245713223876,0.18361597694052492,0.004237055778503418,0.11010267292814595,0.2265988072084833,True
1,251,509,252,251,1.0,unrelated,open the top drawer of the cabinet,2026080808,7110251,sha256:70dd9d2606f7b962,mps:0,0.0830357149243354,0.0,-0.0,0.0,0.0064285714179277,-0.0,-1.0,0.0633493810892105,-0.245859295129776,0.2829903066158294,0.0717390403151512,0.1540540754795074,-0.0558709278702735,-0.9970815181732178,536.2500830087811,0.0196863338351249,0.245859295129776,0.2829903066158294,0.0717390403151512,0.1476255040615797,0.0558709278702735,0.0029184818267822266,0.3753902747542875,0.1733820634779148,0.0029184818267822266,0.118098555664931,0.16662615276618983,True
2,0,510,246,245,0.0,correct,put both the cream cheese box and the butter in the basket,2026080809,7120000,sha256:41f7325164d8c6d3,mps:0,0.262499988079071,-0.46875,-0.0,0.0,0.0,-0.0,-1.0,0.0449246205389499,0.0750415474176406,-0.0662263333797454,-0.000803496746812,-0.0214878357946872,0.0073612555861473,-1.0073331594467163,688.7657090555876,0.21757536754012108,0.5437915474176406,0.0662263333797454,0.000803496746812,0.0214878357946872,0.0073612555861473,0.007333159446716309,0.5894355052387122,0.022727973468089118,0.007333159446716309,0.12351128513026711,-0.39673240468716336,True
2,0,510,246,245,0.0,paraphrase,place the cream cheese box and the butter together inside the basket,2026080809,7120000,sha256:41f7325164d8c6d3,mps:0,0.262499988079071,-0.46875,-0.0,0.0,0.0,-0.0,-1.0,0.1428652554750442,0.0529976747930049,-0.1023450344800949,-0.0006028876523487,-0.0240660980343818,0.0042994068935513,-1.0171914100646973,498.3952499460429,0.1196347326040268,0.5217476747930049,0.1023450344800949,0.0006028876523487,0.0240660980343818,0.0042994068935513,0.017191410064697266,0.5449840469957593,0.02445455883384827,0.017191410064697266,0.11284103493172938,0.12837131410902314,True
2,0,510,246,245,0.0,contradictory,put the cream cheese box in the basket but leave the butter outside the basket,2026080809,7120000,sha256:41f7325164d8c6d3,mps:0,0.262499988079071,-0.46875,-0.0,0.0,0.0,-0.0,-1.0,0.0266264490783214,0.221007689833641,-0.0522091500461101,-0.0004954347969032,-0.0226769931614398,-0.0014362826477736,-1.0121558904647827,554.2103750631213,0.2358735390007496,0.689757689833641,0.0522091500461101,0.0004954347969032,0.0226769931614398,0.0014362826477736,0.012155890464782715,0.7308404698933392,0.022727832767914,0.012155890464782715,0.14494356856448573,-0.7864580114405184,True
2,0,510,246,245,0.0,unrelated,open the top drawer of the cabinet,2026080809,7120000,sha256:41f7325164d8c6d3,mps:0,0.262499988079071,-0.46875,-0.0,0.0,0.0,-0.0,-1.0,-0.0185135453939437,-0.1041567623615264,-0.087830476462841,-0.0023987279273569,-0.0164883583784103,0.0219584908336401,-1.009410381317139,579.7889998648316,0.28101353347301467,0.3645932376384736,0.087830476462841,0.0023987279273569,0.0164883583784103,0.0219584908336401,0.009410381317138894,0.46862674648635166,0.027564382405115325,0.009410381317138894,0.11195617229012508,0.5951496946838175,True
2,22,532,246,245,0.0897959183673469,correct,put both the cream cheese box and the butter in the basket,2026080809,7120022,sha256:9b19536562290df4,mps:0,0.6723214387893677,-0.1392857134342193,-0.4473214149475097,0.0,-0.0149999996647238,-0.135000005364418,-1.0,0.5445241332054138,-0.3610419332981109,-0.2391931414604187,-0.0010697266552597,-0.0401330329477787,-0.0345638468861579,-1.00158953666687,534.8045001737773,0.12779730558395386,0.2217562198638916,0.208128273487091,0.0010697266552597,0.0251330332830549,0.1004361584782601,0.0015895366668698951,0.32988687543998846,0.10353857062464353,0.0015895366668698951,0.09798717914548304,0.9179833804994415,True
2,22,532,246,245,0.0897959183673469,paraphrase,place the cream cheese box and the butter together inside the basket,2026080809,7120022,sha256:9b19536562290df4,mps:0,0.6723214387893677,-0.1392857134342193,-0.4473214149475097,0.0,-0.0149999996647238,-0.135000005364418,-1.0,0.3765115439891815,-0.2199443578720092,-0.4595605134963989,0.0003442347224336,-0.0671675652265548,-0.0324282199144363,-1.009639024734497,509.98262502253056,0.29580989480018616,0.08065864443778989,0.012239098548889216,0.0003442347224336,0.052167565561831,0.1025717854499817,0.00963902473449707,0.3068535584240933,0.11507625543346961,0.00963902473449707,0.07906146403651552,0.9426146885928434,True
2,22,532,246,245,0.0897959183673469,contradictory,put the cream cheese box in the basket but leave the butter outside the basket,2026080809,7120022,sha256:9b19536562290df4,mps:0,0.6723214387893677,-0.1392857134342193,-0.4473214149475097,0.0,-0.0149999996647238,-0.135000005364418,-1.0,0.1960259079933166,-0.1015579998493194,-0.4698765873908996,0.0012022950686514,-0.0743253603577613,-0.0310672968626022,-1.010170817375183,514.3603750038892,0.4762955307960511,0.0377277135848999,0.022555172443389893,0.0012022950686514,0.059325360693037496,0.1039327085018158,0.010170817375183105,0.47831950496774367,0.11967853538255936,0.010170817375183105,0.1016013712090041,0.8370954052582106,True
2,22,532,246,245,0.0897959183673469,unrelated,open the top drawer of the cabinet,2026080809,7120022,sha256:9b19536562290df4,mps:0,0.6723214387893677,-0.1392857134342193,-0.4473214149475097,0.0,-0.0149999996647238,-0.135000005364418,-1.0,-0.007119596004486,-0.4346322417259216,-0.3204424083232879,-0.00219970010221,-0.0555933639407157,0.0676172822713851,-1.006591796875,539.2763339914382,0.6794410347938536,0.29534652829170227,0.1268790066242218,0.00219970010221,0.0405933642759919,0.2026172876358031,0.006591796875,0.7516435151437503,0.20665532935947434,0.006591796875,0.19338124551411187,0.44988753069419035,True
2,31,541,246,245,0.1265306122448979,correct,put both the cream cheese box and the butter in the basket,2026080809,7120031,sha256:d86c98c395a789de,mps:0,0.0,0.0,-0.7258928418159485,0.0,-0.0621428564190864,-0.1007142886519432,-1.0,0.2237965762615203,-0.0772256553173065,-0.5294421911239624,0.0010521644726395,-0.0778812542557716,-0.0159537307918071,-1.011676549911499,524.7282921336591,0.2237965762615203,0.0772256553173065,0.19645065069198608,0.0010521644726395,0.015738397836685195,0.08476055786013612,0.011676549911499023,0.307638696432797,0.08621575485550621,0.011676549911499023,0.08724293605025325,0.9128887020460709,True
2,31,541,246,245,0.1265306122448979,paraphrase,place the cream cheese box and the butter together inside the basket,2026080809,7120031,sha256:d86c98c395a789de,mps:0,0.0,0.0,-0.7258928418159485,0.0,-0.0621428564190864,-0.1007142886519432,-1.0,0.0052486546337604,-0.0172367841005325,-0.6145794987678528,0.0027299649082124,-0.0714249610900878,-0.0042482730932533,-1.0054298639297483,513.1726250983775,0.0052486546337604,0.0172367841005325,0.1113133430480957,0.0027299649082124,0.009282104671001393,0.0964660155586899,0.005429863929748313,0.11276220750826006,0.09694999914024187,0.005429863929748313,0.03538667583572008,0.9995705068532399,True
2,31,541,246,245,0.1265306122448979,contradictory,put the cream cheese box in the basket but leave the butter outside the basket,2026080809,7120031,sha256:d86c98c395a789de,mps:0,0.0,0.0,-0.7258928418159485,0.0,-0.0621428564190864,-0.1007142886519432,-1.0,-0.1132295504212379,-0.0211703032255172,-0.5174600481987,0.002632298041135,-0.0656210258603096,-0.0131905302405357,-1.0066360235214231,526.1468330863863,0.1132295504212379,0.0211703032255172,0.20843279361724854,0.002632298041135,0.0034781694412232,0.08752375841140751,0.006636023521423118,0.2381456325073935,0.08763238523569725,0.006636023521423118,0.06330041381131321,0.9761068964006617,True
2,31,541,246,245,0.1265306122448979,unrelated,open the top drawer of the cabinet,2026080809,7120031,sha256:d86c98c395a789de,mps:0,0.0,0.0,-0.7258928418159485,0.0,-0.0621428564190864,-0.1007142886519432,-1.0,-0.2255637347698211,-0.0638701021671295,-0.5449846386909485,-0.0018582909833639,-0.0686381012201309,0.1491333395242691,-0.9958621263504028,523.0999158229679,0.2255637347698211,0.0638701021671295,0.180908203125,0.0018582909833639,0.006495244801044506,0.2498476281762123,0.004137873649597168,0.29611850052312844,0.24993895005717534,0.004137873649597168,0.10466872538173835,0.918614945710485,True
2,39,549,246,245,0.1591836734693877,correct,put both the cream cheese box and the butter in the basket,2026080809,7120039,sha256:b519c81e16495423,mps:0,-0.2866071462631225,0.0,-0.7767857313156128,0.0353571437299251,-0.0246428567916154,-0.0,-1.0,-0.1027398183941841,-0.1420575827360153,-0.6946516633033752,0.0271809455007314,-0.0012428420595824,0.0017803348600864,-1.0096184015274048,535.2994580753148,0.1838673278689384,0.1420575827360153,0.08213406801223755,0.008176198229193701,0.023400014732033,0.0017803348600864,0.009618401527404785,0.24644179069042324,0.024851166957639444,0.009618401527404785,0.06443341828084416,0.9592941590756753,True
2,39,549,246,245,0.1591836734693877,paraphrase,place the cream cheese box and the butter together inside the basket,2026080809,7120039,sha256:b519c81e16495423,mps:0,-0.2866071462631225,0.0,-0.7767857313156128,0.0353571437299251,-0.0246428567916154,-0.0,-1.0,-0.2291350066661834,-0.1311133354902267,-0.7280332446098328,0.0292422790080308,-0.0039417808875441,0.0080415224656462,-1.006616711616516,504.8969171475619,0.057472139596939115,0.1311133354902267,0.04875248670578003,0.006114864721894299,0.0207010759040713,0.0080415224656462,0.006616711616515891,0.15123015087349498,0.023034586988237522,0.006616711616515891,0.039830305214439074,0.9844022020232173,True
2,39,549,246,245,0.1591836734693877,contradictory,put the cream cheese box in the basket but leave the butter outside the basket,2026080809,7120039,sha256:b519c81e16495423,mps:0,-0.2866071462631225,0.0,-0.7767857313156128,0.0353571437299251,-0.0246428567916154,-0.0,-1.0,-0.243628591299057,-0.1345871686935424,-0.597458004951477,0.0201064180582761,0.0046304957941174,-0.0098335081711411,-1.003800630569458,520.629582926631,0.042978554964065496,0.1345871686935424,0.17932772636413574,0.015250725671649,0.029273352585732798,0.0098335081711411,0.003800630569458008,0.22829650809128374,0.034441424013423455,0.003800630569458008,0.059293095288532084,0.9783735680862832,True
2,39,549,246,245,0.1591836734693877,unrelated,open the top drawer of the cabinet,2026080809,7120039,sha256:b519c81e16495423,mps:0,-0.2866071462631225,0.0,-0.7767857313156128,0.0353571437299251,-0.0246428567916154,-0.0,-1.0,-0.2499059736728668,-0.0783306211233139,-0.6155579090118408,0.0022430224344134,0.0094579374417662,0.0974194779992103,-1.0023515224456787,572.8372500743717,0.03670117259025571,0.0783306211233139,0.16122782230377197,0.0331141212955117,0.034100794233381596,0.0974194779992103,0.002351522445678711,0.1829674095566764,0.10839725038099404,0.002351522445678711,0.06332079028444627,0.9926065391666736,True
2,60,570,246,245,0.2448979591836734,correct,put both the cream cheese box and the butter in the basket,2026080809,7120060,sha256:8d523294b18e3765,mps:0,0.5249999761581421,0.0428571440279483,0.9375,0.0,0.0,-0.0,1.0,0.3081130981445312,0.0296715795993804,0.916966199874878,-0.0099662197753787,0.0453205481171608,-0.0222007017582654,0.9995138049125672,556.1267919838428,0.2168868780136109,0.013185564428567904,0.02053380012512196,0.0099662197753787,0.0453205481171608,0.0222007017582654,0.0004861950874327503,0.21825538690114685,0.051440730718084526,0.0004861950874327503,0.04693998675793406,0.9826707518938436,True
2,60,570,246,245,0.2448979591836734,paraphrase,place the cream cheese box and the butter together inside the basket,2026080809,7120060,sha256:8d523294b18e3765,mps:0,0.5249999761581421,0.0428571440279483,0.9375,0.0,0.0,-0.0,1.0,0.2166248559951782,0.0725331306457519,0.8887880444526672,-0.0065748472698032,0.0422502197325229,-0.0177806317806243,1.002354383468628,523.3089169487357,0.30837512016296387,0.029675986617803594,0.048711955547332764,0.0065748472698032,0.0422502197325229,0.0177806317806243,0.0023543834686279297,0.3136060164131227,0.04630832053298687,0.0023543834686279297,0.0651033063685255,0.9627645108474764,True
2,60,570,246,245,0.2448979591836734,contradictory,put the cream cheese box in the basket but leave the butter outside the basket,2026080809,7120060,sha256:8d523294b18e3765,mps:0,0.5249999761581421,0.0428571440279483,0.9375,0.0,0.0,-0.0,1.0,0.2444599270820617,-0.0040517300367355,0.7224147915840149,-0.017192767933011,0.0619010403752327,-0.027242574840784,1.00246262550354,563.2595419883728,0.2805400490760804,0.0469088740646838,0.2150852084159851,0.017192767933011,0.0619010403752327,0.027242574840784,0.002462625503540039,0.35660175052987847,0.06978171646420198,0.002462625503540039,0.09304759145847387,0.9820780532935782,True
2,60,570,246,245,0.2448979591836734,unrelated,open the top drawer of the cabinet,2026080809,7120060,sha256:8d523294b18e3765,mps:0,0.5249999761581421,0.0428571440279483,0.9375,0.0,0.0,-0.0,1.0,0.113000601530075,-0.0695553719997406,0.2850033938884735,-0.0028782850131392,0.060820747166872,-0.014053133316338,-1.0078216791152954,540.7743339892477,0.41199937462806707,0.1124125160276889,0.6524966061115265,0.0028782850131392,0.060820747166872,0.014053133316338,2.0078216791152954,0.7798281089064784,0.062489506051497945,2.0078216791152954,0.4660689059112753,0.9570179451283528,True
2,63,573,246,245,0.2571428571428571,correct,put both the cream cheese box and the butter in the basket,2026080809,7120063,sha256:16d7218b6bd3fb96,mps:0,0.0991071462631225,0.1258928626775741,0.9375,0.0,0.0,-0.0,1.0,0.4197037518024444,0.4037980437278747,0.903773844242096,-0.0061438241973519,0.1169206276535987,0.0334175154566764,0.998616635799408,556.1463749036193,0.3205966055393219,0.2779051810503006,0.03372615575790405,0.0061438241973519,0.1169206276535987,0.0334175154566764,0.001383364200592041,0.42561828757719317,0.12175758738566005,0.001383364200592041,0.11287046769367794,0.9189545803472154,True
2,63,573,246,245,0.2571428571428571,paraphrase,place the cream cheese box and the butter together inside the basket,2026080809,7120063,sha256:16d7218b6bd3fb96,mps:0,0.0991071462631225,0.1258928626775741,0.9375,0.0,0.0,-0.0,1.0,0.3267501294612884,0.5116943120956421,0.8903665542602539,-0.0040542925707995,0.1205380335450172,0.036959633231163,1.004795789718628,552.3752910085022,0.2276429831981659,0.385801449418068,0.047133445739746094,0.0040542925707995,0.1205380335450172,0.036959633231163,0.00479578971862793,0.4504282938268245,0.12614225821560124,0.00479578971862793,0.11813223248879823,0.9088414614446996,True
2,63,573,246,245,0.2571428571428571,contradictory,put the cream cheese box in the basket but leave the butter outside the basket,2026080809,7120063,sha256:16d7218b6bd3fb96,mps:0,0.0991071462631225,0.1258928626775741,0.9375,0.0,0.0,-0.0,1.0,0.4427225589752197,0.3155896067619324,0.8710319995880127,-0.0042349165305495,0.1295450776815414,0.0086312871426343,1.0034708976745603,559.7498749848455,0.3436154127120972,0.18969674408435827,0.0664680004119873,0.0042349165305495,0.1295450776815414,0.0086312871426343,0.003470897674560325,0.39808843445681685,0.12990135021344434,0.003470897674560325,0.10652319089110404,0.9217956400120666,True
2,63,573,246,245,0.2571428571428571,unrelated,open the top drawer of the cabinet,2026080809,7120063,sha256:16d7218b6bd3fb96,mps:0,0.0991071462631225,0.1258928626775741,0.9375,0.0,0.0,-0.0,1.0,0.3194299936294555,0.0530587993562221,0.316277801990509,-0.0040212175808846,0.1569415181875229,0.0286841858178377,-0.9942511916160583,543.5787499882281,0.220322847366333,0.072834063321352,0.621222198009491,0.0040212175808846,0.1569415181875229,0.0286841858178377,1.9942511916160583,0.663147025290207,0.15959195730947606,1.9942511916160583,0.44261103169992566,0.7778080540107745,True
2,75,585,246,245,0.3061224489795918,correct,put both the cream cheese box and the butter in the basket,2026080809,7120075,sha256:b5bcf08a551918ce,mps:0,0.0,0.824999988079071,0.3669642806053161,-0.0450000017881393,0.0760714262723922,0.0246428567916154,1.0,-0.1487531960010528,0.8007106781005859,0.2569062411785126,0.0305554345250129,0.006084406748414,0.0142437368631362,0.9910809397697448,579.4723751023412,0.1487531960010528,0.024289309978485107,0.11005803942680353,0.0755554363131522,0.0699870195239782,0.0103991199284792,0.008919060230255238,0.18662865788037594,0.10351303566994545,0.008919060230255238,0.06399445448602947,0.9789690849448427,True
2,75,585,246,245,0.3061224489795918,paraphrase,place the cream cheese box and the butter together inside the basket,2026080809,7120075,sha256:b5bcf08a551918ce,mps:0,0.0,0.824999988079071,0.3669642806053161,-0.0450000017881393,0.0760714262723922,0.0246428567916154,1.0,-0.1575396060943603,0.8253354430198669,0.2150123715400695,0.0273412708193063,0.0019742869772017,0.0137113761156797,0.9953911900520324,529.1642919182777,0.1575396060943603,0.00033545494079589844,0.1519519090652466,0.0723412726074456,0.0740971392951905,0.0109314806759357,0.00460880994796764,0.2188794706841107,0.10413041363580565,0.00460880994796764,0.06740081037527747,0.9702222628858763,True
2,75,585,246,245,0.3061224489795918,contradictory,put the cream cheese box in the basket but leave the butter outside the basket,2026080809,7120075,sha256:b5bcf08a551918ce,mps:0,0.0,0.824999988079071,0.3669642806053161,-0.0450000017881393,0.0760714262723922,0.0246428567916154,1.0,-0.0945765152573585,0.7484202980995178,0.3544400632381439,0.0305959768593311,0.0059079136699438,-0.0022531591821461,0.9904455542564392,556.2615839298815,0.0945765152573585,0.07657968997955322,0.012524217367172186,0.0755959786474704,0.07016351260244841,0.0268960159737615,0.009554445743560791,0.12233569461220231,0.10658830218951595,0.009554445743560791,0.05227005365304643,0.9932607671908977,True
2,75,585,246,245,0.3061224489795918,unrelated,open the top drawer of the cabinet,2026080809,7120075,sha256:b5bcf08a551918ce,mps:0,0.0,0.824999988079071,0.3669642806053161,-0.0450000017881393,0.0760714262723922,0.0246428567916154,1.0,-0.0206062346696853,-0.315358966588974,0.1278397142887115,0.0815890356898307,0.0270036906003952,0.0431466698646545,0.9815208315849304,526.7572081647813,0.0206062346696853,1.140358954668045,0.23912456631660461,0.12658903747797,0.049067735671997,0.0185038130730391,0.01847916841506958,1.1653427481281904,0.13702123263136204,0.01847916841506958,0.23038993004177297,-0.6928075353487706,True
2,86,596,246,245,0.3510204081632653,correct,put both the cream cheese box and the butter in the basket,2026080809,7120086,sha256:2044d658ac355c05,mps:0,-0.0160714294761419,0.8035714030265808,-0.0,-0.0085714282467961,0.0,0.0353571437299251,1.0,-0.1707183122634887,0.7809797525405884,0.1003331914544105,0.0152548979967832,-0.0001071877777576,-0.0008709584362804,0.9927011132240297,571.4895420242101,0.15464688278734678,0.02259165048599243,0.1003331914544105,0.023826326243579297,0.0001071877777576,0.0362281021662055,0.007298886775970348,0.1857223474301141,0.043361050472171446,0.007298886775970348,0.04929031824160891,0.9733701243965357,True
2,86,596,246,245,0.3510204081632653,paraphrase,place the cream cheese box and the butter together inside the basket,2026080809,7120086,sha256:2044d658ac355c05,mps:0,-0.0160714294761419,0.8035714030265808,-0.0,-0.0085714282467961,0.0,0.0353571437299251,1.0,-0.1737168729305267,0.8066734671592712,0.0585414841771125,0.0099463453516364,-0.0012091984972357,0.0001671127974987,0.9971734881401062,530.823958106339,0.1576454434543848,0.0031020641326904297,0.0585414841771125,0.0185177735984325,0.0012091984972357,0.0351900309324264,0.002826511859893799,0.1681927882326471,0.03978326755149264,0.002826511859893799,0.03957607237888231,0.9791419617568505,True
2,86,596,246,245,0.3510204081632653,contradictory,put the cream cheese box in the basket but leave the butter outside the basket,2026080809,7120086,sha256:2044d658ac355c05,mps:0,-0.0160714294761419,0.8035714030265808,-0.0,-0.0085714282467961,0.0,0.0353571437299251,1.0,-0.0967951640486717,0.7543001770973206,0.1226629093289375,0.0162812229245901,-0.002809795551002,-0.0114309582859277,0.9817729592323304,529.094124911353,0.08072373457252979,0.049271225929260254,0.1226629093289375,0.0248526511713862,0.002809795551002,0.0467881020158528,0.018227040767669567,0.15488758618090603,0.05305351742845034,0.018227040767669567,0.04933363704809117,0.9815276649619902,True
2,86,596,246,245,0.3510204081632653,unrelated,open the top drawer of the cabinet,2026080809,7120086,sha256:2044d658ac355c05,mps:0,-0.0160714294761419,0.8035714030265808,-0.0,-0.0085714282467961,0.0,0.0353571437299251,1.0,-0.0289057493209838,0.1804468035697937,-0.2070703506469726,0.0945283696055412,0.0287498272955417,0.0026885271072387,0.994184672832489,539.2733330372721,0.012834319844841902,0.6231245994567871,0.2070703506469726,0.1030997978523373,0.0287498272955417,0.0326686166226864,0.005815327167510986,0.6567549895745911,0.1119078165221552,0.005815327167510986,0.14476611984095403,0.6553317423052349,True
2,103,613,246,245,0.4204081632653061,correct,put both the cream cheese box and the butter in the basket,2026080809,7120103,sha256:725d76a12d21e001,mps:0,-0.2142857164144516,0.5142857432365417,-0.3723214268684387,0.0225000008940696,0.0,0.0503571443259716,1.0,-0.5288572907447815,0.4274401068687439,-0.3158278465270996,-0.0522614456713199,-0.0365754924714565,0.063658133149147,0.9954282641410828,586.2624999135733,0.3145715743303299,0.08684563636779785,0.05649358034133911,0.0747614465653895,0.0365754924714565,0.013300988823175403,0.004571735858917236,0.331193243518906,0.0842849740211943,0.004571735858917236,0.08387435067977222,0.897153784442606,True
2,103,613,246,245,0.4204081632653061,paraphrase,place the cream cheese box and the butter together inside the basket,2026080809,7120103,sha256:725d76a12d21e001,mps:0,-0.2142857164144516,0.5142857432365417,-0.3723214268684387,0.0225000008940696,0.0,0.0503571443259716,1.0,-0.4926455020904541,0.5272418260574341,-0.3537536859512329,-0.0366455353796482,-0.0356730185449123,0.0397214442491531,1.0002827644348145,520.9903749637306,0.2783597856760025,0.012956082820892334,0.01856774091720581,0.0591455362737178,0.0356730185449123,0.010635700076818501,0.0002827644348144531,0.27927905644072265,0.06988473960268694,0.0002827644348144531,0.059374375534909096,0.9441374733900356,True
2,103,613,246,245,0.4204081632653061,contradictory,put the cream cheese box in the basket but leave the butter outside the basket,2026080809,7120103,sha256:725d76a12d21e001,mps:0,-0.2142857164144516,0.5142857432365417,-0.3723214268684387,0.0225000008940696,0.0,0.0503571443259716,1.0,-0.3750652372837066,0.2392856925725937,-0.3890287280082702,-0.0261856168508529,-0.0490749031305313,0.0267104264348745,0.988145649433136,532.8625419642776,0.160779520869255,0.27500005066394806,0.016707301139831487,0.0486856177449225,0.0490749031305313,0.023646717891097103,0.011854350566864014,0.3189893667624334,0.07306026799497026,0.011854350566864014,0.08367835171520707,0.8794305766782771,True
2,103,613,246,245,0.4204081632653061,unrelated,open the top drawer of the cabinet,2026080809,7120103,sha256:725d76a12d21e001,mps:0,-0.2142857164144516,0.5142857432365417,-0.3723214268684387,0.0225000008940696,0.0,0.0503571443259716,1.0,-0.1337189376354217,-0.275585412979126,0.160111516714096,-0.0479302555322647,-0.0243772454559803,0.0363272801041603,0.9906697869300842,530.38095892407,0.0805667787790299,0.7898711562156677,0.5324329435825348,0.0704302564263343,0.0243772454559803,0.014029864221811301,0.009330213069915771,0.9559666775972202,0.07583869860686414,0.009330213069915771,0.21729120825018203,-0.7456019395869367,True
2,112,622,246,245,0.4571428571428571,correct,put both the cream cheese box and the butter in the basket,2026080809,7120112,sha256:a9554b97ec8e8120,mps:0,-0.4875000119209289,-0.1392857134342193,-0.6133928298950195,0.1542857140302658,-0.0739285722374916,-0.0,1.0,-0.0289991945028305,-0.0202079117298126,-0.0671133026480674,0.0009697268251329,-0.0305090546607971,-0.0306273642927408,-0.9964918494224548,537.1387500781566,0.4585008174180984,0.11907780170440671,0.5462795272469522,0.1533159872051329,0.043419517576694495,0.0306273642927408,1.9964918494224548,0.7230655878417752,0.16226238591490516,1.9964918494224548,0.47824469498092576,0.9628118783290638,True
2,112,622,246,245,0.4571428571428571,paraphrase,place the cream cheese box and the butter together inside the basket,2026080809,7120112,sha256:a9554b97ec8e8120,mps:0,-0.4875000119209289,-0.1392857134342193,-0.6133928298950195,0.1542857140302658,-0.0739285722374916,-0.0,1.0,-0.0648249760270118,-0.0363437384366989,-0.2157665789127349,0.0120157366618514,-0.0425583645701408,-0.0308026000857353,-1.0128637552261353,529.3378750793636,0.4226750358939171,0.1029419749975204,0.39762625098228466,0.1422699773684144,0.0313702076673508,0.0308026000857353,2.0128637552261353,0.5893707421093628,0.14890814806968625,2.0128637552261353,0.44864997174590826,0.9306507445002812,True
2,112,622,246,245,0.4571428571428571,contradictory,put the cream cheese box in the basket but leave the butter outside the basket,2026080809,7120112,sha256:a9554b97ec8e8120,mps:0,-0.4875000119209289,-0.1392857134342193,-0.6133928298950195,0.1542857140302658,-0.0739285722374916,-0.0,1.0,-0.0248143896460533,-0.0113601759076118,0.0009121373295783,0.0002075699158012,-0.0313756167888641,-0.0446172282099723,-0.9934084415435792,535.1232918910682,0.4626856222748756,0.1279255375266075,0.6143049672245978,0.1540781441144646,0.04255295544862749,0.0446172282099723,1.993408441543579,0.7796239612583585,0.16595639657546,1.993408441543579,0.4913675566203892,0.6037488531040895,True
2,112,622,246,245,0.4571428571428571,unrelated,open the top drawer of the cabinet,2026080809,7120112,sha256:a9554b97ec8e8120,mps:0,-0.4875000119209289,-0.1392857134342193,-0.6133928298950195,0.1542857140302658,-0.0739285722374916,-0.0,1.0,0.0256819911301136,-0.2009716629981994,0.0750055089592933,0.0059273336082696,-0.0281548090279102,-0.0434180051088333,-1.0027761459350586,531.774208182469,0.5131820030510426,0.0616859495639801,0.6883983388543128,0.1483583804219962,0.04577376320958139,0.0434180051088333,2.0027761459350586,0.8608444676981245,0.16121590990790965,2.0027761459350586,0.500513226592115,-0.1776041617024052,True
2,127,637,246,245,0.5183673469387755,correct,put both the cream cheese box and the butter in the basket,2026080809,7120127,sha256:14f5f2550b1ed20b,mps:0,-0.0241071432828903,0.0,0.1446428596973419,-0.0053571430034935,0.0342857129871845,-0.0064285714179277,-1.0,0.0587108880281448,0.0849678888916969,0.1439277529716491,-0.0249543637037277,0.0089682135730981,-0.0361948907375335,-1.0023977756500244,580.1353750284761,0.0828180313110351,0.0849678888916969,0.0007151067256928045,0.019597220700234202,0.025317499414086397,0.0297663193196058,0.002397775650024414,0.1186544555867013,0.04371567912766186,0.002397775650024414,0.03508283457319652,0.746928157287412,True
2,127,637,246,245,0.5183673469387755,paraphrase,place the cream cheese box and the butter together inside the basket,2026080809,7120127,sha256:14f5f2550b1ed20b,mps:0,-0.0241071432828903,0.0,0.1446428596973419,-0.0053571430034935,0.0342857129871845,-0.0064285714179277,-1.0,0.0171986520290374,0.0687988102436065,0.0744217410683631,-0.0060221594758331,-0.0026168208569288,-0.0381273999810218,-1.0038386583328247,515.1912090368569,0.0413057953119277,0.0687988102436065,0.07022111862897878,0.0006650164723396006,0.036902533844113294,0.0316988285630941,0.003838658332824707,0.10663231460862019,0.048652389286620246,0.003838658332824707,0.03620439448526924,0.6865982010675435,True
2,127,637,246,245,0.5183673469387755,contradictory,put the cream cheese box in the basket but leave the butter outside the basket,2026080809,7120127,sha256:14f5f2550b1ed20b,mps:0,-0.0241071432828903,0.0,0.1446428596973419,-0.0053571430034935,0.0342857129871845,-0.0064285714179277,-1.0,0.083588108420372,0.1070121973752975,0.2265003323554992,-0.0279780477285385,0.0078717553988099,-0.046914204955101,-0.9976951479911804,527.0169998984784,0.1076952517032623,0.1070121973752975,0.08185747265815732,0.022620904725045,0.026413957588374597,0.0404856335371733,0.00230485200881958,0.17248340052451316,0.05337123765630985,0.00230485200881958,0.05548432422801852,0.7939739383626297,True
2,127,637,246,245,0.5183673469387755,unrelated,open the top drawer of the cabinet,2026080809,7120127,sha256:14f5f2550b1ed20b,mps:0,-0.0241071432828903,0.0,0.1446428596973419,-0.0053571430034935,0.0342857129871845,-0.0064285714179277,-1.0,0.0928173810243606,0.0257777087390422,0.2176041305065155,-0.0121430279687047,0.0251195691525936,-0.0414787605404853,-1.0034795999526978,548.9192081149668,0.1169245243072509,0.0257777087390422,0.07296127080917361,0.006785884965211201,0.009166143834590898,0.0350501891225576,0.003479599952697754,0.14021120386902527,0.03685894986410415,0.003479599952697754,0.0385921888186463,0.8378445018764406,True
2,146,656,246,245,0.5959183673469388,correct,put both the cream cheese box and the butter in the basket,2026080809,7120146,sha256:8e2624749b759c83,mps:0,0.7875000238418579,-0.4044642746448517,-0.1419642865657806,-0.0096428571268916,0.0,-0.0599999986588954,-1.0,0.3847443759441376,-0.6096065044403076,-0.3431040048599243,-0.0030686662066727,-0.071512870490551,-0.0938379541039466,-1.0115032196044922,552.4575421586633,0.40275564789772034,0.20514222979545593,0.2011397182941437,0.006574190920218901,0.071512870490551,0.0338379554450512,0.011503219604492188,0.4947248049516131,0.0793871391395047,0.011503219604492188,0.13320940463537617,0.835780621385288,True
2,146,656,246,245,0.5959183673469388,paraphrase,place the cream cheese box and the butter together inside the basket,2026080809,7120146,sha256:8e2624749b759c83,mps:0,0.7875000238418579,-0.4044642746448517,-0.1419642865657806,-0.0096428571268916,0.0,-0.0599999986588954,-1.0,0.1596599817276001,-0.4736875891685486,-0.5802887678146362,-0.0020010010339319,-0.1081976071000099,-0.1069024726748466,-1.004979133605957,557.791082886979,0.6278400421142578,0.0692233145236969,0.4383244812488556,0.007641856092959701,0.1081976071000099,0.04690247401595119,0.004979133605957031,0.7688324502892409,0.11817344124434473,0.004979133605957031,0.18615841552881257,0.5820520059113469,True
2,146,656,246,245,0.5959183673469388,contradictory,put the cream cheese box in the basket but leave the butter outside the basket,2026080809,7120146,sha256:8e2624749b759c83,mps:0,0.7875000238418579,-0.4044642746448517,-0.1419642865657806,-0.0096428571268916,0.0,-0.0599999986588954,-1.0,0.0282817855477333,-0.4169937372207641,-0.5903422832489014,-0.0020538289099931,-0.0965578034520149,-0.1134021580219268,-1.0074946880340576,544.8017499875277,0.7592182382941246,0.01252946257591242,0.4483779966831207,0.0075890282168985,0.0965578034520149,0.053402159363031394,0.007494688034057617,0.8818231958280776,0.11060195921135133,0.007494688034057617,0.1978813395170229,0.42363258643637697,True
2,146,656,246,245,0.5959183673469388,unrelated,open the top drawer of the cabinet,2026080809,7120146,sha256:8e2624749b759c83,mps:0,0.7875000238418579,-0.4044642746448517,-0.1419642865657806,-0.0096428571268916,0.0,-0.0599999986588954,-1.0,-0.0599510744214057,-0.4803522229194641,-0.0926507040858268,-0.0167952105402946,-0.0487682521343231,-0.0978090763092041,-1.0060724020004272,542.0412081293762,0.8474510982632636,0.07588794827461243,0.04931358247995381,0.007152353413402998,0.0487682521343231,0.0378090776503087,0.006072402000427246,0.8522700124127032,0.06212105060568599,0.006072402000427246,0.1532078163166131,0.3625814264294947,True
2,149,659,246,245,0.6081632653061224,correct,put both the cream cheese box and the butter in the basket,2026080809,7120149,sha256:ee6ce3eebfb5e9bc,mps:0,0.6616071462631226,-0.1901785731315612,-0.4419642984867096,-0.0428571440279483,-0.0557142868638038,-0.068571425974369,-1.0,0.1498439610004425,-0.0766299664974212,-0.5983489751815796,-0.0505531169474124,-0.0363198854029178,-0.0526803061366081,-1.0024422407150269,573.2076251879334,0.51176318526268,0.11354860663414,0.15638467669487,0.0076959729194640975,0.019394401460886,0.01589111983776089,0.0024422407150268555,0.5470383998986889,0.026227819141156582,0.0024422407150268555,0.11816002907497543,0.7437057547774111,True
2,149,659,246,245,0.6081632653061224,paraphrase,place the cream cheese box and the butter together inside the basket,2026080809,7120149,sha256:ee6ce3eebfb5e9bc,mps:0,0.6616071462631226,-0.1901785731315612,-0.4419642984867096,-0.0428571440279483,-0.0557142868638038,-0.068571425974369,-1.0,-0.0787669345736503,0.0158421695232391,-0.7556734681129456,-0.0366006568074226,-0.0415950939059257,-0.0518370047211647,-0.9983649849891664,546.0196249186993,0.7403740808367729,0.2060207426548003,0.31370916962623596,0.0062564872205257,0.014119192957878099,0.01673442125320429,0.0016350150108336292,0.8300673280442462,0.0227713876784462,0.0016350150108336292,0.1855498727943216,0.4485569748849686,True
2,149,659,246,245,0.6081632653061224,contradictory,put the cream cheese box in the basket but leave the butter outside the basket,2026080809,7120149,sha256:ee6ce3eebfb5e9bc,mps:0,0.6616071462631226,-0.1901785731315612,-0.4419642984867096,-0.0428571440279483,-0.0557142868638038,-0.068571425974369,-1.0,-0.2351624965667724,0.0510486885905265,-0.7469832897186279,-0.0102102542296051,-0.0269710086286067,-0.0381636172533035,-1.007579326629639,600.9906670078635,0.896769642829895,0.2412272617220877,0.30501899123191833,0.0326468897983432,0.028743278235197102,0.030407808721065493,0.007579326629638894,0.9774574001517055,0.05307193503564787,0.007579326629638894,0.22034188559544937,0.25676835872215636,True
2,149,659,246,245,0.6081632653061224,unrelated,open the top drawer of the cabinet,2026080809,7120149,sha256:ee6ce3eebfb5e9bc,mps:0,0.6616071462631226,-0.1901785731315612,-0.4419642984867096,-0.0428571440279483,-0.0557142868638038,-0.068571425974369,-1.0,-0.1978269815444946,0.5549723505973816,-0.3845372796058655,-0.0415223650634288,0.0056046796962618,-0.0154170570895075,-1.005407691001892,561.3299580290914,0.8594341278076172,0.7451509237289428,0.057427018880844116,0.0013347789645195007,0.0613189665600656,0.0531543688848615,0.00540769100189209,1.1389358110412007,0.08116147008541984,0.00540769100189209,0.2547468394041061,-0.1154983964893951,True
2,167,677,246,245,0.6816326530612244,correct,put both the cream cheese box and the butter in the basket,2026080809,7120167,sha256:85ddd5fa1c902331,mps:0,-0.4526785612106323,0.1875,-0.7017857432365417,-0.0985714271664619,-0.0546428561210632,0.0535714291036129,-1.0,-0.0364179834723472,-0.0265183970332145,-0.3916754722595215,0.0312400367110967,0.11111830919981,-0.0422902256250381,-0.9838826060295104,544.4391248747706,0.4162605777382851,0.2140183970332145,0.31011027097702026,0.1298114638775586,0.1657611653208732,0.09586165472865099,0.016117393970489613,0.5614669384862465,0.23133792799686706,0.016117393970489613,0.1925629890922989,0.8486807521415467,True
2,167,677,246,245,0.6816326530612244,paraphrase,place the cream cheese box and the butter together inside the basket,2026080809,7120167,sha256:85ddd5fa1c902331,mps:0,-0.4526785612106323,0.1875,-0.7017857432365417,-0.0985714271664619,-0.0546428561210632,0.0535714291036129,-1.0,-0.0924771502614021,-0.0728789269924163,-0.3959757685661316,0.0384676270186901,0.1008770540356636,-0.0493459552526474,-0.9897525310516356,546.90883285366,0.3602014109492302,0.26037892699241627,0.30580997467041016,0.137039054185152,0.1555199101567268,0.1029173843562603,0.010247468948364369,0.5395016058173091,0.23142630107628567,0.010247468948364369,0.19030201860836574,0.8656715572936476,True
2,167,677,246,245,0.6816326530612244,contradictory,put the cream cheese box in the basket but leave the butter outside the basket,2026080809,7120167,sha256:85ddd5fa1c902331,mps:0,-0.4526785612106323,0.1875,-0.7017857432365417,-0.0985714271664619,-0.0546428561210632,0.0535714291036129,-1.0,-0.0441710725426673,-0.0649836212396621,-0.2661860585212707,0.0239718668162822,0.1172068119049072,-0.0420605614781379,-0.9792444705963136,551.0097502265126,0.40850748866796505,0.2524836212396621,0.43559968471527105,0.1225432939827441,0.1718496680259704,0.0956319905817508,0.020755529403686412,0.6483621153461577,0.23172104980645492,0.020755529403686412,0.21533875380243575,0.8192675375670055,True
2,167,677,246,245,0.6816326530612244,unrelated,open the top drawer of the cabinet,2026080809,7120167,sha256:85ddd5fa1c902331,mps:0,-0.4526785612106323,0.1875,-0.7017857432365417,-0.0985714271664619,-0.0546428561210632,0.0535714291036129,-1.0,0.0431524217128753,0.1333434879779815,-0.2518076598644256,0.0319393500685691,0.1209670603275299,-0.0331865586340427,-1.007912039756775,548.2972920872271,0.49583098292350763,0.05415651202201849,0.44997808337211614,0.13051077723503102,0.17560991644859308,0.0867579877376556,0.007912039756774902,0.6717600516081065,0.235369611814824,0.007912039756774902,0.20010804278509958,0.7386036386185397,True
2,180,690,246,245,0.7346938775510204,correct,put both the cream cheese box and the butter in the basket,2026080809,7120180,sha256:a296e5c5e3d3676e,mps:0,0.0776785686612129,-0.0508928559720516,0.2892857193946838,0.0,0.1800000071525573,0.0492857135832309,1.0,-0.0475914701819419,0.0075522884726524,-0.2589826881885528,-0.0478546097874641,-0.0221056565642356,0.0210227947682142,1.0087043046951294,563.7820409610868,0.1252700388431548,0.058445144444704,0.5482684075832366,0.0478546097874641,0.2021056637167929,0.0282629188150167,0.008704304695129395,0.5654260909215155,0.20960809994907173,0.008704304695129395,0.1455587268407855,-0.9870691861248015,True
2,180,690,246,245,0.7346938775510204,paraphrase,place the cream cheese box and the butter together inside the basket,2026080809,7120180,sha256:a296e5c5e3d3676e,mps:0,0.0776785686612129,-0.0508928559720516,0.2892857193946838,0.0,0.1800000071525573,0.0492857135832309,1.0,-0.14821657538414,-0.0301675423979759,-0.3296905755996704,-0.0364200174808502,-0.0318020023405551,0.0205757431685924,1.0207905769348145,523.5304171219468,0.22589514404535288,0.0207253135740757,0.6189762949943542,0.0364200174808502,0.2118020094931124,0.028709970414638502,0.020790576934814453,0.6592342591908831,0.21681967461426402,0.020790576934814453,0.16618847527674263,-0.9559507068371614,True
2,180,690,246,245,0.7346938775510204,contradictory,put the cream cheese box in the basket but leave the butter outside the basket,2026080809,7120180,sha256:a296e5c5e3d3676e,mps:0,0.0776785686612129,-0.0508928559720516,0.2892857193946838,0.0,0.1800000071525573,0.0492857135832309,1.0,-0.0773690566420555,-0.0180295184254646,-0.2107090801000595,-0.039353609085083,-0.0186688154935836,0.0130118057131767,1.0110825300216677,539.2034591641277,0.15504762530326838,0.032863337546587004,0.4999947994947433,0.039353609085083,0.19866882264614089,0.0362739078700542,0.011082530021667703,0.5245136457602149,0.20575180201347082,0.011082530021667703,0.1390406617096492,-0.9653552451115545,True
2,180,690,246,245,0.7346938775510204,unrelated,open the top drawer of the cabinet,2026080809,7120180,sha256:a296e5c5e3d3676e,mps:0,0.0776785686612129,-0.0508928559720516,0.2892857193946838,0.0,0.1800000071525573,0.0492857135832309,1.0,-0.2613414227962494,0.0703244358301162,-0.4464631378650665,-0.0113538447767496,-0.0296841561794281,0.0322222784161567,-1.0067667961120603,547.9863749351352,0.3390199914574623,0.12121729180216781,0.7357488572597503,0.0113538447767496,0.2096841633319854,0.017063435167074203,2.0067667961120605,0.8191181644907517,0.21068345678564843,2.0067667961120605,0.49155062570103575,-0.9647694072461893,True
2,194,704,246,245,0.7918367346938775,correct,put both the cream cheese box and the butter in the basket,2026080809,7120194,sha256:44fa8cb1291e7ece,mps:0,0.0,0.4071428477764129,0.9375,-0.0074999998323619,0.0149999996647238,-0.0364285707473754,1.0,0.3305403888225555,0.1725275814533233,0.9662399291992188,-0.0141451163217425,0.0192003920674324,-0.0158965177834033,1.0095393657684326,549.4158340152353,0.3305403888225555,0.2346152663230896,0.02873992919921875,0.0066451164893806,0.0042003924027086,0.0205320529639721,0.009539365768432617,0.40635853056776905,0.021985587743099465,0.009539365768432617,0.09068750170990826,0.9220914335081501,True
2,194,704,246,245,0.7918367346938775,paraphrase,place the cream cheese box and the butter together inside the basket,2026080809,7120194,sha256:44fa8cb1291e7ece,mps:0,0.0,0.4071428477764129,0.9375,-0.0074999998323619,0.0149999996647238,-0.0364285707473754,1.0,0.1976318657398224,0.2983642816543579,0.9659550189971924,-0.0107223242521286,0.0129868760704994,-0.0156543962657451,1.018441915512085,526.0372499469668,0.1976318657398224,0.108778566122055,0.028455018997192383,0.003222324419766699,0.002013123594224401,0.020774174481630298,0.01844191551208496,0.22737814079085097,0.021118768114287992,0.01844191551208496,0.0541881412666823,0.9754784695255589,True
2,194,704,246,245,0.7918367346938775,contradictory,put the cream cheese box in the basket but leave the butter outside the basket,2026080809,7120194,sha256:44fa8cb1291e7ece,mps:0,0.0,0.4071428477764129,0.9375,-0.0074999998323619,0.0149999996647238,-0.0364285707473754,1.0,0.3750777244567871,0.1479814648628235,0.9230539798736572,-0.0186700504273176,0.0221599079668521,-0.0246463641524314,1.0063987970352173,551.7991250380874,0.3750777244567871,0.2591613829135894,0.014446020126342773,0.011170050594955698,0.007159908302128301,0.011782206594943997,0.006398797035217285,0.45613222784062996,0.01774414577923372,0.006398797035217285,0.09788515571770924,0.8990622308468615,True
2,194,704,246,245,0.7918367346938775,unrelated,open the top drawer of the cabinet,2026080809,7120194,sha256:44fa8cb1291e7ece,mps:0,0.0,0.4071428477764129,0.9375,-0.0074999998323619,0.0149999996647238,-0.0364285707473754,1.0,0.1889167129993438,0.0408716164529323,0.3532540798187256,-0.0161888413131237,0.0360441282391548,-0.0111304763704538,-0.9914396405220032,539.1692500561476,0.1889167129993438,0.3662712313234806,0.5842459201812744,0.0086888414807618,0.021044128574431,0.025298094376921598,1.9914396405220032,0.7149737300028297,0.034034466248769386,1.9914396405220032,0.45512922420831664,0.8450912752904144,True
2,205,715,246,245,0.8367346938775511,correct,put both the cream cheese box and the butter in the basket,2026080809,7120205,sha256:285882c46155890d,mps:0,-0.342857152223587,0.6348214149475098,-0.0053571430034935,0.0182142853736877,0.0,-0.0246428567916154,1.0,-0.3281670808792114,0.7696430683135986,-0.0023057907819747,-0.0009425528696738,-0.0234985277056694,-0.001723663881421,1.031383037567139,542.5137078855187,0.014690071344375555,0.13482165336608887,0.0030513522215187996,0.0191568382433615,0.0234985277056694,0.0229191929101944,0.031383037567138894,0.13565392424418998,0.03800598189063315,0.031383037567138894,0.035645810479763916,0.995746209275029,True
2,205,715,246,245,0.8367346938775511,paraphrase,place the cream cheese box and the butter together inside the basket,2026080809,7120205,sha256:285882c46155890d,mps:0,-0.342857152223587,0.6348214149475098,-0.0053571430034935,0.0182142853736877,0.0,-0.0246428567916154,1.0,-0.3437435925006866,0.8027912378311157,-0.1147804856300354,-0.0014339296612888,-0.0346956066787242,-0.004336361773312,1.0347731113433838,516.3935418240726,0.0008864402770996094,0.16796982288360596,0.1094233426265419,0.019648215034976498,0.0346956066787242,0.0203064950183034,0.03477311134338379,0.2004697360887184,0.04474585139198704,0.03477311134338379,0.05538614769466219,0.9883437779961881,True
2,205,715,246,245,0.8367346938775511,contradictory,put the cream cheese box in the basket but leave the butter outside the basket,2026080809,7120205,sha256:285882c46155890d,mps:0,-0.342857152223587,0.6348214149475098,-0.0053571430034935,0.0182142853736877,0.0,-0.0246428567916154,1.0,-0.2822047770023346,0.2143871486186981,-0.5922622680664062,0.004096036311239,-0.022743571549654,-0.0008662892505526,-0.990744948387146,529.7961658798158,0.060652375221252386,0.42043426632881165,0.5869051250629127,0.014118249062448698,0.022743571549654,0.0237765675410628,1.990744948387146,0.7245007306749517,0.035803912739507754,1.990744948387146,0.44562501473618404,0.47396100112473194,True
2,205,715,246,245,0.8367346938775511,unrelated,open the top drawer of the cabinet,2026080809,7120205,sha256:285882c46155890d,mps:0,-0.342857152223587,0.6348214149475098,-0.0053571430034935,0.0182142853736877,0.0,-0.0246428567916154,1.0,-0.1417453289031982,0.1556336432695388,-0.3574514985084533,-0.0008769201231189,0.0018659734632819,-0.0060184150934219,-0.9840878844261168,525.4522499162704,0.2011118233203888,0.479187771677971,0.3520943555049598,0.0190912054968066,0.0018659734632819,0.0186244416981935,1.984087884426117,0.6277239211495795,0.02673622660093192,1.984087884426117,0.43658049365538837,0.4988646395786036,True
2,217,727,246,245,0.8857142857142857,correct,put both the cream cheese box and the butter in the basket,2026080809,7120217,sha256:0d96645364721fc6,mps:0,-0.3883928656578064,0.2223214358091354,-0.2732142806053161,0.0546428561210632,0.0417857132852077,-0.0,1.0,-0.1522955000400543,-0.1140231937170028,-0.4515548646450043,0.0297435540705919,0.0409171618521213,0.0037786103785037,-1.0033918619155884,538.9135840814561,0.2360973656177521,0.3363446295261382,0.17834058403968817,0.0248993020504713,0.0008685514330864022,0.0037786103785037,2.0033918619155884,0.44796767715800073,0.025199355558923657,2.0033918619155884,0.3976744149944612,0.6117541757960637,True
2,217,727,246,245,0.8857142857142857,paraphrase,place the cream cheese box and the butter together inside the basket,2026080809,7120217,sha256:0d96645364721fc6,mps:0,-0.3883928656578064,0.2223214358091354,-0.2732142806053161,0.0546428561210632,0.0417857132852077,-0.0,1.0,-0.1510715782642364,-0.0801354646682739,-0.6404130458831787,0.057324469089508,0.0275777839124202,0.0069081867113709,0.9956530928611756,502.7919579297304,0.23732128739357,0.3024569004774093,0.3671987652778626,0.0026816129684448034,0.0142079293727875,0.0069081867113709,0.004346907138824352,0.5316356866484131,0.016024336142686554,0.004346907138824352,0.13358879847718136,0.6209961915494442,True
2,217,727,246,245,0.8857142857142857,contradictory,put the cream cheese box in the basket but leave the butter outside the basket,2026080809,7120217,sha256:0d96645364721fc6,mps:0,-0.3883928656578064,0.2223214358091354,-0.2732142806053161,0.0546428561210632,0.0417857132852077,-0.0,1.0,-0.1504896283149719,-0.1538066118955612,-0.3262418806552887,0.0278227478265762,0.0319436676800251,-0.0218060091137886,-0.992832362651825,545.77845800668,0.2379032373428345,0.3761280477046966,0.05302760004997259,0.026820108294486996,0.0098420456051826,0.0218060091137886,1.992832362651825,0.44819882304107783,0.03594003483711634,1.992832362651825,0.38833705868039814,0.5533396979985931,True
2,217,727,246,245,0.8857142857142857,unrelated,open the top drawer of the cabinet,2026080809,7120217,sha256:0d96645364721fc6,mps:0,-0.3883928656578064,0.2223214358091354,-0.2732142806053161,0.0546428561210632,0.0417857132852077,-0.0,1.0,-0.1783815622329712,-0.3374391794204712,-0.298526793718338,0.0334400758147239,0.061006911098957,-0.0109206996858119,-0.9889405965805054,524.0959590300918,0.2100113034248352,0.5597606152296066,0.025312513113021906,0.0212027803063393,0.0192211978137493,0.0109206996858119,1.9889405965805054,0.5983957028994467,0.030631258866423733,1.9889405965805054,0.40505281516483854,0.2984348341777615,True
2,225,735,246,245,0.9183673469387756,correct,put both the cream cheese box and the butter in the basket,2026080809,7120225,sha256:24df01371cb47e79,mps:0,-0.0669642835855484,0.0482142865657806,-0.0401785708963871,0.0139285717159509,0.0578571446239948,-0.0,1.0,0.0674617141485214,0.0827376842498779,0.1869225800037384,0.0061588762328028,0.0124748656526207,-0.0353977121412754,-0.9962133169174194,539.3465829547495,0.1344259977340698,0.034523397684097304,0.2271011509001255,0.0077696954831481,0.0453822789713741,0.0353977121412754,1.9962133169174194,0.2661524874853061,0.058076823581985536,1.9962133169174194,0.35440193569021566,-0.40689703168706504,True
2,225,735,246,245,0.9183673469387756,paraphrase,place the cream cheese box and the butter together inside the basket,2026080809,7120225,sha256:24df01371cb47e79,mps:0,-0.0669642835855484,0.0482142865657806,-0.0401785708963871,0.0139285717159509,0.0578571446239948,-0.0,1.0,0.038143865764141,0.0622068420052528,0.0873833820223808,0.0194547679275274,0.0046279481612145,-0.0345994085073471,-1.0012675523757937,542.4693338572979,0.1051081493496894,0.013992555439472205,0.1275619529187679,0.0055261962115765,0.0532291964627803,0.0345994085073471,2.0012675523757935,0.16587816764087213,0.06372601721197071,2.0012675523757935,0.3344692873236324,-0.2934390889225943,True
2,225,735,246,245,0.9183673469387756,contradictory,put the cream cheese box in the basket but leave the butter outside the basket,2026080809,7120225,sha256:24df01371cb47e79,mps:0,-0.0669642835855484,0.0482142865657806,-0.0401785708963871,0.0139285717159509,0.0578571446239948,-0.0,1.0,0.0670929253101348,0.082253098487854,0.2890270054340362,0.0025866732466965,0.0107782613486051,-0.0460538789629936,-0.98650461435318,540.4136669822037,0.1340572088956832,0.034038811922073406,0.3292055763304233,0.0113418984692544,0.0470788832753897,0.0460538789629936,1.98650461435318,0.3570802255250398,0.06682828502125958,1.98650461435318,0.3697544103155711,-0.4295956330559631,True
2,225,735,246,245,0.9183673469387756,unrelated,open the top drawer of the cabinet,2026080809,7120225,sha256:24df01371cb47e79,mps:0,-0.0669642835855484,0.0482142865657806,-0.0401785708963871,0.0139285717159509,0.0578571446239948,-0.0,1.0,0.1070663034915924,0.0069828331470489,0.3917886614799499,0.010815636254847,0.0288991630077362,-0.0405616983771324,-0.9850033521652222,529.816250083968,0.1740305870771408,0.041231453418731696,0.431967232376337,0.0031129354611039006,0.0289579816162586,0.0405616983771324,1.9850033521652222,0.467527932680292,0.049935022195950154,1.9850033521652222,0.38640932007027523,-0.6055143672887334,True
2,245,755,246,245,1.0,correct,put both the cream cheese box and the butter in the basket,2026080809,7120245,sha256:67abb70802a45bb0,mps:0,0.0,0.0,-0.0,0.0,0.0,-0.0,-1.0,-0.0043927952647209,0.03884257376194,0.1405282318592071,0.0092969872057437,-0.00284228567034,-0.012891786172986,-1.005147933959961,567.0574591495097,0.0043927952647209,0.03884257376194,0.1405282318592071,0.0092969872057437,0.00284228567034,0.012891786172986,0.0051479339599609375,0.14586372453822977,0.016146538628002447,0.0051479339599609375,0.03056322769927124,,False
2,245,755,246,245,1.0,paraphrase,place the cream cheese box and the butter together inside the basket,2026080809,7120245,sha256:67abb70802a45bb0,mps:0,0.0,0.0,-0.0,0.0,0.0,-0.0,-1.0,-0.0274331048130989,0.0523891523480415,0.1029045954346656,0.0103688146919012,-0.0104616740718483,-0.0124462954699993,-1.0054690837860107,522.0515409018844,0.0274331048130989,0.0523891523480415,0.1029045954346656,0.0103688146919012,0.0104616740718483,0.0124462954699993,0.005469083786010742,0.11868679069300413,0.019283910739969067,0.005469083786010742,0.031638960087937935,,False
2,245,755,246,245,1.0,contradictory,put the cream cheese box in the basket but leave the butter outside the basket,2026080809,7120245,sha256:67abb70802a45bb0,mps:0,0.0,0.0,-0.0,0.0,0.0,-0.0,-1.0,-0.022194780409336,0.0677291229367256,0.259565144777298,0.004586299881339,0.0046782465651631,-0.0213098544627428,-1.0029363632202148,540.3122918214649,0.022194780409336,0.0677291229367256,0.259565144777298,0.004586299881339,0.0046782465651631,0.0213098544627428,0.0029363632202148438,0.26917263373986666,0.02229417042074698,0.0029363632202148438,0.054714258893259905,,False
2,245,755,246,245,1.0,unrelated,open the top drawer of the cabinet,2026080809,7120245,sha256:67abb70802a45bb0,mps:0,0.0,0.0,-0.0,0.0,0.0,-0.0,-1.0,-0.0309042930603027,0.0745245292782783,0.2435631453990936,-0.0003458140417933,-0.0046090614050626,-0.0032858881168067,-1.0165561437606812,529.7155419830233,0.0309042930603027,0.0745245292782783,0.2435631453990936,0.0003458140417933,0.0046090614050626,0.0032858881168067,0.016556143760681152,0.2565774475483105,0.005670987136584823,0.016556143760681152,0.05339841072314548,,False
3,0,756,288,287,0.0,correct,put both the cream cheese box and the butter in the basket,2026080810,7130000,sha256:756b9c187ec8e24f,mps:0,0.2892857193946838,-0.010714286006987,-0.0,-0.0299999993294477,0.002142857061699,-0.0567857138812541,-1.0,0.063994400203228,0.7077081203460693,-0.2347367107868194,-0.0013587404973804,-0.0067475074902176,0.0052322307601571,-0.9662076234817504,550.5522501189262,0.22529131919145579,0.7184224063530563,0.2347367107868194,0.0286412588320673,0.0088903645519166,0.0620179446414112,0.03379237651824962,0.7886623205429287,0.0688882119589164,0.03379237651824962,0.187398911553568,0.05045291304104322,True
3,0,756,288,287,0.0,paraphrase,place the cream cheese box and the butter together inside the basket,2026080810,7130000,sha256:756b9c187ec8e24f,mps:0,0.2892857193946838,-0.010714286006987,-0.0,-0.0299999993294477,0.002142857061699,-0.0567857138812541,-1.0,0.1742607951164245,0.7268285751342773,-0.2635582685470581,-0.0011977346148341,-0.0073213670402765,0.0019497079774737,-1.0310345888137815,545.2424578834325,0.11502492427825928,0.7375428611412643,0.2635582685470581,0.028802264714613602,0.0094642241019755,0.0587354218587278,0.031034588813781516,0.7916205948212722,0.06609834923404524,0.031034588813781516,0.17773750763652574,0.18578424711654912,True
3,0,756,288,287,0.0,contradictory,put the cream cheese box in the basket but leave the butter outside the basket,2026080810,7130000,sha256:756b9c187ec8e24f,mps:0,0.2892857193946838,-0.010714286006987,-0.0,-0.0299999993294477,0.002142857061699,-0.0567857138812541,-1.0,0.0247071832418441,0.850671112537384,-0.0426178164780139,-0.0010813095141202,-0.010663011111319,-0.0029490187298506,1.010087966918945,531.0164999682456,0.26457853615283966,0.861385398544371,0.0426178164780139,0.0289186898153275,0.012805868173017999,0.0538366951514035,2.0100879669189453,0.9021102398817885,0.06243933555960533,2.0100879669189453,0.46774728160484563,-0.007973859524832365,True
3,0,756,288,287,0.0,unrelated,open the top drawer of the cabinet,2026080810,7130000,sha256:756b9c187ec8e24f,mps:0,0.2892857193946838,-0.010714286006987,-0.0,-0.0299999993294477,0.002142857061699,-0.0567857138812541,-1.0,0.0051414370536804,0.703141987323761,-0.4127830266952514,-0.0023151421919465,0.0066999006085097,0.021455505862832,-1.0298079252243042,529.6829580329359,0.28414428234100336,0.713856273330748,0.4127830266952514,0.0276848571375012,0.0045570435468107,0.0782412197440861,0.0298079252243042,0.8721918248232094,0.0831198317349942,0.0298079252243042,0.22158208971710072,-0.02561608917382013,True
3,22,778,288,287,0.0766550522648083,correct,put both the cream cheese box and the butter in the basket,2026080810,7130022,sha256:e0aad1ccdcd98dc3,mps:0,0.6964285969734192,-0.5062500238418579,-0.1633928567171096,0.0299999993294477,0.002142857061699,-0.063214287161827,-1.0,0.6412169337272644,-0.4421339035034179,-0.123147964477539,0.0047558704391121,0.0074640838429331,-0.0392406210303306,-1.0031275749206543,542.9691669996828,0.055211663246154785,0.06411612033844,0.040244892239570604,0.0252441288903356,0.0053212267812341,0.0239736661314964,0.003127574920654297,0.09369554950495124,0.03521815108255482,0.003127574920654297,0.031034181792555116,0.99922684413864,True
3,22,778,288,287,0.0766550522648083,paraphrase,place the cream cheese box and the butter together inside the basket,2026080810,7130022,sha256:e0aad1ccdcd98dc3,mps:0,0.6964285969734192,-0.5062500238418579,-0.1633928567171096,0.0299999993294477,0.002142857061699,-0.063214287161827,-1.0,0.5495290160179138,-0.2877833843231201,-0.290517657995224,0.0074877943843603,-0.0083340117707848,-0.033569686114788,-1.010050654411316,515.3332909103483,0.14689958095550537,0.2184666395187378,0.1271248012781144,0.0225122049450874,0.0104768688324838,0.029644601047039004,0.010050654411315918,0.29234889185271984,0.03866996926894039,0.010050654411315918,0.08073933585546911,0.9593158582797127,True
3,22,778,288,287,0.0766550522648083,contradictory,put the cream cheese box in the basket but leave the butter outside the basket,2026080810,7130022,sha256:e0aad1ccdcd98dc3,mps:0,0.6964285969734192,-0.5062500238418579,-0.1633928567171096,0.0299999993294477,0.002142857061699,-0.063214287161827,-1.0,0.3998746871948242,-0.2051389515399933,-0.2689767181873321,0.003516154596582,-0.0071823792532086,-0.0379709526896476,-1.002277135848999,535.4405001271516,0.29655390977859497,0.3011110723018646,0.1055838614702225,0.0264838447328657,0.0093252363149076,0.025243334472179406,0.0022771358489990234,0.4356145671011392,0.037756853675031385,0.0022771358489990234,0.10951119927423339,0.9287150750429449,True
3,22,778,288,287,0.0766550522648083,unrelated,open the top drawer of the cabinet,2026080810,7130022,sha256:e0aad1ccdcd98dc3,mps:0,0.6964285969734192,-0.5062500238418579,-0.1633928567171096,0.0299999993294477,0.002142857061699,-0.063214287161827,-1.0,0.1619877219200134,-0.274305135011673,-0.3563939332962036,-0.0009782628621906,0.0073285298421978,0.081431083381176,-0.9896900653839112,546.8900001142174,0.5344408750534058,0.23194488883018494,0.19300107657909402,0.030978262191638302,0.0051856727804988,0.144645370543003,0.010309934616088756,0.6137384589081788,0.1480163070412275,0.010309934616088756,0.16435801151341625,0.7398012963235291,True
3,38,794,288,287,0.1324041811846689,correct,put both the cream cheese box and the butter in the basket,2026080810,7130038,sha256:20f78d499b78c367,mps:0,-0.2116071432828903,-0.0803571417927742,-0.7098214030265808,0.0621428564190864,0.0,-0.0599999986588954,-1.0,0.1047391891479492,-0.2656738758087158,-0.5404688715934753,0.0376656055450439,-0.1319059133529663,-0.0151582108810544,-1.016918420791626,538.9560840558261,0.3163463324308395,0.18531673401594162,0.16935253143310547,0.024477250874042504,0.1319059133529663,0.044841787777841,0.016918420791625977,0.4038534063884808,0.14145349666566748,0.016918420791625977,0.1270227100966232,0.8405820898041737,True
3,38,794,288,287,0.1324041811846689,paraphrase,place the cream cheese box and the butter together inside the basket,2026080810,7130038,sha256:20f78d499b78c367,mps:0,-0.2116071432828903,-0.0803571417927742,-0.7098214030265808,0.0621428564190864,0.0,-0.0599999986588954,-1.0,-0.0587375983595848,-0.1671794652938842,-0.6078588962554932,0.0428419858217239,-0.1429618149995803,-0.0233399234712123,-1.0072553157806396,523.6894579138607,0.15286954492330548,0.08682232350111,0.10196250677108765,0.019300870597362497,0.1429618149995803,0.036660075187683105,0.0072553157806396484,0.20323278871834144,0.14884409718412395,0.0072553157806396484,0.07826177882296695,0.9694878038443325,True
3,38,794,288,287,0.1324041811846689,contradictory,put the cream cheese box in the basket but leave the butter outside the basket,2026080810,7130038,sha256:20f78d499b78c367,mps:0,-0.2116071432828903,-0.0803571417927742,-0.7098214030265808,0.0621428564190864,0.0,-0.0599999986588954,-1.0,-0.152500569820404,-0.1315944194793701,-0.5265770554542542,0.03040730394423,-0.1230004876852035,-0.0167464390397071,-1.0019168853759766,535.752666881308,0.059106573462486295,0.05123727768659589,0.18324434757232666,0.031735552474856404,0.1230004876852035,0.0432535596191883,0.0019168853759765625,0.19924190464964264,0.13419066912946273,0.0019168853759765625,0.0704992405538048,0.991851010001631,True
3,38,794,288,287,0.1324041811846689,unrelated,open the top drawer of the cabinet,2026080810,7130038,sha256:20f78d499b78c367,mps:0,-0.2116071432828903,-0.0803571417927742,-0.7098214030265808,0.0621428564190864,0.0,-0.0599999986588954,-1.0,-0.288723886013031,-0.168438047170639,-0.5867526531219482,0.022818187251687,-0.1065036207437515,0.0892594307661056,-0.997957408428192,538.6915828566998,0.07711674273014071,0.08808090537786481,0.12306874990463257,0.0393246691673994,0.1065036207437515,0.149259429425001,0.0020425915718079724,0.1698562777897246,0.18753087241553357,0.0020425915718079724,0.08362810127437115,0.9761625663560912,True
3,44,800,288,287,0.1533101045296167,correct,put both the cream cheese box and the butter in the basket,2026080810,7130044,sha256:c1f2765665b50c8e,mps:0,-0.2839285731315613,0.0294642858207225,-0.6830357313156128,0.0192857142537832,0.0032142857089638,-0.0,-1.0,-0.4345848858356476,0.0343966409564018,-0.6311398148536682,-0.0010073150042444,-0.0584359504282474,0.0014516562223434,-1.01902437210083,575.7963750511408,0.1506563127040863,0.004932355135679297,0.05189591646194458,0.020293029258027603,0.061650236137211205,0.0014516562223434,0.019024372100830078,0.1594203212586182,0.06492045870162144,0.019024372100830078,0.04427198257430321,0.9782530284028407,True
3,44,800,288,287,0.1533101045296167,paraphrase,place the cream cheese box and the butter together inside the basket,2026080810,7130044,sha256:c1f2765665b50c8e,mps:0,-0.2839285731315613,0.0294642858207225,-0.6830357313156128,0.0192857142537832,0.0032142857089638,-0.0,-1.0,-0.576789140701294,0.0462572090327739,-0.6523898839950562,0.0002222081529907,-0.0683500990271568,-0.0162406638264656,-1.0193557739257812,517.1227499376982,0.29286056756973267,0.016792923212051402,0.03064584732055664,0.0190635061007925,0.0715643847361206,0.0162406638264656,0.01935577392578125,0.2949380990398946,0.07581977043646804,0.01935577392578125,0.06664623809878581,0.9460682586965626,True
3,44,800,288,287,0.1533101045296167,contradictory,put the cream cheese box in the basket but leave the butter outside the basket,2026080810,7130044,sha256:c1f2765665b50c8e,mps:0,-0.2839285731315613,0.0294642858207225,-0.6830357313156128,0.0192857142537832,0.0032142857089638,-0.0,-1.0,-0.5848731398582458,0.0611623860895633,-0.5542912483215332,-0.0006116097210906,-0.0578781254589557,-0.0094227483496069,-1.0084998607635498,546.3400830049068,0.30094456672668457,0.031698100268840804,0.1287444829940796,0.0198973239748738,0.061092411167919504,0.0094227483496069,0.008499860763549805,0.32885793848465666,0.06493823519415386,0.008499860763549805,0.08004278489222214,0.9134574821074853,True
3,44,800,288,287,0.1533101045296167,unrelated,open the top drawer of the cabinet,2026080810,7130044,sha256:c1f2765665b50c8e,mps:0,-0.2839285731315613,0.0294642858207225,-0.6830357313156128,0.0192857142537832,0.0032142857089638,-0.0,-1.0,-0.5520903468132019,0.1659717559814453,-0.569003164768219,-0.012719003483653,-0.0230440869927406,0.0526041835546493,-1.0285857915878296,539.4287498202175,0.2681617736816406,0.13650747016072282,0.1140325665473938,0.0320047177374362,0.026258372701704398,0.0526041835546493,0.02858579158782959,0.3217894536916179,0.06694030341913468,0.02858579158782959,0.09402212513876809,0.9177111602330701,True
3,71,827,288,287,0.2473867595818815,correct,put both the cream cheese box and the butter in the basket,2026080810,7130071,sha256:f0d40877179d5471,mps:0,0.2491071373224258,0.0160714294761419,0.7633928656578064,-0.0717857107520103,0.1403571367263794,0.0428571440279483,1.0,0.0812312290072441,0.1378621309995651,0.98175048828125,-0.0032120202668011,0.0109669994562864,0.0516448244452476,0.993812620639801,545.3133750706911,0.16787590831518168,0.1217907015234232,0.2183576226234436,0.0685736904852092,0.129390137270093,0.008787680417299298,0.006187379360198975,0.3011566816923992,0.14670167680245294,0.006187379360198975,0.10299473142783556,0.9661983462196386,True
3,71,827,288,287,0.2473867595818815,paraphrase,place the cream cheese box and the butter together inside the basket,2026080810,7130071,sha256:f0d40877179d5471,mps:0,0.2491071373224258,0.0160714294761419,0.7633928656578064,-0.0717857107520103,0.1403571367263794,0.0428571440279483,1.0,0.0093587152659893,0.1950826197862625,0.984869122505188,-0.0025400668382644,0.0089721623808145,0.0456383600831031,0.9912568926811218,516.6450419928879,0.23974842205643648,0.1790111903101206,0.2214762568473816,0.06924564391374591,0.1313849743455649,0.0027812160551547935,0.008743107318878174,0.3722580348117751,0.14854193296022336,0.008743107318878174,0.12177011583532606,0.9390987990855548,True
3,71,827,288,287,0.2473867595818815,contradictory,put the cream cheese box in the basket but leave the butter outside the basket,2026080810,7130071,sha256:f0d40877179d5471,mps:0,0.2491071373224258,0.0160714294761419,0.7633928656578064,-0.0717857107520103,0.1403571367263794,0.0428571440279483,1.0,0.0615665614604949,0.1338285505771637,0.9420069456100464,-0.0054416744969785,0.0104993358254432,0.0285867135971784,0.9988955855369568,550.7137500680983,0.1875405758619309,0.1177571211010218,0.17861407995224,0.06634403625503181,0.12985780090093618,0.014270430430769903,0.0011044144630432129,0.2845016638295997,0.14652039034248987,0.0011044144630432129,0.09935549413785341,0.9618984572564827,True
3,71,827,288,287,0.2473867595818815,unrelated,open the top drawer of the cabinet,2026080810,7130071,sha256:f0d40877179d5471,mps:0,0.2491071373224258,0.0160714294761419,0.7633928656578064,-0.0717857107520103,0.1403571367263794,0.0428571440279483,1.0,-0.1829206645488739,0.0197175666689872,0.1617375612258911,-0.0179680194705724,0.0023985633160918,0.1517959237098693,0.989539921283722,525.3099168185145,0.4320278018712997,0.003646137192845303,0.6016553044319153,0.0538176912814379,0.13795857341028758,0.108938779681921,0.010460078716277965,0.7407094040561634,0.18383843338881017,0.010460078716277965,0.19264348094085498,0.3975604114817869,True
3,73,829,288,287,0.2543554006968641,correct,put both the cream cheese box and the butter in the basket,2026080810,7130073,sha256:35b819b4db1b177d,mps:0,0.3160714209079742,0.0616071410477161,0.8812500238418579,-0.0460714288055896,0.1114285737276077,0.0460714288055896,1.0,0.1072640717029571,0.0191034749150276,0.9370245933532716,-0.0007197515224106,0.0191787853837013,-0.0034272070042788,0.9855886101722716,550.7490411400795,0.2088073492050171,0.042503666132688495,0.055774569511413685,0.045351677283179,0.0922497883439064,0.0494986358098684,0.014411389827728383,0.22026773100236113,0.11409168694050908,0.014411389827728383,0.07265672515911449,0.9726058834503362,True
3,73,829,288,287,0.2543554006968641,paraphrase,place the cream cheese box and the butter together inside the basket,2026080810,7130073,sha256:35b819b4db1b177d,mps:0,0.3160714209079742,0.0616071410477161,0.8812500238418579,-0.0460714288055896,0.1114285737276077,0.0460714288055896,1.0,0.0443267747759819,0.0812736898660659,0.9352115392684937,-0.0004259782726876,0.020278850570321,-0.0029356183949857,0.9899036288261414,529.1713329497725,0.2717446461319923,0.019666548818349797,0.05396151542663574,0.045645450532902,0.0911497231572867,0.0490070472005753,0.010096371173858643,0.27774767504151193,0.11310822189974089,0.010096371173858643,0.07732447177737148,0.9562563200047214,True
3,73,829,288,287,0.2543554006968641,contradictory,put the cream cheese box in the basket but leave the butter outside the basket,2026080810,7130073,sha256:35b819b4db1b177d,mps:0,0.3160714209079742,0.0616071410477161,0.8812500238418579,-0.0460714288055896,0.1114285737276077,0.0460714288055896,1.0,0.0895768105983734,0.0182212591171264,0.8888894319534302,-0.000917506229598,0.0239972919225692,-0.0139001468196511,1.000208020210266,542.4520000815392,0.22649461030960077,0.043385881930589704,0.007639408111572266,0.0451539225759916,0.08743128180503851,0.0599715756252407,0.00020802021026589124,0.23073903832357484,0.11523756178019676,0.00020802021026589124,0.0671835286526142,0.9694381781599344,True
3,73,829,288,287,0.2543554006968641,unrelated,open the top drawer of the cabinet,2026080810,7130073,sha256:35b819b4db1b177d,mps:0,0.3160714209079742,0.0616071410477161,0.8812500238418579,-0.0460714288055896,0.1114285737276077,0.0460714288055896,1.0,-0.0489938855171203,-0.0514267534017562,0.1863568723201751,-0.0034728711470961,0.0296901650726795,0.0115790851414203,1.004236102104187,558.0095830373466,0.3650653064250945,0.1130338944494723,0.6948931515216829,0.0425985576584935,0.08173840865492821,0.0344923436641693,0.004236102104187012,0.7930484419513092,0.09841507168859452,0.004236102104187012,0.19086539492543256,0.7779771512593335,True
3,95,851,288,287,0.3310104529616725,correct,put both the cream cheese box and the butter in the basket,2026080810,7130095,sha256:862dd7670abe81e6,mps:0,-0.3616071343421936,0.8116071224212646,0.0803571417927742,0.0,-0.0289285723119974,-0.0,1.0,-0.2129374146461486,0.7691823840141296,0.4381639659404754,-0.0082408403977751,0.0705929547548294,0.0470023453235626,0.986955463886261,545.2664999756962,0.148669719696045,0.04242473840713501,0.3578068241477012,0.0082408403977751,0.0995215270668268,0.0470023453235626,0.013044536113739014,0.38977976780494705,0.11037058605484601,0.013044536113739014,0.1023872187361121,0.9066871730298441,True
3,95,851,288,287,0.3310104529616725,paraphrase,place the cream cheese box and the butter together inside the basket,2026080810,7130095,sha256:862dd7670abe81e6,mps:0,-0.3616071343421936,0.8116071224212646,0.0803571417927742,0.0,-0.0289285723119974,-0.0,1.0,-0.2061256468296051,0.8174113035202026,0.3212871849536896,-0.0070751584134995,0.0581267438828945,0.0389716103672981,0.9905572533607484,515.7440830953419,0.1554814875125885,0.005804181098937988,0.24093004316091537,0.0070751584134995,0.0870553161948919,0.0389716103672981,0.009442746639251598,0.28680213941823557,0.09564241924475361,0.009442746639251598,0.07782293476962614,0.9489622281944959,True
3,95,851,288,287,0.3310104529616725,contradictory,put the cream cheese box in the basket but leave the butter outside the basket,2026080810,7130095,sha256:862dd7670abe81e6,mps:0,-0.3616071343421936,0.8116071224212646,0.0803571417927742,0.0,-0.0289285723119974,-0.0,1.0,-0.107716716825962,0.7641230225563049,0.4618412554264068,-0.0033132925163954,0.0575525686144828,0.0266447272151708,0.9889538884162904,528.7330411374569,0.2538904175162316,0.04748409986495972,0.3814841136336326,0.0033132925163954,0.08648114092648021,0.0266447272151708,0.011046111583709606,0.4607007844592737,0.09055333860005271,0.011046111583709606,0.11576341475093999,0.8677637451748131,True
3,95,851,288,287,0.3310104529616725,unrelated,open the top drawer of the cabinet,2026080810,7130095,sha256:862dd7670abe81e6,mps:0,-0.3616071343421936,0.8116071224212646,0.0803571417927742,0.0,-0.0289285723119974,-0.0,1.0,-0.0474101528525352,0.1380953788757324,0.4980708658695221,-0.0124259460717439,0.1365288197994232,0.0984757170081138,1.0297019481658936,530.6617501191795,0.3141969814896584,0.6735117435455322,0.4177137240767479,0.0124259460717439,0.16545739211142058,0.0984757170081138,0.029701948165893555,0.8525388948036453,0.19294563892545585,0.029701948165893555,0.24449763606701577,0.3655034773152266,True
3,106,862,288,287,0.3693379790940767,correct,put both the cream cheese box and the butter in the basket,2026080810,7130106,sha256:3ee6dd6a377b9231,mps:0,-0.0562499985098838,0.8142856955528259,0.0696428567171096,0.0,-0.0299999993294477,-0.0,1.0,-0.1149842664599418,0.8538958430290222,0.0289374738931655,0.0205805096775293,-0.0053103556856513,0.0025078398175537,0.968365490436554,541.6597919538617,0.058734267950058,0.03961014747619629,0.04070538282394409,0.0205805096775293,0.024689643643796402,0.0025078398175537,0.031634509563446045,0.08170438302538655,0.03224011697241561,0.031634509563446045,0.031208900136074833,0.9965764907981565,True
3,106,862,288,287,0.3693379790940767,paraphrase,place the cream cheese box and the butter together inside the basket,2026080810,7130106,sha256:3ee6dd6a377b9231,mps:0,-0.0562499985098838,0.8142856955528259,0.0696428567171096,0.0,-0.0299999993294477,-0.0,1.0,-0.0803024694323539,0.859453022480011,-0.0366599112749099,0.0181622449308633,-0.0103513104841113,0.0008961739949882,0.9741485714912416,534.4477498438209,0.024052470922470107,0.04516732692718506,0.10630276799201949,0.0181622449308633,0.019648688845336403,0.0008961739949882,0.025851428508758434,0.11797833386681052,0.026772023496531037,0.025851428508758434,0.03429730030308871,0.9915837349474241,True
3,106,862,288,287,0.3693379790940767,contradictory,put the cream cheese box in the basket but leave the butter outside the basket,2026080810,7130106,sha256:3ee6dd6a377b9231,mps:0,-0.0562499985098838,0.8142856955528259,0.0696428567171096,0.0,-0.0299999993294477,-0.0,1.0,-0.0154579356312751,0.8152638673782349,0.0434130951762199,0.0223473943769931,-0.0140906320884823,-0.0081503000110387,0.96408349275589,524.7229998931289,0.0407920628786087,0.0009781718254089355,0.0262297615408897,0.0223473943769931,0.0159093672409654,0.0081503000110387,0.035916507244109996,0.048507211881372095,0.028617152054645538,0.035916507244109996,0.021474795016859217,0.9982463990499217,True
3,106,862,288,287,0.3693379790940767,unrelated,open the top drawer of the cabinet,2026080810,7130106,sha256:3ee6dd6a377b9231,mps:0,-0.0562499985098838,0.8142856955528259,0.0696428567171096,0.0,-0.0299999993294477,-0.0,1.0,-0.0667539313435554,0.1812060475349426,-0.1857132613658905,0.0719011127948761,0.0151126384735107,0.0015172315761446,0.986744225025177,535.0735001266003,0.010503932833671598,0.6330796480178833,0.25535611808300007,0.0719011127948761,0.045112637802958405,0.0015172315761446,0.013255774974822998,0.6827202358080801,0.08489535972206054,0.013255774974822998,0.14724663658333673,0.6304725602352351,True
3,115,871,288,287,0.4006968641114982,correct,put both the cream cheese box and the butter in the basket,2026080810,7130115,sha256:a078afaece9649c1,mps:0,0.0,0.7767857313156128,-0.2758928537368774,0.0,-0.0514285713434219,-0.0203571431338787,1.0,-0.1147492006421089,0.8607054948806763,-0.0497833676636219,-0.0022833051625639,0.0479819029569625,-0.0023711931426078,0.9953178763389589,532.4762919917703,0.1147492006421089,0.08391976356506348,0.22610948607325548,0.0022833051625639,0.09941047430038441,0.0179859499912709,0.004682123661041149,0.2670868874676008,0.10105023641823545,0.004682123661041149,0.0784486147708126,0.951689894663763,True
3,115,871,288,287,0.4006968641114982,paraphrase,place the cream cheese box and the butter together inside the basket,2026080810,7130115,sha256:a078afaece9649c1,mps:0,0.0,0.7767857313156128,-0.2758928537368774,0.0,-0.0514285713434219,-0.0203571431338787,1.0,-0.0717324838042259,0.8635954260826111,-0.1146975755691528,-0.0025421858299523,0.0351306274533271,-0.0059060412459075,0.9926506876945496,507.9863329883665,0.0717324838042259,0.08680969476699829,0.16119527816772458,0.0025421858299523,0.086559198796749,0.014451101887971201,0.0073493123054504395,0.19663516990058783,0.08779403140820935,0.0073493123054504395,0.06151989365129596,0.9748910958395949,True
3,115,871,288,287,0.4006968641114982,contradictory,put the cream cheese box in the basket but leave the butter outside the basket,2026080810,7130115,sha256:a078afaece9649c1,mps:0,0.0,0.7767857313156128,-0.2758928537368774,0.0,-0.0514285713434219,-0.0203571431338787,1.0,-0.0024663135409355,0.8250141143798828,0.0149259716272354,-0.0007253913790918,0.025668054819107,-0.0148311080411076,0.9897213578224182,551.7010830808431,0.0024663135409355,0.04822838306427002,0.2908188253641128,0.0007253913790918,0.07709662616252891,0.0055260350927711,0.010278642177581787,0.29480103259934237,0.07729782029361588,0.010278642177581787,0.062162888111613135,0.9361161119977803,True
3,115,871,288,287,0.4006968641114982,unrelated,open the top drawer of the cabinet,2026080810,7130115,sha256:a078afaece9649c1,mps:0,0.0,0.7767857313156128,-0.2758928537368774,0.0,-0.0514285713434219,-0.0203571431338787,1.0,0.1282286942005157,-0.1608800888061523,0.4748193919658661,-0.0031324704177677,0.152321770787239,-0.0365640297532081,1.0010701417922974,530.1077500917017,0.1282286942005157,0.9376658201217651,0.7507122457027435,0.0031324704177677,0.2037503421306609,0.016206886619329397,0.0010701417922973633,1.2079853741205016,0.2044178990772857,0.0010701417922973633,0.29153808585501145,-0.6000674501251203,True
3,141,897,288,287,0.4912891986062718,correct,put both the cream cheese box and the butter in the basket,2026080810,7130141,sha256:731b96fc43778bc7,mps:0,-0.010714286006987,-0.356249988079071,0.3026785850524902,0.0192857142537832,0.0,-0.0214285720139741,-1.0,0.1438502669334411,-0.3915039896965027,0.3522364497184753,0.008009010925889,0.1146929711103439,-0.0009461622685194,-1.001960039138794,557.2251670528203,0.15456455294042812,0.035254001617431696,0.04955786466598511,0.011276703327894202,0.1146929711103439,0.020482409745454698,0.0019600391387939453,0.16609945095023154,0.11705200027784327,0.0019600391387939453,0.05539836322090452,0.9579813126186305,True
3,141,897,288,287,0.4912891986062718,paraphrase,place the cream cheese box and the butter together inside the basket,2026080810,7130141,sha256:731b96fc43778bc7,mps:0,-0.010714286006987,-0.356249988079071,0.3026785850524902,0.0192857142537832,0.0,-0.0214285720139741,-1.0,0.0481931418180465,-0.2413697838783264,0.3019685745239258,0.0057933232747018,0.107944019138813,-9.45129431784153e-05,-1.006231427192688,520.0556248892099,0.0589074278250335,0.1148802042007446,0.0007100105285643976,0.013492390979081403,0.107944019138813,0.021334059070795684,0.006231427192687988,0.1291048042681487,0.11085620396986821,0.006231427192687988,0.04621421984796008,0.9709573479903609,True
3,141,897,288,287,0.4912891986062718,contradictory,put the cream cheese box in the basket but leave the butter outside the basket,2026080810,7130141,sha256:731b96fc43778bc7,mps:0,-0.010714286006987,-0.356249988079071,0.3026785850524902,0.0192857142537832,0.0,-0.0214285720139741,-1.0,0.0519836321473121,-0.1407612115144729,0.4060481190681457,0.0036963557358831,0.139585867524147,-0.0094430046156048,-1.003978252410889,543.3681251015514,0.0626979181542991,0.21548877656459808,0.10336953401565552,0.015589358517900102,0.139585867524147,0.0119855673983693,0.003978252410888894,0.2470864268404969,0.14096416685572682,0.003978252410888894,0.07895646779797971,0.8521670100871708,True
3,141,897,288,287,0.4912891986062718,unrelated,open the top drawer of the cabinet,2026080810,7130141,sha256:731b96fc43778bc7,mps:0,-0.010714286006987,-0.356249988079071,0.3026785850524902,0.0192857142537832,0.0,-0.0214285720139741,-1.0,-0.0172168761491775,-0.3213995099067688,0.3904053270816803,-0.0003696438507176,0.1287810951471328,0.0306512732058763,-1.010162591934204,536.9504580739886,0.0065025901421905,0.03485047817230219,0.08772674202919012,0.0196553581045008,0.1287810951471328,0.0520798452198504,0.010162591934204102,0.09461934672386771,0.14029687754057327,0.010162591934204102,0.04853695724991014,0.9841927864985853,True
3,144,900,288,287,0.5017421602787456,correct,put both the cream cheese box and the butter in the basket,2026080810,7130144,sha256:68fb8f90726110e8,mps:0,0.0214285720139741,-0.6776785850524902,0.2705357074737549,0.0524999983608722,0.0,-0.0,-1.0,0.2659278213977813,-0.8836770057678223,0.0471547618508338,0.0668104290962219,-0.0703407898545265,0.0421347916126251,-1.0138262510299685,583.5494580678642,0.2444992493838072,0.20599842071533203,0.22338094562292107,0.014310430735349697,0.0703407898545265,0.0421347916126251,0.013826251029968484,0.39001830617785943,0.08323434272840294,0.013826251029968484,0.11635583985064715,0.9151515941485191,True
3,144,900,288,287,0.5017421602787456,paraphrase,place the cream cheese box and the butter together inside the basket,2026080810,7130144,sha256:68fb8f90726110e8,mps:0,0.0214285720139741,-0.6776785850524902,0.2705357074737549,0.0524999983608722,0.0,-0.0,-1.0,0.2182619273662567,-0.892407238483429,-0.0326392874121665,0.076107308268547,-0.0977841541171073,0.0441177263855934,-1.007826566696167,518.801957834512,0.1968333553522826,0.21472865343093872,0.30317499488592137,0.023607309907674803,0.0977841541171073,0.0441177263855934,0.007826566696166992,0.42043648974319603,0.10984270416786576,0.007826566696166992,0.1268675372536693,0.8949936271301503,True
3,144,900,288,287,0.5017421602787456,contradictory,put the cream cheese box in the basket but leave the butter outside the basket,2026080810,7130144,sha256:68fb8f90726110e8,mps:0,0.0214285720139741,-0.6776785850524902,0.2705357074737549,0.0524999983608722,0.0,-0.0,-1.0,0.1166654378175735,-0.7988464832305908,0.1356496214866638,0.0702985525131225,-0.0540564656257629,0.023742051795125,-1.0002771615982056,537.1210838202387,0.09523686580359941,0.12116789817810059,0.1348860859870911,0.017798554152250304,0.0540564656257629,0.023742051795125,0.0002771615982055664,0.20480716869755386,0.06166502273819633,0.0002771615982055664,0.0638807261628764,0.9714785829105951,True
3,144,900,288,287,0.5017421602787456,unrelated,open the top drawer of the cabinet,2026080810,7130144,sha256:68fb8f90726110e8,mps:0,0.0214285720139741,-0.6776785850524902,0.2705357074737549,0.0524999983608722,0.0,-0.0,-1.0,-0.0075473710894584,-0.789848268032074,0.1415955126285553,0.0567474700510501,-0.0908140242099762,0.0780767276883125,-1.0008701086044312,528.4450410399586,0.0289759431034325,0.11216968297958374,0.12894019484519958,0.004247471690177904,0.0908140242099762,0.0780767276883125,0.0008701086044311523,0.1733413306317674,0.11983823853630322,0.0008701086044311523,0.0634420218744448,0.9788374585107672,True
3,160,916,288,287,0.5574912891986062,correct,put both the cream cheese box and the butter in the basket,2026080810,7130160,sha256:deae463731ed7c13,mps:0,0.5035714507102966,0.0,-0.6267856955528259,-0.0460714288055896,-0.0299999993294477,-0.02357142791152,-1.0,-0.2889145314693451,-0.0615845918655395,-0.7697697877883911,-0.034766498953104,-0.1899441927671432,0.0016364767216145,-0.9736760258674622,531.0676249209791,0.7924859821796417,0.0615845918655395,0.14298409223556519,0.011304929852485601,0.1599441934376955,0.0252079046331345,0.026323974132537842,0.8076330506727081,0.16231261475744202,0.026323974132537842,0.1742622383338,0.5083463581996952,True
3,160,916,288,287,0.5574912891986062,paraphrase,place the cream cheese box and the butter together inside the basket,2026080810,7130160,sha256:deae463731ed7c13,mps:0,0.5035714507102966,0.0,-0.6267856955528259,-0.0460714288055896,-0.0299999993294477,-0.02357142791152,-1.0,-0.4016607105731964,-0.0493560433387756,-0.7894245386123657,-0.0276916716247797,-0.1821281313896179,-0.0129053629934787,-0.9802772998809814,524.1576659027487,0.905232161283493,0.0493560433387756,0.1626388430595398,0.0183797571808099,0.1521281320601702,0.0106660649180413,0.019722700119018555,0.9210497696149696,0.15360517237052268,0.019722700119018555,0.18830338599426405,0.4101441455138993,True
3,160,916,288,287,0.5574912891986062,contradictory,put the cream cheese box in the basket but leave the butter outside the basket,2026080810,7130160,sha256:deae463731ed7c13,mps:0,0.5035714507102966,0.0,-0.6267856955528259,-0.0460714288055896,-0.0299999993294477,-0.02357142791152,-1.0,-0.4786630868911743,-0.0041286274790763,-0.7471656203269958,-0.0126101924106478,-0.1329726278781891,-0.0143260806798934,-0.9921779036521912,531.3627088908106,0.982234537601471,0.0041286274790763,0.12037992477416992,0.0334612363949418,0.10297262854874138,0.0092453472316266,0.007822096347808838,0.989592369973956,0.10866689015863384,0.007822096347808838,0.18003491405397654,0.3185548286511374,True
3,160,916,288,287,0.5574912891986062,unrelated,open the top drawer of the cabinet,2026080810,7130160,sha256:deae463731ed7c13,mps:0,0.5035714507102966,0.0,-0.6267856955528259,-0.0460714288055896,-0.0299999993294477,-0.02357142791152,-1.0,-0.4456661343574524,0.2337345778942108,-0.4815158247947693,-0.0217081904411315,-0.1372896432876587,0.0005969679914414,-1.0148329734802246,527.4945830460638,0.949237585067749,0.2337345778942108,0.14526987075805664,0.024363238364458098,0.10728964395821099,0.024168395902961402,0.01483297348022461,0.9883254429380534,0.11264433605292973,0.01483297348022461,0.2141280407751245,0.13818407944756353,True
3,178,934,288,287,0.6202090592334495,correct,put both the cream cheese box and the butter in the basket,2026080810,7130178,sha256:fff4b947e197a405,mps:0,-0.2223214358091354,-0.0535714291036129,-0.4767857193946838,0.0,0.01178571395576,0.0278571434319019,-1.0,0.0820600911974906,0.0962837561964988,0.1024105176329612,-0.0235630199313163,0.0262594744563102,-0.01375019736588,0.9861403107643129,545.0876250397414,0.304381527006626,0.14985518530011172,0.579196237027645,0.0235630199313163,0.014473760500550199,0.0416073407977819,1.9861403107643127,0.6712473251575757,0.04995874757811351,1.9861403107643127,0.44274534018976347,-0.8392091828835834,True
3,178,934,288,287,0.6202090592334495,paraphrase,place the cream cheese box and the butter together inside the basket,2026080810,7130178,sha256:fff4b947e197a405,mps:0,-0.2223214358091354,-0.0535714291036129,-0.4767857193946838,0.0,0.01178571395576,0.0278571434319019,-1.0,0.0215608961880207,0.0662248656153678,0.0749965980648994,-0.0191016588360071,0.0142799196764826,-0.0211052615195512,0.986015260219574,516.1687498912215,0.24388233199715612,0.1197962947189807,0.5517823174595832,0.0191016588360071,0.002494205720722599,0.0489624049514531,1.986015260219574,0.6150556641067833,0.0526156966227244,1.986015260219574,0.4245763534147824,-0.8148165607834061,True
3,178,934,288,287,0.6202090592334495,contradictory,put the cream cheese box in the basket but leave the butter outside the basket,2026080810,7130178,sha256:fff4b947e197a405,mps:0,-0.2223214358091354,-0.0535714291036129,-0.4767857193946838,0.0,0.01178571395576,0.0278571434319019,-1.0,0.0510254427790641,0.0732849687337875,0.1153869703412056,-0.01911929436028,0.0277835167944431,-0.0151705760508775,0.9865276217460632,526.6346249263734,0.2733468785881995,0.12685639783740038,0.5921726897358894,0.01911929436028,0.0159978028386831,0.0430277194827794,1.9865276217460632,0.664439279524646,0.04972787705491926,1.9865276217460632,0.43672120065561365,-0.910971813840659,True
3,178,934,288,287,0.6202090592334495,unrelated,open the top drawer of the cabinet,2026080810,7130178,sha256:fff4b947e197a405,mps:0,-0.2223214358091354,-0.0535714291036129,-0.4767857193946838,0.0,0.01178571395576,0.0278571434319019,-1.0,0.0813713148236274,0.1311246752738952,0.0797753557562828,-0.0209470521658658,0.0390181429684162,-0.0226615294814109,0.9795729517936708,541.4611669257283,0.3036927506327628,0.1846961043775081,0.5565610751509666,0.0209470521658658,0.027232429012656198,0.0505186729133128,1.9795729517936707,0.6603803208245388,0.061094357327752834,1.9795729517936707,0.44617443372096327,-0.6874501650843134,True
3,192,948,288,287,0.6689895470383276,correct,put both the cream cheese box and the butter in the basket,2026080810,7130192,sha256:60111792f7665bca,mps:0,-0.0348214283585548,0.0428571440279483,0.1178571432828903,-0.0364285707473754,0.0192857142537832,0.0439285710453987,1.0,0.0943164750933647,-0.0613807886838912,0.3928145170211792,-0.060941457748413,0.0497264638543129,-0.012148167937994,0.9846418499946594,535.1829589344561,0.1291379034519195,0.10423793271183951,0.2749573737382889,0.024512887001037605,0.030440749600529695,0.0560767389833927,0.015358150005340576,0.32115993227215056,0.06835291888704784,0.015358150005340576,0.09067453364176406,0.7592991845032372,True
3,192,948,288,287,0.6689895470383276,paraphrase,place the cream cheese box and the butter together inside the basket,2026080810,7130192,sha256:60111792f7665bca,mps:0,-0.0348214283585548,0.0428571440279483,0.1178571432828903,-0.0364285707473754,0.0192857142537832,0.0439285710453987,1.0,0.0023241452872753,-0.054116740822792,0.2747995853424072,-0.0595361962914466,0.0408207215368747,-0.0110110705718398,0.987489640712738,517.4154578708112,0.0371455736458301,0.0969738848507403,0.1569424420595169,0.023107625544071204,0.0215350072830915,0.0549396416172385,0.012510359287261963,0.18818782666295727,0.06337257386281876,0.012510359287261963,0.05759350489825006,0.8225962631598346,True
3,192,948,288,287,0.6689895470383276,contradictory,put the cream cheese box in the basket but leave the butter outside the basket,2026080810,7130192,sha256:60111792f7665bca,mps:0,-0.0348214283585548,0.0428571440279483,0.1178571432828903,-0.0364285707473754,0.0192857142537832,0.0439285710453987,1.0,-0.0295854359865188,-0.0525029450654983,0.0994873717427253,-0.053230345249176,0.047831941395998,-0.0122428629547357,0.9935328364372252,526.5856659971178,0.005235992372035998,0.09536008909344659,0.018369771540165003,0.0168017745018006,0.0285462271422148,0.0561714340001344,0.006467163562774769,0.09725436090205902,0.06521055672278632,0.006467163562774769,0.03242177888751031,0.6939338597615898,True
3,192,948,288,287,0.6689895470383276,unrelated,open the top drawer of the cabinet,2026080810,7130192,sha256:60111792f7665bca,mps:0,-0.0348214283585548,0.0428571440279483,0.1178571432828903,-0.0364285707473754,0.0192857142537832,0.0439285710453987,1.0,-0.0481418669223785,-0.0240167677402496,-0.0451227314770221,-0.0460541062057018,0.0700080171227455,-0.0153613863512873,0.9922516942024232,533.3064999431372,0.0133204385638237,0.0668739117681979,0.1629798747599124,0.009625535458326402,0.0507223028689623,0.059289957396686,0.007748305797576793,0.1766691646424753,0.07861744074498407,0.007748305797576793,0.05293718951621222,-0.5111036600346517,True
3,208,964,288,287,0.7247386759581882,correct,put both the cream cheese box and the butter in the basket,2026080810,7130208,sha256:3a9e85495d0a8362,mps:0,-0.1741071492433548,0.0,-0.0857142880558967,0.0,0.0407142862677574,0.0782142877578735,-1.0,-0.2408697009086609,0.0911695808172226,-0.500365674495697,0.0054710428230464,0.016172856092453,-0.0447836145758628,-0.9850910902023317,537.5992089975625,0.06676255166530609,0.0911695808172226,0.4146513864398003,0.0054710428230464,0.024541430175304402,0.1229979023337363,0.014908909797668346,0.4297730832051949,0.12554161892822746,0.014908909797668346,0.10578611486458349,0.7767196680661257,True
3,208,964,288,287,0.7247386759581882,paraphrase,place the cream cheese box and the butter together inside the basket,2026080810,7130208,sha256:3a9e85495d0a8362,mps:0,-0.1741071492433548,0.0,-0.0857142880558967,0.0,0.0407142862677574,0.0782142877578735,-1.0,-0.3844214081764221,0.0933213979005813,-0.7176858186721802,0.014972330071032,0.0048436345532536,-0.0476011782884597,-0.9800674319267272,516.7387921828777,0.21031425893306732,0.0933213979005813,0.6319715306162834,0.014972330071032,0.0358706517145038,0.1258154660463332,0.019932568073272816,0.6725540768787087,0.13168297467264015,0.019932568073272816,0.16174260047929628,0.8076768108777458,True
3,208,964,288,287,0.7247386759581882,contradictory,put the cream cheese box in the basket but leave the butter outside the basket,2026080810,7130208,sha256:3a9e85495d0a8362,mps:0,-0.1741071492433548,0.0,-0.0857142880558967,0.0,0.0407142862677574,0.0782142877578735,-1.0,-0.3153425455093384,0.0658263564109802,-0.5719632506370544,0.0080412300303578,0.011258253827691,-0.0494719892740249,-0.9821772575378418,530.9875409584492,0.14123539626598358,0.0658263564109802,0.48624896258115774,0.0080412300303578,0.0294560324400664,0.1276862770318984,0.017822742462158203,0.5106061103903937,0.13128634570959036,0.017822742462158203,0.12518814246037177,0.8158271132861252,True
3,208,964,288,287,0.7247386759581882,unrelated,open the top drawer of the cabinet,2026080810,7130208,sha256:3a9e85495d0a8362,mps:0,-0.1741071492433548,0.0,-0.0857142880558967,0.0,0.0407142862677574,0.0782142877578735,-1.0,-0.4041022062301636,0.2844650149345398,-0.5493735074996948,0.0013853753916919,-0.0008979309350252,-0.0483730435371398,-0.990242838859558,535.0567500572652,0.22999505698680878,0.2844650149345398,0.4636592194437981,0.0013853753916919,0.0416122172027826,0.1265873312950133,0.009757161140442006,0.5905911807124329,0.13325857694685514,0.009757161140442006,0.16535162519929664,0.8190101140579424,True
3,218,974,288,287,0.759581881533101,correct,put both the cream cheese box and the butter in the basket,2026080810,7130218,sha256:7ceb5a06cec3439b,mps:0,-0.2357142865657806,-0.0535714291036129,-0.4607142806053161,0.0,-0.0289285723119974,0.088928572833538,-1.0,-0.1637626588344574,-0.1652393043041229,-0.6338558793067932,0.0187725443392992,0.0661181658506393,0.0336713567376136,0.9675472378730774,545.9957919083536,0.07195162773132321,0.11166787520051,0.1731415987014771,0.0187725443392992,0.0950467381626367,0.0552572160959244,1.9675472378730774,0.21823098837215338,0.11153318244809238,1.9675472378730774,0.3561978340148926,0.966375936194604,True
3,218,974,288,287,0.759581881533101,paraphrase,place the cream cheese box and the butter together inside the basket,2026080810,7130218,sha256:7ceb5a06cec3439b,mps:0,-0.2357142865657806,-0.0535714291036129,-0.4607142806053161,0.0,-0.0289285723119974,0.088928572833538,-1.0,-0.2555115520954132,-0.2263738512992859,-0.6760037541389465,0.0307634994387626,0.0557930581271648,0.0345038324594497,0.9636377692222596,509.6264998428523,0.019797265529632596,0.172802422195673,0.21528947353363043,0.0307634994387626,0.0847216304391622,0.0544247403740883,1.9636377692222595,0.27677096353037134,0.10529102491084241,1.9636377692222595,0.3630624001047441,0.9740872784077369,True
3,218,974,288,287,0.759581881533101,contradictory,put the cream cheese box in the basket but leave the butter outside the basket,2026080810,7130218,sha256:7ceb5a06cec3439b,mps:0,-0.2357142865657806,-0.0535714291036129,-0.4607142806053161,0.0,-0.0289285723119974,0.088928572833538,-1.0,-0.1985330581665039,-0.2007923722267151,-0.5751281380653381,0.0140190506353974,0.078425332903862,0.0155913289636373,0.969515025615692,553.779625101015,0.037181228399276706,0.1472209431231022,0.11441385746002203,0.0140190506353974,0.1073539052158594,0.0733372438699007,1.9695150256156921,0.1901235930078566,0.13076599743146858,1.9695150256156921,0.3518630363313215,0.967535534773375,True
3,218,974,288,287,0.759581881533101,unrelated,open the top drawer of the cabinet,2026080810,7130218,sha256:7ceb5a06cec3439b,mps:0,-0.2357142865657806,-0.0535714291036129,-0.4607142806053161,0.0,-0.0289285723119974,0.088928572833538,-1.0,-0.2897697389125824,-0.1818600296974182,-0.6392807960510254,0.0086260149255394,0.0542938001453876,0.0298652220517396,0.9906954169273376,523.5095000825822,0.054055452346801786,0.1282886005938053,0.17856651544570928,0.0086260149255394,0.08322237245738501,0.059063350781798404,1.9906954169273376,0.22641986973134007,0.10241509076549758,1.9906954169273376,0.3575025319254824,0.9876363558410585,True
3,236,992,288,287,0.8222996515679443,correct,put both the cream cheese box and the butter in the basket,2026080810,7130236,sha256:b5e98b38dfddef2f,mps:0,0.3053571283817291,0.0,0.9375,-0.0171428564935922,0.0524999983608722,0.0074999998323619,1.0,0.5929439067840576,0.1574960350990295,0.945909857749939,-0.0619603805243968,0.0248239934444427,-0.0254820827394723,0.9742724299430848,548.0219591408968,0.2875867784023285,0.1574960350990295,0.008409857749938965,0.0448175240308046,0.0276760049164295,0.0329820825718342,0.025727570056915172,0.3279967711595938,0.06214812530689294,0.025727570056915172,0.08352797897532578,0.9606127701153107,True
3,236,992,288,287,0.8222996515679443,paraphrase,place the cream cheese box and the butter together inside the basket,2026080810,7130236,sha256:b5e98b38dfddef2f,mps:0,0.3053571283817291,0.0,0.9375,-0.0171428564935922,0.0524999983608722,0.0074999998323619,1.0,0.5022163987159729,0.2108065783977508,0.9403706789016724,-0.0578844621777534,0.0185650624334812,-0.0234731547534465,0.984667718410492,507.2902089450509,0.19685927033424377,0.2108065783977508,0.0028706789016723633,0.0407416056841612,0.033934935927391,0.030973154585808398,0.015332281589507946,0.2884462282812074,0.061406796163911634,0.015332281589507946,0.0759312150600765,0.9659105892151016,True
3,236,992,288,287,0.8222996515679443,contradictory,put the cream cheese box in the basket but leave the butter outside the basket,2026080810,7130236,sha256:b5e98b38dfddef2f,mps:0,0.3053571283817291,0.0,0.9375,-0.0171428564935922,0.0524999983608722,0.0074999998323619,1.0,0.5282089710235596,0.1720591187477111,0.880553126335144,-0.064543105661869,0.0274093002080917,-0.0266164392232894,0.9773895144462584,521.9225408509374,0.22285184264183044,0.1720591187477111,0.05694687366485596,0.047400249168276794,0.025090698152780498,0.0341164390556513,0.022610485553741566,0.2872459408473846,0.06356302517066535,0.022610485553741566,0.08301081528354967,0.9612940966330241,True
3,236,992,288,287,0.8222996515679443,unrelated,open the top drawer of the cabinet,2026080810,7130236,sha256:b5e98b38dfddef2f,mps:0,0.3053571283817291,0.0,0.9375,-0.0171428564935922,0.0524999983608722,0.0074999998323619,1.0,0.4364928603172302,0.1949574053287506,0.5895392298698425,-0.0623941607773304,0.0352498888969421,-0.0157851688563823,-0.988625705242157,524.9530000146478,0.1311357319355011,0.1949574053287506,0.34796077013015747,0.0452513042837382,0.017250109463930102,0.023285168688744202,1.988625705242157,0.4198591045009631,0.05373495972605086,1.988625705242157,0.3926380278675684,0.9166403912918519,True
3,252,1008,288,287,0.8780487804878049,correct,put both the cream cheese box and the butter in the basket,2026080810,7130252,sha256:eea64bbfbcc94f7c,mps:0,-0.3348214328289032,0.7285714149475098,0.1446428596973419,-0.0267857145518064,-0.0257142856717109,-0.0,1.0,-0.0583075210452079,0.6708483695983887,0.545995831489563,0.0064337258227169,0.0135461445897817,0.0019418885931372,0.9847126603126526,556.118750013411,0.2765139117836953,0.057723045349121094,0.40135297179222107,0.033219440374523304,0.0392604302614926,0.0019418885931372,0.015287339687347412,0.4907913012072905,0.05146536247246481,0.015287339687347412,0.11789986112021969,0.8314144231187768,True
3,252,1008,288,287,0.8780487804878049,paraphrase,place the cream cheese box and the butter together inside the basket,2026080810,7130252,sha256:eea64bbfbcc94f7c,mps:0,-0.3348214328289032,0.7285714149475098,0.1446428596973419,-0.0267857145518064,-0.0257142856717109,-0.0,1.0,-0.0854366198182106,0.7551731467247009,0.2720847725868225,0.0177844706922769,0.0033444827422499,0.0024291044101119,0.9812756180763244,512.5397501979023,0.2493848130106926,0.026601731777191162,0.12744191288948062,0.0445701852440833,0.0290587684139608,0.0024291044101119,0.018724381923675648,0.281321663323061,0.05326174971462477,0.018724381923675648,0.07117298538131371,0.9398776771087747,True
3,252,1008,288,287,0.8780487804878049,contradictory,put the cream cheese box in the basket but leave the butter outside the basket,2026080810,7130252,sha256:eea64bbfbcc94f7c,mps:0,-0.3348214328289032,0.7285714149475098,0.1446428596973419,-0.0267857145518064,-0.0257142856717109,-0.0,1.0,0.1048463881015777,0.5597294569015503,0.6725391149520874,-7.521203951910138e-05,0.0242892578244209,-0.0047340439632534,0.9858936667442322,526.5687080100179,0.4396678209304809,0.16884195804595947,0.5278962552547455,0.0267105025122873,0.0500035434961318,0.0047340439632534,0.014106333255767822,0.7074530767977014,0.05688775332946861,0.014106333255767822,0.17599435106551806,0.6545527047434438,True
3,252,1008,288,287,0.8780487804878049,unrelated,open the top drawer of the cabinet,2026080810,7130252,sha256:eea64bbfbcc94f7c,mps:0,-0.3348214328289032,0.7285714149475098,0.1446428596973419,-0.0267857145518064,-0.0257142856717109,-0.0,1.0,0.0671689137816429,0.0631433576345443,0.1017843261361122,-0.0026174327358603,0.0430768243968486,-0.0075354091823101,-0.9975208640098572,526.1849169619381,0.4019903466105461,0.6654280573129655,0.04285853356122969,0.024168281815946102,0.06879111006855951,0.0075354091823101,1.9975208640098572,0.7786061855176809,0.0733014669835775,1.9975208640098572,0.45832751465163063,0.3417406699792955,True
3,271,1027,288,287,0.9442508710801394,correct,put both the cream cheese box and the butter in the basket,2026080810,7130271,sha256:4e62ff205e999f05,mps:0,0.0,0.1607142835855484,-0.0,-0.0074999998323619,0.0,-0.0,-1.0,-0.0562683567404747,0.2348724156618118,0.1873859167098999,-0.0004233982181176,0.0177670791745185,0.0108865499496459,1.008036494255066,538.2272079586983,0.0562683567404747,0.0741581320762634,0.1873859167098999,0.0070766016142443005,0.0177670791745185,0.0108865499496459,2.008036494255066,0.20923440994378387,0.02200600742084918,2.008036494255066,0.337368447217159,0.7683423422635611,True
3,271,1027,288,287,0.9442508710801394,paraphrase,place the cream cheese box and the butter together inside the basket,2026080810,7130271,sha256:4e62ff205e999f05,mps:0,0.0,0.1607142835855484,-0.0,-0.0074999998323619,0.0,-0.0,-1.0,-0.1012449637055397,0.2885577082633972,0.0511911585927009,0.0005852134199813,0.0098183350637555,0.0138815082609653,1.0034723281860352,532.5721669942141,0.1012449637055397,0.12784342467784882,0.0511911585927009,0.0080852132523432,0.0098183350637555,0.0138815082609653,2.003472328186035,0.1709240141909846,0.018827284678340758,2.003472328186035,0.33079099024845554,0.9306539750896652,True
3,271,1027,288,287,0.9442508710801394,contradictory,put the cream cheese box in the basket but leave the butter outside the basket,2026080810,7130271,sha256:4e62ff205e999f05,mps:0,0.0,0.1607142835855484,-0.0,-0.0074999998323619,0.0,-0.0,-1.0,-0.0153156518936157,0.0724652856588363,0.237022578716278,-0.0002238815650343,0.0093709714710712,-0.0187965035438537,-1.0039609670639038,532.9348749946803,0.0153156518936157,0.0882489979267121,0.237022578716278,0.0072761182673276,0.0093709714710712,0.0187965035438537,0.003960967063903809,0.2533814469319122,0.022227585312531665,0.003960967063903809,0.054284541268966015,0.2918158765230657,True
3,271,1027,288,287,0.9442508710801394,unrelated,open the top drawer of the cabinet,2026080810,7130271,sha256:4e62ff205e999f05,mps:0,0.0,0.1607142835855484,-0.0,-0.0074999998323619,0.0,-0.0,-1.0,-0.0159534439444541,0.0734717324376106,0.2459279000759124,-0.0010703562293201,0.0175710245966911,-0.0018195605371147,-1.0043959617614746,540.9844999667257,0.0159534439444541,0.0872425511479378,0.2459279000759124,0.0064296436030418,0.0175710245966911,0.0018195605371147,0.004395961761474609,0.2614312665696996,0.0187987239670113,0.004395961761474609,0.054191440809518064,0.2857003083700271,True
3,287,1043,288,287,1.0,correct,put both the cream cheese box and the butter in the basket,2026080810,7130287,sha256:4b0bcb6641e6e384,mps:0,0.0,0.0,-0.0,0.0,0.0,-0.0225000008940696,-1.0,-0.0001183226704597,-0.0914785414934158,-0.0485188364982605,0.0072378455661237,0.0310060568153858,-0.0628920122981071,-0.9915919303894044,541.7995830066502,0.0001183226704597,0.0914785414934158,0.0485188364982605,0.0072378455661237,0.0310060568153858,0.0403920114040375,0.008408069610595592,0.10354909487369687,0.05143225206951261,0.008408069610595592,0.03245138343689694,,False
3,287,1043,288,287,1.0,paraphrase,place the cream cheese box and the butter together inside the basket,2026080810,7130287,sha256:4b0bcb6641e6e384,mps:0,0.0,0.0,-0.0,0.0,0.0,-0.0225000008940696,-1.0,-0.0241960957646369,-0.0842667818069458,-0.0913303643465042,0.0122839193791151,0.0196519736200571,-0.0574952289462089,-0.9953824281692504,511.7748330812901,0.0241960957646369,0.0842667818069458,0.0913303643465042,0.0122839193791151,0.0196519736200571,0.034995228052139296,0.004617571830749623,0.12660006721173608,0.041973333545207686,0.004617571830749623,0.03876313354287829,,False
3,287,1043,288,287,1.0,contradictory,put the cream cheese box in the basket but leave the butter outside the basket,2026080810,7130287,sha256:4b0bcb6641e6e384,mps:0,0.0,0.0,-0.0,0.0,0.0,-0.0225000008940696,-1.0,-0.0072061717510223,-0.0590430945158004,-0.0379294902086257,0.0044038924388587,0.0388281568884849,-0.071656122803688,-0.9922335147857666,520.418707979843,0.0072061717510223,0.0590430945158004,0.0379294902086257,0.0044038924388587,0.0388281568884849,0.04915612190961839,0.0077664852142333984,0.0705454615747406,0.06279605367507658,0.0077664852142333984,0.029190487560949115,,False
3,287,1043,288,287,1.0,unrelated,open the top drawer of the cabinet,2026080810,7130287,sha256:4b0bcb6641e6e384,mps:0,0.0,0.0,-0.0,0.0,0.0,-0.0225000008940696,-1.0,-0.0282958373427391,-0.0778413265943527,-0.0570711530745029,-0.0018305936828255,0.0403636768460273,-0.066311739385128,-1.0014607906341553,547.9960420634598,0.0282958373427391,0.0778413265943527,0.0570711530745029,0.0018305936828255,0.0403636768460273,0.04381173849105839,0.0014607906341552734,0.10058351281471914,0.05959904287294393,0.0014607906341552734,0.03581073095223731,,False
4,0,1044,244,243,0.0,correct,put both the cream cheese box and the butter in the basket,2026080811,7140000,sha256:e6c81482d64a9c72,mps:0,0.2169642895460128,-0.2705357074737549,0.0026785715017467,0.0,-0.0032142857089638,-0.0,-1.0,-0.0935079678893089,0.4942594468593597,-0.1114959865808487,4.466291284188628e-05,-0.0087158931419253,0.0103535000234842,-0.9686318635940552,542.9087078664452,0.3104722574353217,0.7647951543331146,0.1141745580825954,4.466291284188628e-05,0.0055016074329615,0.0103535000234842,0.031368136405944824,0.8332709525969049,0.01172453162640146,0.031368136405944824,0.17667283951803775,-0.8635450548899245,True
4,0,1044,244,243,0.0,paraphrase,place the cream cheese box and the butter together inside the basket,2026080811,7140000,sha256:e6c81482d64a9c72,mps:0,0.2169642895460128,-0.2705357074737549,0.0026785715017467,0.0,-0.0032142857089638,-0.0,-1.0,-0.0412127301096916,0.5211218595504761,-0.1467183232307434,0.0012692974414676,-0.0129082975909113,0.0090333363041281,-0.9687432646751404,509.248707909137,0.2581770196557044,0.791657567024231,0.1493968947324901,0.0012692974414676,0.0096940118819475,0.0090333363041281,0.03125673532485962,0.8459884804539228,0.01331112869540875,0.03125673532485962,0.17864069462354695,-0.7983069300900117,True
4,0,1044,244,243,0.0,contradictory,put the cream cheese box in the basket but leave the butter outside the basket,2026080811,7140000,sha256:e6c81482d64a9c72,mps:0,0.2169642895460128,-0.2705357074737549,0.0026785715017467,0.0,-0.0032142857089638,-0.0,-1.0,-0.0617177337408065,0.5649769306182861,-0.0697707086801529,0.0009554736316204,-0.0119350953027606,0.0001425580121576,-0.9658531546592712,521.1295420303941,0.2786820232868193,0.835512638092041,0.0724492801818996,0.0009554736316204,0.0087208095937968,0.0001425580121576,0.03414684534072876,0.8837386133431269,0.00877415366966014,0.03414684534072876,0.17580137544843763,-0.838072731575222,True
4,0,1044,244,243,0.0,unrelated,open the top drawer of the cabinet,2026080811,7140000,sha256:e6c81482d64a9c72,mps:0,0.2169642895460128,-0.2705357074737549,0.0026785715017467,0.0,-0.0032142857089638,-0.0,-1.0,-0.1619152724742889,0.2782782018184662,-0.2384428083896637,-0.0006608053226955,0.0074756871908903,0.0289338212460279,-0.9927929639816284,529.3126250617206,0.3788795620203017,0.5488139092922211,0.2411213798914104,0.0006608053226955,0.0106899728998541,0.0289338212460279,0.007207036018371582,0.7091445193964653,0.03085252333555901,0.007207036018371582,0.1737580695272689,-0.7992793992738261,True
4,15,1059,244,243,0.0617283950617283,correct,put both the cream cheese box and the butter in the basket,2026080811,7140015,sha256:2034d4e55961d2e6,mps:0,0.6803571581840515,-0.7151785492897034,-0.0776785686612129,0.004285714123398,-0.002142857061699,-0.002142857061699,-1.0,0.8196659088134766,-0.4713590741157532,-0.0962278172373771,-0.0090060448274016,0.0091674160212278,-0.0216328781098127,-0.9962411522865297,539.9647089652717,0.13930875062942505,0.2438194751739502,0.018549248576164204,0.0132917589507996,0.0113102730829268,0.019490021048113697,0.003758847713470348,0.2814230607089124,0.02616207280917272,0.003758847713470348,0.06421833931069285,0.9587590815626121,True
4,15,1059,244,243,0.0617283950617283,paraphrase,place the cream cheese box and the butter together inside the basket,2026080811,7140015,sha256:2034d4e55961d2e6,mps:0,0.6803571581840515,-0.7151785492897034,-0.0776785686612129,0.004285714123398,-0.002142857061699,-0.002142857061699,-1.0,0.8332933783531189,-0.4215705990791321,-0.2060322761535644,-0.0044197430834174,0.0044493740424513,-0.025396279990673,-1.0063683986663818,507.3449998162687,0.15293622016906738,0.2936079502105713,0.1283537074923515,0.0087054572068154,0.0065922311041503,0.023253422928973998,0.006368398666381836,0.35506307903453843,0.025689767885754722,0.006368398666381836,0.08854534111118739,0.9340347728782539,True
4,15,1059,244,243,0.0617283950617283,contradictory,put the cream cheese box in the basket but leave the butter outside the basket,2026080811,7140015,sha256:2034d4e55961d2e6,mps:0,0.6803571581840515,-0.7151785492897034,-0.0776785686612129,0.004285714123398,-0.002142857061699,-0.002142857061699,-1.0,0.7932831048965454,-0.3205794095993042,-0.1267053633928299,-0.0094669824466109,0.0089730368927121,-0.0229066703468561,-0.9991270303726196,527.747041080147,0.1129259467124939,0.39459913969039917,0.049026794731617,0.0137526965700089,0.0111158939544111,0.0207638132851571,0.0008729696273803711,0.4133574446976518,0.027273351526596695,0.0008729696273803711,0.08615103636735251,0.9093982999575527,True
4,15,1059,244,243,0.0617283950617283,unrelated,open the top drawer of the cabinet,2026080811,7140015,sha256:2034d4e55961d2e6,mps:0,0.6803571581840515,-0.7151785492897034,-0.0776785686612129,0.004285714123398,-0.002142857061699,-0.002142857061699,-1.0,0.4845035970211029,-0.5091620087623596,-0.1675920486450195,-0.0119696548208594,0.0221426300704479,0.0293314363807439,-0.9903197288513184,522.2382498905063,0.1958535611629486,0.20601654052734375,0.08991347998380661,0.0162553689442574,0.0242854871321469,0.0314742934424429,0.00968027114868164,0.29813732787737585,0.0429494243554044,0.00968027114868164,0.08192557176308968,0.9879271581073743,True
4,34,1078,244,243,0.139917695473251,correct,put both the cream cheese box and the butter in the basket,2026080811,7140034,sha256:2a8cd84398ceee9c,mps:0,0.0,-0.2437500059604644,-0.8491071462631226,0.0,-0.0375000014901161,-0.0171428564935922,-1.0,-0.2785418331623077,-0.0614994466304779,-0.6760663986206055,0.0155103141441941,-0.0536250993609428,0.0028985431417822,-0.996630847454071,540.9604168962687,0.2785418331623077,0.1822505593299865,0.1730407476425171,0.0155103141441941,0.0161250978708267,0.0200413996353744,0.003369152545928955,0.3751585258823169,0.03003741542709879,0.003369152545928955,0.09841130061873364,0.908705971479763,True
4,34,1078,244,243,0.139917695473251,paraphrase,place the cream cheese box and the butter together inside the basket,2026080811,7140034,sha256:2a8cd84398ceee9c,mps:0,0.0,-0.2437500059604644,-0.8491071462631226,0.0,-0.0375000014901161,-0.0171428564935922,-1.0,-0.4301316142082214,-0.0434614717960357,-0.687359631061554,0.0209171399474143,-0.0452950857579708,0.0029765199869871,-0.9954124093055724,509.0311251115054,0.4301316142082214,0.2002885341644287,0.1617475152015686,0.0209171399474143,0.007795084267854704,0.0201193764805793,0.004587590694427601,0.5012892988414848,0.030051279378588168,0.004587590694427601,0.12079812213778494,0.8283957857614963,True
4,34,1078,244,243,0.139917695473251,contradictory,put the cream cheese box in the basket but leave the butter outside the basket,2026080811,7140034,sha256:2a8cd84398ceee9c,mps:0,0.0,-0.2437500059604644,-0.8491071462631226,0.0,-0.0375000014901161,-0.0171428564935922,-1.0,-0.4986928701400757,-0.0367382615804672,-0.5958176851272583,0.0129628181457519,-0.0352385751903057,-0.0056747663766145,-0.9862216711044312,550.8830000180751,0.4986928701400757,0.2070117443799972,0.25328946113586426,0.0129628181457519,0.0022614262998103957,0.011468090116977699,0.013778328895568848,0.5964092488906356,0.01745467828750878,0.013778328895568848,0.1427806770162923,0.7492814638668645,True
4,34,1078,244,243,0.139917695473251,unrelated,open the top drawer of the cabinet,2026080811,7140034,sha256:2a8cd84398ceee9c,mps:0,0.0,-0.2437500059604644,-0.8491071462631226,0.0,-0.0375000014901161,-0.0171428564935922,-1.0,-0.4925630688667297,0.0877262204885482,-0.6856976747512817,0.0060509513132274,-0.0305514670908451,0.102348119020462,-0.9809958338737488,539.465291891247,0.4925630688667297,0.3314762264490126,0.16340947151184082,0.0060509513132274,0.0069485343992709975,0.11949097551405419,0.01900416612625122,0.6157901597882731,0.11984568983235566,0.01900416612625122,0.1627061991686267,0.747947914074026,True
4,44,1088,244,243,0.1810699588477366,correct,put both the cream cheese box and the butter in the basket,2026080811,7140044,sha256:6b070088ce538b6a,mps:0,-0.6294642686843872,-0.1044642850756645,-0.6642857193946838,0.0,0.0,-0.0192857142537832,-1.0,-0.252225786447525,-0.1119099259376525,-0.5309160351753235,0.0027954198885709,0.0016664071008563,-0.0238480344414711,-0.9956121444702148,548.7558338791132,0.3772384822368622,0.007445640861987998,0.13336968421936035,0.0027954198885709,0.0016664071008563,0.004562320187687898,0.004387855529785156,0.40018968342148575,0.005604110141154131,0.004387855529785156,0.0759236871464444,0.9492103478370995,True
4,44,1088,244,243,0.1810699588477366,paraphrase,place the cream cheese box and the butter together inside the basket,2026080811,7140044,sha256:6b070088ce538b6a,mps:0,-0.6294642686843872,-0.1044642850756645,-0.6642857193946838,0.0,0.0,-0.0192857142537832,-1.0,-0.3791227340698242,-0.1117022037506103,-0.5667557120323181,0.0053453501313924,-8.131936192512512e-05,-0.0277604982256889,-0.9946793913841248,521.3823330122977,0.250341534614563,0.00723791867494579,0.09753000736236572,0.0053453501313924,8.131936192512512e-05,0.008474783971905698,0.005320608615875244,0.26876639253452556,0.010020047117467581,0.005320608615875244,0.05347593181899614,0.9848585956688546,True
4,44,1088,244,243,0.1810699588477366,contradictory,put the cream cheese box in the basket but leave the butter outside the basket,2026080811,7140044,sha256:6b070088ce538b6a,mps:0,-0.6294642686843872,-0.1044642850756645,-0.6642857193946838,0.0,0.0,-0.0192857142537832,-1.0,-0.3912080526351928,-0.1039561629295349,-0.4201119244098663,0.0023763321805745,0.0034468730445951,-0.0292591601610183,-0.9921618103981018,541.1578749772161,0.2382562160491944,0.0005081221461296082,0.24417379498481756,0.0023763321805745,0.0034468730445951,0.009973445907235097,0.007838189601898193,0.3411555727692038,0.010816538803264877,0.007838189601898193,0.0723675677020635,0.997819152556203,True
4,44,1088,244,243,0.1810699588477366,unrelated,open the top drawer of the cabinet,2026080811,7140044,sha256:6b070088ce538b6a,mps:0,-0.6294642686843872,-0.1044642850756645,-0.6642857193946838,0.0,0.0,-0.0192857142537832,-1.0,-0.4193616211414337,-0.0446439832448959,-0.5102071166038513,-0.0013163015246391,0.0111076645553112,0.0239730030298233,-0.9924378395080566,545.2945420984179,0.2101026475429535,0.059820301830768606,0.15407860279083252,0.0013163015246391,0.0111076645553112,0.0432587172836065,0.007562160491943359,0.2673234124682272,0.044681422119266526,0.007562160491943359,0.06960662800286496,0.9964714956276219,True
4,57,1101,244,243,0.2345679012345679,correct,put both the cream cheese box and the butter in the basket,2026080811,7140057,sha256:2427e2ae1d0fa049,mps:0,0.0428571440279483,-0.0160714294761419,0.4312500059604645,-0.0503571443259716,0.0,0.0149999996647238,1.0,0.4515481889247894,0.2447272092103958,1.0123114585876465,-0.0376344993710517,0.0380086936056613,0.0434984639286994,0.995323121547699,571.6940418351442,0.40869104489684105,0.2607986386865377,0.581061452627182,0.012722644954919905,0.0380086936056613,0.028498464263975603,0.004676878452301025,0.7567540629879921,0.04918016825574188,0.004676878452301025,0.19063683106963122,0.9181282546887591,True
4,57,1101,244,243,0.2345679012345679,paraphrase,place the cream cheese box and the butter together inside the basket,2026080811,7140057,sha256:2427e2ae1d0fa049,mps:0,0.0428571440279483,-0.0160714294761419,0.4312500059604645,-0.0503571443259716,0.0,0.0149999996647238,1.0,0.3583089709281921,0.2931088209152221,1.013474464416504,-0.0346704609692096,0.0342943258583545,0.0403508469462394,1.0135371685028076,531.5254169981927,0.31545182690024376,0.309180250391364,0.5822244584560394,0.015686683356762002,0.0342943258583545,0.025350847281515602,0.013537168502807617,0.7308129735788742,0.045440491620415406,0.013537168502807617,0.18510365153529815,0.9265539737277115,True
4,57,1101,244,243,0.2345679012345679,contradictory,put the cream cheese box in the basket but leave the butter outside the basket,2026080811,7140057,sha256:2427e2ae1d0fa049,mps:0,0.0428571440279483,-0.0160714294761419,0.4312500059604645,-0.0503571443259716,0.0,0.0149999996647238,1.0,0.3598315715789795,0.2357043772935867,0.9765394926071168,-0.0374135561287403,0.0399315431714057,0.0288565400987863,1.0096837282180786,551.6336250584573,0.31697442755103117,0.2517758067697286,0.5452894866466523,0.012943588197231307,0.0399315431714057,0.013856540434062498,0.009683728218078613,0.6791203640321951,0.04420484507687084,0.009683728218078613,0.17006501728402718,0.9351763449245002,True
4,57,1101,244,243,0.2345679012345679,unrelated,open the top drawer of the cabinet,2026080811,7140057,sha256:2427e2ae1d0fa049,mps:0,0.0428571440279483,-0.0160714294761419,0.4312500059604645,-0.0503571443259716,0.0,0.0149999996647238,1.0,0.2575408816337585,0.15739706158638,0.7383384108543396,-0.0460508614778518,0.0554470941424369,0.0698352232575416,-0.982014298439026,539.4388330169022,0.2146837376058102,0.1734684910625219,0.3070884048938751,0.004306282848119805,0.0554470941424369,0.0548352235928178,1.9820142984390259,0.41289673406818467,0.07810138326100628,1.9820142984390259,0.39883479036922964,0.9450676279020456,True
4,65,1109,244,243,0.2674897119341564,correct,put both the cream cheese box and the butter in the basket,2026080811,7140065,sha256:1df0e7e4f0dd8910,mps:0,-0.0160714294761419,0.0,0.9375,0.0,-0.0064285714179277,-0.0,1.0,0.2399456799030304,0.1453959196805954,0.9404566287994384,-0.0321431346237659,-0.0169003307819366,0.0154408998787403,1.0159461498260498,552.8047501575202,0.25601710937917227,0.1453959196805954,0.0029566287994383655,0.0321431346237659,0.0104717593640089,0.0154408998787403,0.015946149826049805,0.2944375577410105,0.037165309586824756,0.015946149826049805,0.06833880022168157,0.9539359944832944,True
4,65,1109,244,243,0.2674897119341564,paraphrase,place the cream cheese box and the butter together inside the basket,2026080811,7140065,sha256:1df0e7e4f0dd8910,mps:0,-0.0160714294761419,0.0,0.9375,0.0,-0.0064285714179277,-0.0,1.0,0.1751734912395477,0.2171652913093567,0.9179308414459229,-0.033949714154005,-0.0175583958625793,0.014373542740941,1.0213299989700315,526.1761250440031,0.1912449207156896,0.2171652913093567,0.01956915855407715,0.033949714154005,0.0111298244446516,0.014373542740941,0.021329998970031516,0.2900316110625577,0.03851045071448878,0.021329998970031516,0.07268035012696464,0.9535082873251103,True
4,65,1109,244,243,0.2674897119341564,contradictory,put the cream cheese box in the basket but leave the butter outside the basket,2026080811,7140065,sha256:1df0e7e4f0dd8910,mps:0,-0.0160714294761419,0.0,0.9375,0.0,-0.0064285714179277,-0.0,1.0,0.1773496866226196,0.0879378318786621,0.7005429863929749,-0.0510238856077194,-0.006884909234941,0.0081517621874809,1.0141258239746094,524.7914160136133,0.1934211160987615,0.0879378318786621,0.23695701360702515,0.0510238856077194,0.00045633781701329926,0.0081517621874809,0.014125823974609375,0.3182662670249084,0.05167297527212958,0.014125823974609375,0.08458196731018168,0.9580012991531933,True
4,65,1109,244,243,0.2674897119341564,unrelated,open the top drawer of the cabinet,2026080811,7140065,sha256:1df0e7e4f0dd8910,mps:0,-0.0160714294761419,0.0,0.9375,0.0,-0.0064285714179277,-0.0,1.0,0.0121734701097011,0.0514224953949451,0.2857392430305481,-0.0376137644052505,-0.0138929365202784,0.0330505967140197,-1.0047928094863892,524.6175001375377,0.028244899585842996,0.0514224953949451,0.6517607569694519,0.0376137644052505,0.0074643651023507,0.0330505967140197,2.004792809486389,0.6543960052679497,0.050624637897644764,2.004792809486389,0.40204995537975,0.9824631332925635,True
4,83,1127,244,243,0.3415637860082304,correct,put both the cream cheese box and the butter in the basket,2026080811,7140083,sha256:8975ed223e71eee5,mps:0,-0.0294642858207225,0.7633928656578064,0.4178571403026581,0.0,0.0,0.0535714291036129,1.0,-0.1973068118095398,0.7980921864509583,0.3147430121898651,-0.0032913442701101,0.0432796478271484,0.0132070798426866,1.001597285270691,540.1841660495847,0.1678425259888173,0.034699320793151855,0.10311412811279297,0.0032913442701101,0.0432796478271484,0.0403643492609263,0.001597285270690918,0.20001919860421988,0.059272603742407164,0.001597285270690918,0.05631265736051969,0.9739633209128048,True
4,83,1127,244,243,0.3415637860082304,paraphrase,place the cream cheese box and the butter together inside the basket,2026080811,7140083,sha256:8975ed223e71eee5,mps:0,-0.0294642858207225,0.7633928656578064,0.4178571403026581,0.0,0.0,0.0535714291036129,1.0,-0.180650532245636,0.8234522938728333,0.2504151463508606,-0.0029288141522556,0.032937578856945,0.01187065243721,0.9989309906959534,512.8014998044819,0.1511862464249135,0.060059428215026855,0.16744199395179749,0.0029288141522556,0.032937578856945,0.0417007766664029,0.0010690093040466309,0.23345500072631645,0.053220454976231985,0.0010690093040466309,0.065331978224484,0.9644641580850339,True
4,83,1127,244,243,0.3415637860082304,contradictory,put the cream cheese box in the basket but leave the butter outside the basket,2026080811,7140083,sha256:8975ed223e71eee5,mps:0,-0.0294642858207225,0.7633928656578064,0.4178571403026581,0.0,0.0,0.0535714291036129,1.0,-0.141167551279068,0.7534454464912415,0.4024417698383331,-0.0018499020952731,0.0358544029295444,-0.0003569121472537,0.9978163838386536,528.3829169347882,0.1117032654583455,0.009947419166564941,0.015415370464325007,0.0018499020952731,0.0358544029295444,0.0539283412508666,0.0021836161613464355,0.11319984235274062,0.06478600417733864,0.0021836161613464355,0.032983188218037994,0.9915178467236878,True
4,83,1127,244,243,0.3415637860082304,unrelated,open the top drawer of the cabinet,2026080811,7140083,sha256:8975ed223e71eee5,mps:0,-0.0294642858207225,0.7633928656578064,0.4178571403026581,0.0,0.0,0.0535714291036129,1.0,0.0379279032349586,-0.3097196519374847,0.3033570647239685,-0.0025811379309743,0.0848045125603675,0.0089622102677822,0.9947280287742616,540.0379169732332,0.0673921890556811,1.0731125175952911,0.11450007557868958,0.0025811379309743,0.0848045125603675,0.0446092188358307,0.005271971225738414,1.08130590023034,0.09585640317038438,0.005271971225738414,0.1988959461117961,-0.29237418516212116,True
4,90,1134,244,243,0.3703703703703703,correct,put both the cream cheese box and the butter in the basket,2026080811,7140090,sha256:e892be108eeddd1e,mps:0,0.0,0.824999988079071,0.2357142865657806,0.0,0.002142857061699,0.0439285710453987,1.0,-0.1674762666225433,0.8464478254318237,0.1648000478744506,-0.0253681670874357,-0.0201780386269092,0.010442079976201,0.9989061951637268,538.1899999920279,0.1674762666225433,0.021447837352752686,0.07091423869133001,0.0253681670874357,0.0223208956886082,0.033486491069197696,0.0010938048362731934,0.18313147970271598,0.047572170119148875,0.0010938048362731934,0.04887252876402011,0.9780295776247996,True
4,90,1134,244,243,0.3703703703703703,paraphrase,place the cream cheese box and the butter together inside the basket,2026080811,7140090,sha256:e892be108eeddd1e,mps:0,0.0,0.824999988079071,0.2357142865657806,0.0,0.002142857061699,0.0439285710453987,1.0,-0.1487452983856201,0.8547300696372986,0.1151557192206382,-0.0230995267629623,-0.0223879441618919,0.0102073205634951,0.9983416199684144,507.47004081495106,0.1487452983856201,0.02973008155822754,0.1205585673451424,0.0230995267629623,0.0245308012235909,0.033721250481903595,0.0016583800315855823,0.19376121825999973,0.047670442408345906,0.0016583800315855823,0.05457770082700463,0.9751980929478413,True
4,90,1134,244,243,0.3703703703703703,contradictory,put the cream cheese box in the basket but leave the butter outside the basket,2026080811,7140090,sha256:e892be108eeddd1e,mps:0,0.0,0.824999988079071,0.2357142865657806,0.0,0.002142857061699,0.0439285710453987,1.0,-0.0968854501843452,0.8138400316238403,0.2006301283836364,-0.019657913595438,-0.0254144258797168,-6.694300100207329e-05,0.9947864413261414,524.648749968037,0.0968854501843452,0.011159956455230713,0.03508415818214422,0.019657913595438,0.027557282941415802,0.04399551404640077,0.005213558673858643,0.10364474536056133,0.05551074370107106,0.005213558673858643,0.034221976296976195,0.9927209054648927,True
4,90,1134,244,243,0.3703703703703703,unrelated,open the top drawer of the cabinet,2026080811,7140090,sha256:e892be108eeddd1e,mps:0,0.0,0.824999988079071,0.2357142865657806,0.0,0.002142857061699,0.0439285710453987,1.0,-0.0219357460737228,0.4664106667041778,-0.0089317560195922,-0.0155151225626468,-0.0053497543558478,0.0349370911717414,0.9954654574394226,518.2044999673963,0.0219357460737228,0.35858932137489324,0.2446460425853728,0.0155151225626468,0.0074926114175468,0.008991479873657296,0.004534542560577393,0.4346483227997105,0.01943463311479506,0.004534542560577393,0.09452926663548815,0.9550324946600568,True
4,107,1151,244,243,0.4403292181069959,correct,put both the cream cheese box and the butter in the basket,2026080811,7140107,sha256:b7351d033c811f6d,mps:0,0.0,0.7098214030265808,-0.4044642746448517,0.0428571440279483,0.0010714285308495,-0.0,1.0,-0.4217686951160431,0.6553746461868286,-0.3216547667980194,-0.0276790969073772,-0.066254124045372,0.0207678060978651,1.0157127380371094,552.5383751373738,0.4217686951160431,0.0544467568397522,0.08280950784683228,0.07053624093532551,0.0673255525762215,0.0207678060978651,0.015712738037109375,0.43325592448354516,0.09969650487904969,0.015712738037109375,0.10476675677844986,0.8642395313110539,True
4,107,1151,244,243,0.4403292181069959,paraphrase,place the cream cheese box and the butter together inside the basket,2026080811,7140107,sha256:b7351d033c811f6d,mps:0,0.0,0.7098214030265808,-0.4044642746448517,0.0428571440279483,0.0010714285308495,-0.0,1.0,-0.3935433328151703,0.7140277624130249,-0.3378773331642151,-0.0211225245147943,-0.0723274275660514,0.0097389044240117,1.0114529132843018,506.3441670499742,0.3935433328151703,0.004206359386444092,0.0665869414806366,0.0639796685427426,0.0733988560969009,0.0097389044240117,0.011452913284301758,0.3991589520959107,0.09785518035624281,0.011452913284301758,0.08898671086145828,0.8924914665399627,True
4,107,1151,244,243,0.4403292181069959,contradictory,put the cream cheese box in the basket but leave the butter outside the basket,2026080811,7140107,sha256:b7351d033c811f6d,mps:0,0.0,0.7098214030265808,-0.4044642746448517,0.0428571440279483,0.0010714285308495,-0.0,1.0,-0.3465227484703064,0.6564747095108032,-0.3230359256267547,-0.0190761554986238,-0.0898214802145958,0.0003101276233792,1.0078953504562378,531.0465828515589,0.3465227484703064,0.05334669351577759,0.08142834901809698,0.0619332995265721,0.0908929087454453,0.0003101276233792,0.007895350456237793,0.3599367457488809,0.10998795674799457,0.007895350456237793,0.09176135390797362,0.9020998530093188,True
4,107,1151,244,243,0.4403292181069959,unrelated,open the top drawer of the cabinet,2026080811,7140107,sha256:b7351d033c811f6d,mps:0,0.0,0.7098214030265808,-0.4044642746448517,0.0428571440279483,0.0010714285308495,-0.0,1.0,-0.1184629127383232,-0.0746412128210067,0.1103588715195655,-0.0321636237204074,-0.0328131318092346,0.0011763600632548,-0.9898814558982848,527.8961251024157,0.1184629127383232,0.7844626158475875,0.5148231461644172,0.0750207677483557,0.0338845603400841,0.0011763600632548,1.989881455898285,0.9457578596995724,0.08232656221409922,1.989881455898285,0.5025302598286153,-0.670226996434717,True
4,120,1164,244,243,0.4938271604938271,correct,put both the cream cheese box and the butter in the basket,2026080811,7140120,sha256:dd0fccb729516aad,mps:0,-0.2410714328289032,0.0482142865657806,-0.2249999940395355,0.0514285713434219,0.0717857107520103,-0.0096428571268916,1.0,-0.1118105426430702,-0.0251652672886848,-0.296276718378067,0.0384921580553054,0.0198590718209743,-0.0172504149377346,1.006584644317627,561.1171659547836,0.129260890185833,0.0733795538544654,0.07127672433853152,0.012936413288116504,0.051926638931036,0.0076075578108429995,0.006584644317626953,0.1648432834177522,0.05405184136808347,0.006584644317626953,0.05042463181806463,0.8728129904639532,True
4,120,1164,244,243,0.4938271604938271,paraphrase,place the cream cheese box and the butter together inside the basket,2026080811,7140120,sha256:dd0fccb729516aad,mps:0,-0.2410714328289032,0.0482142865657806,-0.2249999940395355,0.0514285713434219,0.0717857107520103,-0.0096428571268916,1.0,-0.1285176873207092,-0.0578643977642059,-0.4545254409313202,0.0683663338422775,0.0027751033194363,-0.0190284587442874,1.0079015493392944,531.1278749722987,0.112553745508194,0.10607868432998649,0.2295254468917847,0.016937762498855598,0.069010607432574,0.0093856016173958,0.007901549339294434,0.2767724040940095,0.07167594613537334,0.007901549339294434,0.07877048537401214,0.8226124933357987,True
4,120,1164,244,243,0.4938271604938271,contradictory,put the cream cheese box in the basket but leave the butter outside the basket,2026080811,7140120,sha256:dd0fccb729516aad,mps:0,-0.2410714328289032,0.0482142865657806,-0.2249999940395355,0.0514285713434219,0.0717857107520103,-0.0096428571268916,1.0,-0.0622235909104347,-0.1314971596002578,0.0140057727694511,0.0208163913339376,0.0111897625029087,-0.0438717901706695,-0.9997418522834778,554.1739161126316,0.1788478419184685,0.1797114461660384,0.2390057668089866,0.0306121800094843,0.060595948249101604,0.0342289330437779,1.9997418522834778,0.34843437116612663,0.07603022008685954,1.9997418522834778,0.38896342406847645,0.11310669704760791,True
4,120,1164,244,243,0.4938271604938271,unrelated,open the top drawer of the cabinet,2026080811,7140120,sha256:dd0fccb729516aad,mps:0,-0.2410714328289032,0.0482142865657806,-0.2249999940395355,0.0514285713434219,0.0717857107520103,-0.0096428571268916,1.0,0.0582868158817291,-0.4887745976448059,0.2914275825023651,0.0355298183858394,0.0401808358728885,-0.0277888793498277,-0.9984630942344666,528.7622078321874,0.2993582487106323,0.5369888842105865,0.5164275765419006,0.0158987529575825,0.0316048748791218,0.018146022222936098,1.9984630942344666,0.8029133606123192,0.03976074174668367,1.9984630942344666,0.4881267791081752,-0.541273769166769,True
4,127,1171,244,243,0.522633744855967,correct,put both the cream cheese box and the butter in the basket,2026080811,7140127,sha256:f31e9fd3103091da,mps:0,-0.1419642865657806,0.0,-0.0,0.0,0.0,-0.0214285720139741,1.0,0.0517303943634033,0.117988184094429,0.2420364916324615,-0.0508347228169441,0.035102754831314,0.0109345503151416,-0.9919114708900452,547.130832914263,0.1936946809291839,0.117988184094429,0.2420364916324615,0.0508347228169441,0.035102754831314,0.0323631223291157,1.9919114708900452,0.33169338897227035,0.06974054866081986,1.9919114708900452,0.3805616325033562,-0.1886677981437009,True
4,127,1171,244,243,0.522633744855967,paraphrase,place the cream cheese box and the butter together inside the basket,2026080811,7140127,sha256:f31e9fd3103091da,mps:0,-0.1419642865657806,0.0,-0.0,0.0,0.0,-0.0214285720139741,1.0,0.0258219428360462,0.1037222370505333,0.1688232421875,-0.0360199585556983,0.0245317481458187,0.0066373711451888,-0.999961793422699,513.0597911775112,0.1677862294018268,0.1037222370505333,0.1688232421875,0.0360199585556983,0.0245317481458187,0.0280659431591629,1.999961793422699,0.2596378407288675,0.051835714009334,1.999961793422699,0.3612730217033198,-0.1292287203088774,True
4,127,1171,244,243,0.522633744855967,contradictory,put the cream cheese box in the basket but leave the butter outside the basket,2026080811,7140127,sha256:f31e9fd3103091da,mps:0,-0.1419642865657806,0.0,-0.0,0.0,0.0,-0.0214285720139741,1.0,0.0859561264514923,0.116850346326828,0.36280158162117,-0.0457481779158115,0.0391239412128925,-0.002132982481271,-0.9848315715789796,538.9244998805225,0.2279204130172729,0.116850346326828,0.36280158162117,0.0457481779158115,0.0391239412128925,0.0192955895327031,1.9848315715789795,0.4441021343491679,0.06321311837001219,1.9848315715789795,0.39951023160080823,-0.21999034202308138,True
4,127,1171,244,243,0.522633744855967,unrelated,open the top drawer of the cabinet,2026080811,7140127,sha256:f31e9fd3103091da,mps:0,-0.1419642865657806,0.0,-0.0,0.0,0.0,-0.0214285720139741,1.0,0.1929898858070373,0.0051333755254745,0.4460047781467438,-0.0377874374389648,0.0909066572785377,0.0123305693268775,-1.0014821290969849,536.0539997927845,0.3349541723728179,0.0051333755254745,0.4460047781467438,0.0377874374389648,0.0909066572785377,0.0337591413408516,2.001482129096985,0.5578000638794971,0.1040749268067616,2.001482129096985,0.4214325273143393,-0.3971021369971102,True
4,138,1182,244,243,0.5679012345679012,correct,put both the cream cheese box and the butter in the basket,2026080811,7140138,sha256:939b4a88c43bdeed,mps:0,0.0026785715017467,-0.2946428656578064,0.1633928567171096,0.0,0.0192857142537832,-0.0739285722374916,-1.0,0.2424635291099548,-0.6069395542144775,0.0859126076102256,0.0061702942475676,0.0505458563566207,-0.104004219174385,-0.9957614541053772,539.4277919549495,0.23978495760820812,0.31229668855667114,0.077480249106884,0.0061702942475676,0.03126014210283749,0.030075646936893408,0.004238545894622803,0.40128448335351496,0.04381567703532407,0.004238545894622803,0.10018664635052635,0.8713017100567276,True
4,138,1182,244,243,0.5679012345679012,paraphrase,place the cream cheese box and the butter together inside the basket,2026080811,7140138,sha256:939b4a88c43bdeed,mps:0,0.0026785715017467,-0.2946428656578064,0.1633928567171096,0.0,0.0192857142537832,-0.0739285722374916,-1.0,0.1349956393241882,-0.5750091075897217,0.0177202522754669,0.017677616328001,0.0319296419620513,-0.1069520562887191,-0.9964932799339294,512.8920839633793,0.13231706782244151,0.2803662419319153,0.1456726044416427,0.017677616328001,0.0126439277082681,0.0330234840512275,0.0035067200660705566,0.34253984255406716,0.0395337517295487,0.0035067200660705566,0.08931538033565237,0.8673328693119369,True
4,138,1182,244,243,0.5679012345679012,contradictory,put the cream cheese box in the basket but leave the butter outside the basket,2026080811,7140138,sha256:939b4a88c43bdeed,mps:0,0.0026785715017467,-0.2946428656578064,0.1633928567171096,0.0,0.0192857142537832,-0.0739285722374916,-1.0,0.0779665112495422,-0.4060869812965393,0.1391469538211822,0.0096422201022505,0.0704976767301559,-0.1169469878077507,-0.9880103468894958,536.2584998365492,0.07528793974779549,0.11144411563873291,0.0242459028959274,0.0096422201022505,0.051211962476372705,0.04301841557025911,0.01198965311050415,0.1366599011751644,0.06757382324063928,0.01198965311050415,0.04669145850597746,0.9700570816469011,True
4,138,1182,244,243,0.5679012345679012,unrelated,open the top drawer of the cabinet,2026080811,7140138,sha256:939b4a88c43bdeed,mps:0,0.0026785715017467,-0.2946428656578064,0.1633928567171096,0.0,0.0192857142537832,-0.0739285722374916,-1.0,0.0116017498075962,-0.6352444291114807,0.105530597269535,0.0061919409781694,0.0569344758987426,-0.0902322679758071,-0.9837974309921264,541.7674579657614,0.008923178305849499,0.3406015634536743,0.0578622594475746,0.0061919409781694,0.037648761644959394,0.016303695738315513,0.016202569007873646,0.3455967146929261,0.04149192549404843,0.016202569007873646,0.06910485265377377,0.9421456831258426,True
4,150,1194,244,243,0.6172839506172839,correct,put both the cream cheese box and the butter in the basket,2026080811,7140150,sha256:efd02dc3a28152b1,mps:0,0.5544642806053162,-0.7580357193946838,-0.1205357164144516,0.0074999998323619,-0.063214287161827,-0.0010714285308495,-1.0,0.3175155818462372,-0.728829562664032,-0.1855426728725433,0.0016238931566476,0.0125453295186162,-0.0235267281532287,-1.0040234327316284,550.1443750690669,0.23694869875907898,0.029206156730651855,0.06500695645809171,0.0058761066757143,0.0757596166804432,0.022455299622379202,0.004023432731628418,0.24743401104646143,0.07923565252058498,0.004023432731628418,0.06275375252256968,0.9714178881963524,True
4,150,1194,244,243,0.6172839506172839,paraphrase,place the cream cheese box and the butter together inside the basket,2026080811,7140150,sha256:efd02dc3a28152b1,mps:0,0.5544642806053162,-0.7580357193946838,-0.1205357164144516,0.0074999998323619,-0.063214287161827,-0.0010714285308495,-1.0,0.1877611875534057,-0.639899492263794,-0.3572824895381927,0.0020451182499527,-0.0003915694542229,-0.0251670405268669,-1.0087734460830688,557.533917017281,0.36670309305191046,0.11813622713088989,0.2367467731237411,0.005454881582409201,0.0628227177076041,0.0240956119960174,0.008773446083068848,0.4521906248464948,0.06750591167231236,0.008773446083068848,0.11753325009652014,0.8825643106569675,True
4,150,1194,244,243,0.6172839506172839,contradictory,put the cream cheese box in the basket but leave the butter outside the basket,2026080811,7140150,sha256:efd02dc3a28152b1,mps:0,0.5544642806053162,-0.7580357193946838,-0.1205357164144516,0.0074999998323619,-0.063214287161827,-0.0010714285308495,-1.0,-0.0616393983364105,-0.5201175212860107,-0.3376899063587188,-0.0002391287125647,0.0179190188646316,-0.0231648851186037,-1.0060880184173584,545.1023748610169,0.6161036789417267,0.2379181981086731,0.21715418994426722,0.0077391285449266,0.0811333060264586,0.0220934565877542,0.0060880184173583984,0.6952300010839283,0.08444304756113946,0.0060880184173583984,0.1697471395101664,0.6792235422113857,True
4,150,1194,244,243,0.6172839506172839,unrelated,open the top drawer of the cabinet,2026080811,7140150,sha256:efd02dc3a28152b1,mps:0,0.5544642806053162,-0.7580357193946838,-0.1205357164144516,0.0074999998323619,-0.063214287161827,-0.0010714285308495,-1.0,-0.1824343800544738,-0.4406600594520569,0.0344174206256866,-0.0072115086950361,0.0815186277031898,-0.0110366912558674,-1.000893473625183,541.6446670424193,0.7368986606597899,0.31737565994262695,0.1549531370401382,0.014711508527398,0.1447329148650168,0.009965262725017899,0.0008934736251831055,0.8171642553885908,0.14581958575463905,0.0008934736251831055,0.19707580248359588,0.5051883008221563,True
4,162,1206,244,243,0.6666666666666666,correct,put both the cream cheese box and the butter in the basket,2026080811,7140162,sha256:8d1dafe59f3ccb60,mps:0,-0.4767857193946838,0.0,-0.8598214387893677,-0.0364285707473754,-0.0696428567171096,0.0450000017881393,-1.0,-0.4795065522193908,-0.0374221950769424,-0.6692505478858948,-0.026711693033576,-0.1182808503508567,0.07042146474123,-0.9872470498085022,560.5158749967813,0.0027208328247070312,0.0374221950769424,0.1905708909034729,0.009716877713799397,0.0486379936337471,0.025421462953090695,0.012752950191497803,0.19422947272589736,0.05573439616517539,0.012752950191497803,0.04674902904246533,0.9923244424425691,True
4,162,1206,244,243,0.6666666666666666,paraphrase,place the cream cheese box and the butter together inside the basket,2026080811,7140162,sha256:8d1dafe59f3ccb60,mps:0,-0.4767857193946838,0.0,-0.8598214387893677,-0.0364285707473754,-0.0696428567171096,0.0450000017881393,-1.0,-0.5539817810058594,0.0097332298755645,-0.6874456405639648,-0.0164876654744148,-0.1183283105492591,0.0528503060340881,-0.9876280426979064,524.8637080658227,0.07719606161117559,0.0097332298755645,0.17237579822540283,0.019940905272960597,0.048685453832149506,0.007850304245948798,0.012371957302093617,0.1891226678796907,0.05319342435584976,0.012371957302093617,0.04973624433789935,0.9851851670026622,True
4,162,1206,244,243,0.6666666666666666,contradictory,put the cream cheese box in the basket but leave the butter outside the basket,2026080811,7140162,sha256:8d1dafe59f3ccb60,mps:0,-0.4767857193946838,0.0,-0.8598214387893677,-0.0364285707473754,-0.0696428567171096,0.0450000017881393,-1.0,-0.5711218118667603,0.0114361196756362,-0.6289743781089783,-0.0052565378136932,-0.0937830582261085,0.036019243299961,-0.9821611046791076,546.416207915172,0.09433609247207647,0.0114361196756362,0.2308470606803894,0.031172032933682196,0.0241402015089989,0.008980758488178302,0.017838895320892445,0.24964063892105193,0.04043635726838691,0.017838895320892445,0.059821594439979135,0.9733671009720082,True
4,162,1206,244,243,0.6666666666666666,unrelated,open the top drawer of the cabinet,2026080811,7140162,sha256:8d1dafe59f3ccb60,mps:0,-0.4767857193946838,0.0,-0.8598214387893677,-0.0364285707473754,-0.0696428567171096,0.0450000017881393,-1.0,-0.3324571251869201,0.5042632222175598,-0.3604469895362854,-0.0057951458729803,-0.0745705291628837,0.0689315423369407,-0.9984351396560668,537.1247499715537,0.14432859420776367,0.5042632222175598,0.4993744492530823,0.030633424874395097,0.004927672445774106,0.023931540548801394,0.0015648603439332165,0.7242147340078388,0.039184273737138155,0.0015648603439332165,0.17271768055590137,0.6773818058003277,True
4,179,1223,244,243,0.7366255144032922,correct,put both the cream cheese box and the butter in the basket,2026080811,7140179,sha256:b9287dbbe03648ad,mps:0,0.2035714238882064,0.3000000119209289,-0.0,-0.0589285716414451,0.0985714271664619,-0.0,1.0,-0.023177221417427,0.037379577755928,-0.1314319968223571,-0.0134563473984599,0.0920830890536308,0.0126298666000366,0.989146888256073,560.261958045885,0.2267486453056334,0.2626204341650009,0.1314319968223571,0.0454722242429852,0.006488338112831102,0.0126298666000366,0.010853111743927002,0.3710240024279637,0.04763754023252532,0.010853111743927002,0.09946351671325306,0.12927273396351133,True
4,179,1223,244,243,0.7366255144032922,paraphrase,place the cream cheese box and the butter together inside the basket,2026080811,7140179,sha256:b9287dbbe03648ad,mps:0,0.2035714238882064,0.3000000119209289,-0.0,-0.0589285716414451,0.0985714271664619,-0.0,1.0,-0.0858831331133842,-0.008326381444931,-0.1605576574802398,-0.0077249729074537,0.0803552716970443,0.0123624131083488,0.9905642867088318,532.2575839236379,0.2894545570015906,0.3083263933658599,0.1605576574802398,0.0512035987339914,0.0182161554694176,0.0123624131083488,0.009435713291168213,0.4523581178563374,0.0557356806835538,0.009435713291168213,0.12136521263580234,-0.30236467754327695,True
4,179,1223,244,243,0.7366255144032922,contradictory,put the cream cheese box in the basket but leave the butter outside the basket,2026080811,7140179,sha256:b9287dbbe03648ad,mps:0,0.2035714238882064,0.3000000119209289,-0.0,-0.0589285716414451,0.0985714271664619,-0.0,1.0,-0.0737503692507743,-0.0025441572070121,-0.1271238327026367,-0.0116914240643382,0.0856643393635749,0.0085380589589476,0.973666250705719,552.7842501178384,0.2773217931389807,0.302544169127941,0.1271238327026367,0.0472371475771069,0.012907087802887005,0.0085380589589476,0.026333749294281006,0.4296519755152346,0.04970753944382357,0.026333749294281006,0.11457226265754014,-0.29604847421124375,True
4,179,1223,244,243,0.7366255144032922,unrelated,open the top drawer of the cabinet,2026080811,7140179,sha256:b9287dbbe03648ad,mps:0,0.2035714238882064,0.3000000119209289,-0.0,-0.0589285716414451,0.0985714271664619,-0.0,1.0,-0.1152473017573356,0.0556570813059806,-0.1888684928417205,-0.0145215559750795,0.0944865942001342,0.0144619420170784,0.9814292788505554,560.1427920628339,0.318818725645542,0.2443429306149483,0.1888684928417205,0.044407015666365596,0.004084832966327709,0.0144619420170784,0.01857072114944458,0.4438695249192625,0.0468808774199137,0.01857072114944458,0.11907923727163243,-0.08177469014882809,True
4,183,1227,244,243,0.7530864197530864,correct,put both the cream cheese box and the butter in the basket,2026080811,7140183,sha256:0c40002e6efe8b2d,mps:0,0.3776785731315613,0.0267857145518064,0.2651785612106323,-0.0546428561210632,0.067500002682209,-0.1167857125401496,1.0,0.1601313650608062,0.0922734290361404,0.1179125234484672,-0.0061179250478744,0.047699648886919,-0.0092298872768878,0.9998896718025208,540.6942500267178,0.2175472080707551,0.06548771448433399,0.14726603776216513,0.048524931073188796,0.01980035379529,0.10755582526326181,0.00011032819747924805,0.2707447402368687,0.11964521926988009,0.00011032819747924805,0.08661319980663916,0.9297393292684011,True
4,183,1227,244,243,0.7530864197530864,paraphrase,place the cream cheese box and the butter together inside the basket,2026080811,7140183,sha256:0c40002e6efe8b2d,mps:0,0.3776785731315613,0.0267857145518064,0.2651785612106323,-0.0546428561210632,0.067500002682209,-0.1167857125401496,1.0,0.0342043489217758,0.08113644272089,-0.2094448655843734,-0.0003782858257181,0.0355738028883934,-0.0059404512867331,-0.9891343712806702,507.658707909286,0.34347422420978546,0.0543507281690836,0.4746234267950057,0.0542645702953451,0.0319261997938156,0.11084526125341651,1.9891343712806702,0.5883841785871351,0.1274778324452971,1.9891343712806702,0.43694554025673177,-0.3851367479435187,True
4,183,1227,244,243,0.7530864197530864,contradictory,put the cream cheese box in the basket but leave the butter outside the basket,2026080811,7140183,sha256:0c40002e6efe8b2d,mps:0,0.3776785731315613,0.0267857145518064,0.2651785612106323,-0.0546428561210632,0.067500002682209,-0.1167857125401496,1.0,0.0441136062145233,0.0461534149944782,-0.0733681172132492,-0.0012153775896877,0.0413928069174289,-0.0055983765050768,0.993052065372467,529.3899590615183,0.33356496691703796,0.019367700442671797,0.33854667842388153,0.0534274785313755,0.0261071957647801,0.1111873360350728,0.006947934627532959,0.47566222095794486,0.12609006633156056,0.006947934627532959,0.12702132724890752,-0.034668990487576136,True
4,183,1227,244,243,0.7530864197530864,unrelated,open the top drawer of the cabinet,2026080811,7140183,sha256:0c40002e6efe8b2d,mps:0,0.3776785731315613,0.0267857145518064,0.2651785612106323,-0.0546428561210632,0.067500002682209,-0.1167857125401496,1.0,0.0091477669775486,0.2472313046455383,-0.25350421667099,-0.0016441936604678,0.0263992398977279,0.0004362096078693,-1.0047879219055176,526.6980829183012,0.3685308061540127,0.2204455900937319,0.5186827778816223,0.0529986624605954,0.041100762784481104,0.11722192214801891,2.0047879219055176,0.6733817916659883,0.13505224898591847,2.0047879219055176,0.4748240633468543,-0.3490106295790272,True
4,205,1249,244,243,0.8436213991769548,correct,put both the cream cheese box and the butter in the basket,2026080811,7140205,sha256:9dde6e2503c40d91,mps:0,-0.5249999761581421,0.7580357193946838,0.1607142835855484,-0.02357142791152,0.0,-0.0,1.0,-0.0880794003605842,0.8407405018806458,0.3700747191905975,-0.0006903639878146,-0.01339050848037,-0.010767214000225,1.0194374322891235,528.5363749135286,0.4369205757975579,0.08270478248596191,0.20936043560504908,0.0228810639237054,0.01339050848037,0.010767214000225,0.019437432289123535,0.4914991989800753,0.02861436179561227,0.019437432289123535,0.11363743036885611,0.8602583744272301,True
4,205,1249,244,243,0.8436213991769548,paraphrase,place the cream cheese box and the butter together inside the basket,2026080811,7140205,sha256:9dde6e2503c40d91,mps:0,-0.5249999761581421,0.7580357193946838,0.1607142835855484,-0.02357142791152,0.0,-0.0,1.0,-0.0784664079546928,0.8696908354759216,0.2022959291934967,-0.0009045062470249,-0.0198495797812938,-0.0096058100461959,1.0245139598846436,517.0027089770883,0.4465335682034493,0.11165511608123779,0.0415816456079483,0.0226669216644951,0.0198495797812938,0.0096058100461959,0.024513959884643555,0.46215595390634556,0.03162383186588721,0.024513959884643555,0.09662951446703767,0.8736447658838226,True
4,205,1249,244,243,0.8436213991769548,contradictory,put the cream cheese box in the basket but leave the butter outside the basket,2026080811,7140205,sha256:9dde6e2503c40d91,mps:0,-0.5249999761581421,0.7580357193946838,0.1607142835855484,-0.02357142791152,0.0,-0.0,1.0,0.0200628861784935,0.7914549112319946,0.4296338260173797,-0.0011043234262615,-0.0128832524642348,-0.0206778347492218,1.0096635818481443,532.918666023761,0.5450628623366356,0.03341919183731079,0.2689195424318313,0.0224671044852585,0.0128832524642348,0.0206778347492218,0.00966358184814431,0.6087101827498951,0.033140938850987,0.00966358184814431,0.1304419100218053,0.7809966872775659,True
4,205,1249,244,243,0.8436213991769548,unrelated,open the top drawer of the cabinet,2026080811,7140205,sha256:9dde6e2503c40d91,mps:0,-0.5249999761581421,0.7580357193946838,0.1607142835855484,-0.02357142791152,0.0,-0.0,1.0,0.0316911190748214,0.6014863848686218,-0.2013986110687255,0.0003270498418714,-0.0100324498489499,-0.0127824153751134,-0.9906420707702636,529.8017081804574,0.5566910952329635,0.156549334526062,0.3621128946542739,0.0238984777533914,0.0100324498489499,0.0127824153751134,1.9906420707702637,0.6823037579605776,0.028899436529506484,1.9906420707702637,0.44467267688014545,0.6845755959187017,True
4,211,1255,244,243,0.8683127572016461,correct,put both the cream cheese box and the butter in the basket,2026080811,7140211,sha256:6f9809f0baa5a2e3,mps:0,-0.2035714238882064,0.8491071462631226,-0.0,-0.0096428571268916,0.0,-0.0,1.0,-0.1740936338901519,0.7495559453964233,0.3178335428237915,-0.0037918523885309,0.0141947055235505,-0.0103449579328298,1.0070918798446655,535.6972080189735,0.029477789998054504,0.09955120086669922,0.3178335428237915,0.005851004738360701,0.0141947055235505,0.0103449579328298,0.007091879844665527,0.3343613952613163,0.018513294573917757,0.007091879844665527,0.06919215453256454,0.924241057782523,True
4,211,1255,244,243,0.8683127572016461,paraphrase,place the cream cheese box and the butter together inside the basket,2026080811,7140211,sha256:6f9809f0baa5a2e3,mps:0,-0.2035714238882064,0.8491071462631226,-0.0,-0.0096428571268916,0.0,-0.0,1.0,-0.205342411994934,0.8105818033218384,0.1233261302113533,-0.0019522942602634,0.0022139197681099,-0.0092098619788885,1.010273814201355,512.1860420331359,0.0017709881067276,0.03852534294128418,0.1233261302113533,0.007690562866628201,0.0022139197681099,0.0092098619788885,0.01027381420135498,0.1292156060254542,0.012201137472193499,0.01027381420135498,0.027572945724906667,0.9892171090851316,True
4,211,1255,244,243,0.8683127572016461,contradictory,put the cream cheese box in the basket but leave the butter outside the basket,2026080811,7140211,sha256:6f9809f0baa5a2e3,mps:0,-0.2035714238882064,0.8491071462631226,-0.0,-0.0096428571268916,0.0,-0.0,1.0,-0.0259563103318214,0.3764006793498993,0.1153993979096412,0.0001145554124377,0.0243529789149761,-0.0196037180721759,1.0061790943145752,541.9386250432581,0.17761511355638498,0.47270646691322327,0.1153993979096412,0.0097574125393293,0.0243529789149761,0.0196037180721759,0.006179094314575195,0.5179918469079774,0.03275027394922502,0.006179094314575195,0.11794488317432941,0.9430526915210411,True
4,211,1255,244,243,0.8683127572016461,unrelated,open the top drawer of the cabinet,2026080811,7140211,sha256:6f9809f0baa5a2e3,mps:0,-0.2035714238882064,0.8491071462631226,-0.0,-0.0096428571268916,0.0,-0.0,1.0,0.0345105528831481,0.1121996492147445,0.0950900390744209,-0.0082386322319507,0.0274002067744731,-0.0183288007974624,-0.9956427812576294,534.6391659695655,0.2380819767713545,0.7369074970483781,0.0950900390744209,0.0014042248949409017,0.0274002067744731,0.0183288007974624,1.9956427812576294,0.7802293268011886,0.03299527416937934,1.9956427812576294,0.4446936466598085,0.6689784887501823,True
4,224,1268,244,243,0.9218106995884774,correct,put both the cream cheese box and the butter in the basket,2026080811,7140224,sha256:eaa03c93770d6c95,mps:0,-0.0910714268684387,0.1473214328289032,-0.2892857193946838,0.0846428573131561,0.1650000065565109,-0.0,1.0,0.0107605345547199,-0.0413688719272613,0.0615217313170433,0.0009223406668752,0.0120000913739204,-0.0292937420308589,-0.9910922646522522,537.89525013417,0.1018319614231586,0.1886903047561645,0.3508074507117271,0.0837205166462809,0.15299991518259048,0.0292937420308589,1.9910922646522522,0.411144314020178,0.17685084753987068,1.9910922646522522,0.41406230791471893,-0.9846826867115557,True
4,224,1268,244,243,0.9218106995884774,paraphrase,place the cream cheese box and the butter together inside the basket,2026080811,7140224,sha256:eaa03c93770d6c95,mps:0,-0.0910714268684387,0.1473214328289032,-0.2892857193946838,0.0846428573131561,0.1650000065565109,-0.0,1.0,-0.0088674202561378,-0.0522255152463912,0.0318182185292243,0.0010051941499114,0.0043368376791477,-0.0305498819798231,-0.9979932904243468,521.9103749841452,0.0822040066123009,0.19954694807529438,0.32110393792390807,0.0836376631632447,0.1606631688773632,0.0305498819798231,1.997993290424347,0.3868904523757603,0.18368779987278858,1.997993290424347,0.41081412815089735,-0.7722951243617807,True
4,224,1268,244,243,0.9218106995884774,contradictory,put the cream cheese box in the basket but leave the butter outside the basket,2026080811,7140224,sha256:eaa03c93770d6c95,mps:0,-0.0910714268684387,0.1473214328289032,-0.2892857193946838,0.0846428573131561,0.1650000065565109,-0.0,1.0,0.0195914022624492,-0.0401987135410308,0.1056373342871666,0.0004506796831265,0.012222439981997,-0.0434312596917152,-0.9890992045402528,526.1760829016566,0.1106628291308879,0.187520146369934,0.3949230536818504,0.0841921776300296,0.1527775665745139,0.0434312596917152,1.9890992045402527,0.4509703819268525,0.17976535244847847,1.9890992045402527,0.42322946251702626,-0.9893478173452545,True
4,224,1268,244,243,0.9218106995884774,unrelated,open the top drawer of the cabinet,2026080811,7140224,sha256:eaa03c93770d6c95,mps:0,-0.0910714268684387,0.1473214328289032,-0.2892857193946838,0.0846428573131561,0.1650000065565109,-0.0,1.0,0.0165445134043693,-0.0630864202976226,0.0653202459216117,-3.172032302245498e-05,0.021413866430521,-0.0306871384382247,-0.9953822493553162,531.089625088498,0.107615940272808,0.2104078531265258,0.3546059653162955,0.08467457763617856,0.1435861401259899,0.0306871384382247,1.9953822493553162,0.4261432222809791,0.16949473207056437,1.9953822493553162,0.41813712346733406,-0.9541868085241278,True
4,243,1287,244,243,1.0,correct,put both the cream cheese box and the butter in the basket,2026080811,7140243,sha256:677d808850dafb20,mps:0,0.0,0.0,-0.0,0.0,0.0,-0.0,-1.0,0.1141660660505294,-0.0274605974555015,0.1840680539608001,0.0327913649380207,0.0482898764312267,-0.0266625359654426,-0.996773600578308,556.5582909621298,0.1141660660505294,0.0274605974555015,0.1840680539608001,0.0327913649380207,0.0482898764312267,0.0266625359654426,0.0032263994216920056,0.21833236942556858,0.06417224169646965,0.0032263994216920056,0.062380699174744716,,False
4,243,1287,244,243,1.0,paraphrase,place the cream cheese box and the butter together inside the basket,2026080811,7140243,sha256:677d808850dafb20,mps:0,0.0,0.0,-0.0,0.0,0.0,-0.0,-1.0,0.0831985175609588,-0.0238189250230789,0.1391616761684417,0.0386432223021984,0.03632428124547,-0.023489199578762,-1.00038743019104,522.2813331056386,0.0831985175609588,0.0238189250230789,0.1391616761684417,0.0386432223021984,0.03632428124547,0.023489199578762,0.00038743019104003906,0.16387588787740084,0.058004263073915874,0.00038743019104003906,0.049289036009992834,,False
4,243,1287,244,243,1.0,contradictory,put the cream cheese box in the basket but leave the butter outside the basket,2026080811,7140243,sha256:677d808850dafb20,mps:0,0.0,0.0,-0.0,0.0,0.0,-0.0,-1.0,0.1042251959443092,0.0020100176334381,0.2869387567043304,0.0296560246497392,0.0665305033326149,-0.0318570397794246,-0.9966205954551696,531.9403749890625,0.1042251959443092,0.0020100176334381,0.2869387567043304,0.0296560246497392,0.0665305033326149,0.0318570397794246,0.0033794045448304333,0.305288030783297,0.0795025701171029,0.0033794045448304333,0.0749424203698124,,False
4,243,1287,244,243,1.0,unrelated,open the top drawer of the cabinet,2026080811,7140243,sha256:677d808850dafb20,mps:0,0.0,0.0,-0.0,0.0,0.0,-0.0,-1.0,0.1163827329874038,-0.0311420261859893,0.2797299325466156,0.0262337736785411,0.0528683848679065,-0.0150588490068912,-1.0023422241210938,542.6269578747451,0.1163827329874038,0.0311420261859893,0.2797299325466156,0.0262337736785411,0.0528683848679065,0.0150588490068912,0.00234222412109375,0.3045711764023646,0.060910146390977825,0.00234222412109375,0.07482256048492018,,False
5,0,1288,279,278,0.0,correct,put both the cream cheese box and the butter in the basket,2026080812,7150000,sha256:1344d45ea0967570,mps:0,0.2008928507566452,-0.0160714294761419,-0.0,0.0,0.0,-0.0707142874598503,-1.0,0.1498513668775558,0.0733913332223892,-0.0048908591270446,-0.0013240987900644,0.003728378098458,-0.0128012485802173,-1.008080244064331,553.7214998621494,0.05104148387908941,0.0894627626985311,0.0048908591270446,0.0013240987900644,0.003728378098458,0.057913038879633,0.008080244064331055,0.10311517584348885,0.05804803281012023,0.008080244064331055,0.03092012364816451,0.8597704618109092,True
5,0,1288,279,278,0.0,paraphrase,place the cream cheese box and the butter together inside the basket,2026080812,7150000,sha256:1344d45ea0967570,mps:0,0.2008928507566452,-0.0160714294761419,-0.0,0.0,0.0,-0.0707142874598503,-1.0,0.3488841354846954,-0.018808901309967,-0.0595124885439872,-0.0007225430454127,0.0006899596191942,-0.0188236199319362,-1.0088881254196167,537.8134169150144,0.14799128472805018,0.002737471833825101,0.0595124885439872,0.0007225430454127,0.0006899596191942,0.051890667527914096,0.0088881254196167,0.15953259980392098,0.05190028409576494,0.0088881254196167,0.03891893438828574,0.9854692645549964,True
5,0,1288,279,278,0.0,contradictory,put the cream cheese box in the basket but leave the butter outside the basket,2026080812,7150000,sha256:1344d45ea0967570,mps:0,0.2008928507566452,-0.0160714294761419,-0.0,0.0,0.0,-0.0707142874598503,-1.0,0.1159638315439224,0.1334291398525238,0.0168269276618957,-0.0001778159639798,-0.002243984490633,-0.014240856282413,-1.0043014287948608,521.8390410300344,0.0849290192127228,0.1495005693286657,0.0168269276618957,0.0001778159639798,0.002243984490633,0.0564734311774373,0.00430142879486084,0.1727614078102193,0.056518275927915515,0.00430142879486084,0.04492188237574217,0.5910300844128974,True
5,0,1288,279,278,0.0,unrelated,open the top drawer of the cabinet,2026080812,7150000,sha256:1344d45ea0967570,mps:0,0.2008928507566452,-0.0160714294761419,-0.0,0.0,0.0,-0.0707142874598503,-1.0,0.1938184201717376,-0.4822431802749634,0.0736561641097068,-0.0031303027644753,0.0296908095479011,-0.0018254327587783,-0.9947096705436708,519.5357908960432,0.007074430584907615,0.4661717507988215,0.0736561641097068,0.0031303027644753,0.0296908095479011,0.06888885470107199,0.005290329456329235,0.472007817013972,0.07508007238297273,0.005290329456329235,0.09341466313760194,0.4413134782052606,True
5,16,1304,279,278,0.0575539568345323,correct,put both the cream cheese box and the butter in the basket,2026080812,7150016,sha256:dcca1dc15332651d,mps:0,0.8008928298950195,-0.5330356955528259,-0.0,0.0,0.0653571411967277,-0.0664285719394683,-1.0,0.8194752335548401,-0.4735468029975891,-0.0485824644565582,-0.0042171133682131,-0.0151480948552489,-0.0354995802044868,-1.003124117851257,542.8228329401463,0.018582403659820557,0.059488892555236816,0.0485824644565582,0.0042171133682131,0.0805052360519766,0.030928991734981502,0.003124117851257102,0.07902208498829782,0.08634511918277367,0.003124117851257102,0.03506131709686341,0.9966885077765449,True
5,16,1304,279,278,0.0575539568345323,paraphrase,place the cream cheese box and the butter together inside the basket,2026080812,7150016,sha256:dcca1dc15332651d,mps:0,0.8008928298950195,-0.5330356955528259,-0.0,0.0,0.0653571411967277,-0.0664285719394683,-1.0,0.8352099061012268,-0.4538999795913696,-0.1309872269630432,-0.0004293553065508,-0.0290800556540489,-0.0352683141827583,-1.0062413215637207,507.093874970451,0.034317076206207275,0.07913571596145635,0.1309872269630432,0.0004293553065508,0.09443719685077659,0.031160257756710004,0.006241321563720703,0.15683678422979327,0.09944611685971552,0.006241321563720703,0.05381545008692356,0.9866806973211231,True
5,16,1304,279,278,0.0575539568345323,contradictory,put the cream cheese box in the basket but leave the butter outside the basket,2026080812,7150016,sha256:dcca1dc15332651d,mps:0,0.8008928298950195,-0.5330356955528259,-0.0,0.0,0.0653571411967277,-0.0664285719394683,-1.0,0.7719164490699768,-0.3678768277168274,-0.0169794633984565,-0.0021176571026444,-0.020391508936882,-0.0352526232600212,-0.997335970401764,522.5535829085857,0.028976380825042725,0.16515886783599854,0.0169794633984565,0.0021176571026444,0.0857486501336097,0.031175948679447098,0.002664029598235973,0.1685389701163688,0.09126475358759319,0.002664029598235973,0.04754585679620499,0.9896693793495871,True
5,16,1304,279,278,0.0575539568345323,unrelated,open the top drawer of the cabinet,2026080812,7150016,sha256:dcca1dc15332651d,mps:0,0.8008928298950195,-0.5330356955528259,-0.0,0.0,0.0653571411967277,-0.0664285719394683,-1.0,0.3024667203426361,-0.5263091921806335,-0.1321912109851837,-0.0029978251550346,-0.0429064519703388,0.0285164806991815,-0.9748892188072203,536.3697088323534,0.4984261095523834,0.006726503372192383,0.1321912109851837,0.0029978251550346,0.10826359316706649,0.0949450526386498,0.025110781192779652,0.5157018022005255,0.14402970381716482,0.025110781192779652,0.12409443943761286,0.8746804451479643,True
5,27,1315,279,278,0.0971223021582733,correct,put both the cream cheese box and the butter in the basket,2026080812,7150027,sha256:de900d29d04e17a4,mps:0,0.4258928596973419,-0.4526785612106323,-0.5035714507102966,0.0,-0.02357142791152,-0.1585714221000671,-1.0,0.5188817977905273,-0.4286186695098877,-0.3810314834117889,0.010043554008007,-0.0190881416201591,-0.1093335300683975,-1.0211987495422363,548.7424589227885,0.09298893809318542,0.02405989170074463,0.12253996729850775,0.010043554008007,0.0044832862913609,0.04923789203166962,0.021198749542236328,0.15569799157943298,0.050451390910503276,0.021198749542236328,0.04636461128081595,0.9809768599907319,True
5,27,1315,279,278,0.0971223021582733,paraphrase,place the cream cheese box and the butter together inside the basket,2026080812,7150027,sha256:de900d29d04e17a4,mps:0,0.4258928596973419,-0.4526785612106323,-0.5035714507102966,0.0,-0.02357142791152,-0.1585714221000671,-1.0,0.3133885562419891,-0.2997824549674988,-0.5777269005775452,0.0199126619845628,-0.0580467768013477,-0.1064633280038833,-1.0211254358291626,517.2444998752326,0.11250430345535284,0.15289610624313354,0.07415544986724854,0.0199126619845628,0.0344753488898277,0.052108094096183805,0.021125435829162598,0.2037976161423379,0.06557680427348944,0.021125435829162598,0.06673962862363883,0.9692647919086407,True
5,27,1315,279,278,0.0971223021582733,contradictory,put the cream cheese box in the basket but leave the butter outside the basket,2026080812,7150027,sha256:de900d29d04e17a4,mps:0,0.4258928596973419,-0.4526785612106323,-0.5035714507102966,0.0,-0.02357142791152,-0.1585714221000671,-1.0,0.181442841887474,-0.2291558682918548,-0.5510639548301697,0.0091429594904184,-0.0601121447980403,-0.1021853238344192,-1.0146949291229248,531.7430410068482,0.24445001780986791,0.22352269291877752,0.04749250411987305,0.0091429594904184,0.0365407168865203,0.056386098265647916,0.014694929122924805,0.33462478002156837,0.06781010084380915,0.014694929122924805,0.09031855980200428,0.9188886310921188,True
5,27,1315,279,278,0.0971223021582733,unrelated,open the top drawer of the cabinet,2026080812,7150027,sha256:de900d29d04e17a4,mps:0,0.4258928596973419,-0.4526785612106323,-0.5035714507102966,0.0,-0.02357142791152,-0.1585714221000671,-1.0,0.0803873538970947,-0.3948461413383484,-0.5291811227798462,0.0001874926383607,-0.0176540203392505,-0.0159211922436952,-1.0040019750595093,523.9727499429137,0.3455055058002472,0.057832419872283936,0.02560967206954956,0.0001874926383607,0.005917407572269502,0.1426502298563719,0.004001975059509277,0.351247062094587,0.14277303297171187,0.004001975059509277,0.0831006718383703,0.9011349356594553,True
5,51,1339,279,278,0.1834532374100719,correct,put both the cream cheese box and the butter in the basket,2026080812,7150051,sha256:9f4970d3752830f4,mps:0,-0.2491071373224258,0.0,-0.5544642806053162,0.0,0.0,0.0599999986588954,-1.0,-0.4688972234725952,-0.1673422455787658,-0.6964457035064697,0.0017198114655911,0.0069739208556711,0.0493247136473655,-0.99350506067276,565.158624900505,0.21979008615016943,0.1673422455787658,0.14198142290115356,0.0017198114655911,0.0069739208556711,0.010675285011529902,0.00649493932723999,0.3105959329648073,0.012866819096254438,0.00649493932723999,0.07928253018430298,0.966520840754949,True
5,51,1339,279,278,0.1834532374100719,paraphrase,place the cream cheese box and the butter together inside the basket,2026080812,7150051,sha256:9f4970d3752830f4,mps:0,-0.2491071373224258,0.0,-0.5544642806053162,0.0,0.0,0.0599999986588954,-1.0,-0.583954393863678,-0.1731861531734466,-0.7097586989402771,0.0024560505989938,0.0045293378643691,0.0296778175979852,-0.9987453818321228,520.6638330128044,0.3348472565412522,0.1731861531734466,0.15529441833496094,0.0024560505989938,0.0045293378643691,0.0303221810609102,0.0012546181678771973,0.40771618220302897,0.03075681632297216,0.0012546181678771973,0.10027000224883001,0.9480908403579328,True
5,51,1339,279,278,0.1834532374100719,contradictory,put the cream cheese box in the basket but leave the butter outside the basket,2026080812,7150051,sha256:9f4970d3752830f4,mps:0,-0.2491071373224258,0.0,-0.5544642806053162,0.0,0.0,0.0599999986588954,-1.0,-0.5477327108383179,-0.1667749583721161,-0.5765253901481628,0.0020620550494641,0.0105894841253757,0.0179531332105398,-1.0001204013824463,546.5885000303388,0.2986255735158921,0.1667749583721161,0.02206110954284668,0.0020620550494641,0.0105894841253757,0.042046865448355605,0.00012040138244628906,0.3427503646270533,0.04340884862675725,0.00012040138244628906,0.07746863534807093,0.9234816909422433,True
5,51,1339,279,278,0.1834532374100719,unrelated,open the top drawer of the cabinet,2026080812,7150051,sha256:9f4970d3752830f4,mps:0,-0.2491071373224258,0.0,-0.5544642806053162,0.0,0.0,0.0599999986588954,-1.0,-0.5577269792556763,-0.1276348680257797,-0.657605767250061,-0.0039048641920089,0.0210470389574766,0.1200787425041198,-0.989651083946228,543.1981661822647,0.3086198419332505,0.1276348680257797,0.10314148664474487,0.0039048641920089,0.0210470389574766,0.0600787438452244,0.010348916053771973,0.349535452619832,0.06377837623564636,0.010348916053771973,0.09068225137889384,0.9503819435926146,True
5,61,1349,279,278,0.2194244604316546,correct,put both the cream cheese box and the butter in the basket,2026080812,7150061,sha256:e2c6ed6cf6d697a8,mps:0,0.0,-0.0080357147380709,0.3589285612106323,0.0,0.0267857145518064,0.0053571430034935,1.0,0.1449619829654693,-0.0694159269332885,0.9222830533981324,0.0003307741717435,-0.0162897557020187,0.0608209446072578,0.9927255511283876,553.0540000181645,0.1449619829654693,0.0613802121952176,0.5633544921875001,0.0003307741717435,0.043075470253825104,0.0554638016037643,0.007274448871612438,0.5849357151194027,0.07022705203468668,0.007274448871612438,0.1251201688927332,0.9865653614303047,True
5,61,1349,279,278,0.2194244604316546,paraphrase,place the cream cheese box and the butter together inside the basket,2026080812,7150061,sha256:e2c6ed6cf6d697a8,mps:0,0.0,-0.0080357147380709,0.3589285612106323,0.0,0.0267857145518064,0.0053571430034935,1.0,0.0770158246159553,0.0103557407855987,0.927399516105652,-0.0007577688083983,-0.0163911543786525,0.0487048402428627,1.0061391592025757,519.110833061859,0.0770158246159553,0.018391455523669602,0.5684709548950196,0.0007577688083983,0.0431768689304589,0.0433476972393692,0.006139159202575684,0.5739589788798587,0.06118691919161337,0.006139159202575684,0.10818567560220667,0.9960091013455049,True
5,61,1349,279,278,0.2194244604316546,contradictory,put the cream cheese box in the basket but leave the butter outside the basket,2026080812,7150061,sha256:e2c6ed6cf6d697a8,mps:0,0.0,-0.0080357147380709,0.3589285612106323,0.0,0.0267857145518064,0.0053571430034935,1.0,0.0834713876247406,-0.045251041650772,0.7380582690238953,-0.0031119503546506,-0.0194752551615238,0.0363990515470504,1.0112255811691284,554.7282078769058,0.0834713876247406,0.037215326912701095,0.37912970781326294,0.0031119503546506,0.0462609697133302,0.0310419085435569,0.011225581169128418,0.3899894722371221,0.05579750567770942,0.011225581169128418,0.0844938331616244,0.9929390552383928,True
5,61,1349,279,278,0.2194244604316546,unrelated,open the top drawer of the cabinet,2026080812,7150061,sha256:e2c6ed6cf6d697a8,mps:0,0.0,-0.0080357147380709,0.3589285612106323,0.0,0.0267857145518064,0.0053571430034935,1.0,-0.0464439839124679,-0.0883546620607376,0.2375999093055725,-0.0203525405377149,-0.0296944864094257,0.1359611749649047,0.9919108748435974,537.0641248300672,0.0464439839124679,0.0803189473226667,0.12132865190505981,0.0203525405377149,0.0564802009612321,0.1306040319614112,0.008089125156402588,0.15273774488901576,0.1437416160043354,0.008089125156402588,0.06623106882242218,0.9293889187047789,True
5,76,1364,279,278,0.2733812949640288,correct,put both the cream cheese box and the butter in the basket,2026080812,7150076,sha256:51c9f43448b8b7be,mps:0,-0.0991071462631225,0.6616071462631226,0.9107142686843872,-0.0085714282467961,-0.0524999983608722,-0.0,1.0,0.2788925766944885,0.7772300839424133,0.7119541764259338,-0.0014946570154279,-0.0278076268732547,-0.0109875444322824,1.0125452280044556,559.3097500968724,0.37799972295761103,0.11562293767929077,0.19876009225845337,0.0070767712313682,0.0246923714876175,0.0109875444322824,0.012545228004455566,0.44244550912876124,0.027937788627502468,0.012545228004455566,0.10681209543586842,0.9211968569331809,True
5,76,1364,279,278,0.2733812949640288,paraphrase,place the cream cheese box and the butter together inside the basket,2026080812,7150076,sha256:51c9f43448b8b7be,mps:0,-0.0991071462631225,0.6616071462631226,0.9107142686843872,-0.0085714282467961,-0.0524999983608722,-0.0,1.0,0.2390695512294769,0.8272863030433655,0.6050450205802917,-0.0018488238565623,-0.0249470546841621,-0.0104083530604839,1.0204349756240845,531.4234169200063,0.3381766974925994,0.16567915678024292,0.30566924810409546,0.0067226043902338,0.027552943676710098,0.0104083530604839,0.020434975624084473,0.48502242314653504,0.030210791589616356,0.020434975624084473,0.12494913987549286,0.903627404561674,True
5,76,1364,279,278,0.2733812949640288,contradictory,put the cream cheese box in the basket but leave the butter outside the basket,2026080812,7150076,sha256:51c9f43448b8b7be,mps:0,-0.0991071462631225,0.6616071462631226,0.9107142686843872,-0.0085714282467961,-0.0524999983608722,-0.0,1.0,0.3942447304725647,0.7172439694404602,0.851987361907959,-0.0045510297641158,-0.0187148116528987,-0.0250164419412612,1.012156963348389,548.6114581581205,0.4933518767356872,0.055636823177337646,0.05872690677642822,0.0040203984826803,0.033785186707973494,0.0250164419412612,0.012156963348388894,0.49994037639644423,0.042230614632665,0.012156963348388894,0.09752779959567957,0.9073807115340911,True
5,76,1364,279,278,0.2733812949640288,unrelated,open the top drawer of the cabinet,2026080812,7150076,sha256:51c9f43448b8b7be,mps:0,-0.0991071462631225,0.6616071462631226,0.9107142686843872,-0.0085714282467961,-0.0524999983608722,-0.0,1.0,0.5604156851768494,0.3053359091281891,0.5175716280937195,-0.0097887907177209,0.0129059571772813,0.0022976729087531,-0.9676175713539124,558.5802078712732,0.6595228314399719,0.35627123713493347,0.3931426405906677,0.0012173624709248005,0.0654059555381535,0.0022976729087531,1.9676175713539124,0.8464400129075046,0.06545762210804901,1.9676175713539124,0.49221075306247386,0.6653877822862961,True
5,88,1376,279,278,0.316546762589928,correct,put both the cream cheese box and the butter in the basket,2026080812,7150088,sha256:6c6c8b376a137748,mps:0,-0.28125,0.8116071224212646,-0.0,-0.002142857061699,-0.0450000017881393,-0.0,1.0,-0.2965399622917175,0.8066612482070923,0.4868533313274383,-0.0008574979729019,-0.0354813113808631,0.0056326696649193,1.0120947360992432,561.9198339991271,0.015289962291717474,0.004945874214172363,0.4868533313274383,0.0012853590887970997,0.009518690407276202,0.0056326696649193,0.012094736099243164,0.48711847721396173,0.01113483644293114,0.012094736099243164,0.07651723187050911,0.8699409379991729,True
5,88,1376,279,278,0.316546762589928,paraphrase,place the cream cheese box and the butter together inside the basket,2026080812,7150088,sha256:6c6c8b376a137748,mps:0,-0.28125,0.8116071224212646,-0.0,-0.002142857061699,-0.0450000017881393,-0.0,1.0,-0.2971946001052856,0.8407297134399414,0.3937303721904754,-0.0016396753489971,-0.0330165848135948,0.0047925719991326,1.010482668876648,534.7895419690758,0.01594460010528559,0.029122591018676758,0.3937303721904754,0.0005031817127018998,0.011983416974544504,0.0047925719991326,0.01048266887664795,0.39512777878226796,0.012916045083099889,0.01048266887664795,0.06665134326820925,0.9147759688996737,True
5,88,1376,279,278,0.316546762589928,contradictory,put the cream cheese box in the basket but leave the butter outside the basket,2026080812,7150088,sha256:6c6c8b376a137748,mps:0,-0.28125,0.8116071224212646,-0.0,-0.002142857061699,-0.0450000017881393,-0.0,1.0,-0.2176390290260315,0.7450140118598938,0.6177993416786194,-0.0013027272652834,-0.0331781432032585,-0.0073729380965232,1.0023101568222046,539.3919590860605,0.0636109709739685,0.06659311056137085,0.6177993416786194,0.0008401297964155999,0.011821858584880801,0.0073729380965232,0.00231015682220459,0.6246255074690958,0.013957878587052847,0.00231015682220459,0.1100497866448547,0.7814487939031708,True
5,88,1376,279,278,0.316546762589928,unrelated,open the top drawer of the cabinet,2026080812,7150088,sha256:6c6c8b376a137748,mps:0,-0.28125,0.8116071224212646,-0.0,-0.002142857061699,-0.0450000017881393,-0.0,1.0,0.0278723612427711,0.1223775893449783,0.8507363200187683,-0.0053063351660966,-0.0008916454389691,0.0254605244845151,1.0097949504852295,553.750041872263,0.3091223612427711,0.6892295330762863,0.8507363200187683,0.0031634781043976,0.0441083563491702,0.0254605244845151,0.009794950485229492,1.137693398804765,0.05102737501154629,0.009794950485229492,0.2759450748230198,0.12385117434894946,True
5,107,1395,279,278,0.3848920863309352,correct,put both the cream cheese box and the butter in the basket,2026080812,7150107,sha256:6422d5d13ee0c0ff,mps:0,-0.115178570151329,0.8651785850524902,-0.0,-0.0053571430034935,0.0,-0.0,1.0,-0.3585239350795746,0.5365184545516968,-0.0585053339600563,-0.004798580892384,-0.0285302735865116,-0.0203838013112545,1.0079683065414429,556.6424168646336,0.2433453649282456,0.32866013050079346,0.0585053339600563,0.0005585621111094995,0.0285302735865116,0.0203838013112545,0.007968306541442871,0.41310691366114577,0.03506833127552364,0.007968306541442871,0.09827882470563054,0.8938272478506037,True
5,107,1395,279,278,0.3848920863309352,paraphrase,place the cream cheese box and the butter together inside the basket,2026080812,7150107,sha256:6422d5d13ee0c0ff,mps:0,-0.115178570151329,0.8651785850524902,-0.0,-0.0053571430034935,0.0,-0.0,1.0,-0.3082198798656463,0.6175017356872559,-0.1633223295211792,-0.0021089110523462,-0.0383046679198741,-0.028084572404623,1.0089390277862549,522.7882920298725,0.19304130971431732,0.24767684936523438,0.1633223295211792,0.0032482319511472997,0.0383046679198741,0.028084572404623,0.008939027786254883,0.3539533193627835,0.04760821150191213,0.008939027786254883,0.09751671266609004,0.920422591580509,True
5,107,1395,279,278,0.3848920863309352,contradictory,put the cream cheese box in the basket but leave the butter outside the basket,2026080812,7150107,sha256:6422d5d13ee0c0ff,mps:0,-0.115178570151329,0.8651785850524902,-0.0,-0.0053571430034935,0.0,-0.0,1.0,-0.2620932757854461,0.3727366328239441,-0.2341395914554596,0.0004156124778091,-0.0453100651502609,-0.0443533658981323,0.9974443316459656,527.865500189364,0.14691470563411713,0.49244195222854614,0.2341395914554596,0.005772755481302599,0.0453100651502609,0.0443533658981323,0.002555668354034424,0.5647161723672791,0.06366747816791082,0.002555668354034424,0.13878401488597902,0.7887310176418884,True
5,107,1395,279,278,0.3848920863309352,unrelated,open the top drawer of the cabinet,2026080812,7150107,sha256:6422d5d13ee0c0ff,mps:0,-0.115178570151329,0.8651785850524902,-0.0,-0.0053571430034935,0.0,-0.0,1.0,-0.0445746332406997,-0.3653278052806854,0.4097829759120941,-0.0044091767631471,0.0151699800044298,-0.0635795146226883,0.999168336391449,522.6729998830706,0.0706039369106293,1.2305063903331757,0.4097829759120941,0.0009479662403463996,0.0151699800044298,0.0635795146226883,0.0008316636085510254,1.298866036165945,0.0653711068667517,0.0008316636085510254,0.2559174896617021,-0.646795507836189,True
5,120,1408,279,278,0.4316546762589928,correct,put both the cream cheese box and the butter in the basket,2026080812,7150120,sha256:8e96f294fe37d135,mps:0,-0.018750000745058,0.0,-0.3241071403026581,0.0,0.0375000014901161,0.0203571431338787,1.0,0.0347293838858604,0.2554474174976349,-0.4221931993961334,0.0012012114748358,0.0292136408388614,0.0020450986921787,1.0041100978851318,528.3284580800682,0.053479384630918406,0.2554474174976349,0.09808605909347534,0.0012012114748358,0.008286360651254699,0.018312044441700003,0.004110097885131836,0.2788087205867159,0.020135482449763535,0.004110097885131836,0.06270322509642157,0.8479909079348648,True
5,120,1408,279,278,0.4316546762589928,paraphrase,place the cream cheese box and the butter together inside the basket,2026080812,7150120,sha256:8e96f294fe37d135,mps:0,-0.018750000745058,0.0,-0.3241071403026581,0.0,0.0375000014901161,0.0203571431338787,1.0,0.0071132630109786,0.2539935708045959,-0.5214281678199768,0.0123069426044821,0.0096261780709028,-0.0006244801916182,1.0022788047790527,517.0434578321874,0.0258632637560366,0.2539935708045959,0.19732102751731873,0.0123069426044821,0.0278738234192133,0.0209816233254969,0.0022788047790527344,0.3226720166402318,0.03699512651213043,0.0022788047790527344,0.07723129374374234,0.8967376071923729,True
5,120,1408,279,278,0.4316546762589928,contradictory,put the cream cheese box in the basket but leave the butter outside the basket,2026080812,7150120,sha256:8e96f294fe37d135,mps:0,-0.018750000745058,0.0,-0.3241071403026581,0.0,0.0375000014901161,0.0203571431338787,1.0,0.0459928587079048,0.088559590280056,-0.0924791544675827,-0.0009006847976706,0.0117540005594491,-0.0288787968456745,-1.0045071840286257,553.2034581992775,0.0647428594529628,0.088559590280056,0.23162798583507538,0.0009006847976706,0.025746000930667,0.0492359399795532,2.0045071840286255,0.256292728540494,0.05556838654034168,2.0045071840286255,0.3521886064720872,0.6590681361954795,True
5,120,1408,279,278,0.4316546762589928,unrelated,open the top drawer of the cabinet,2026080812,7150120,sha256:8e96f294fe37d135,mps:0,-0.018750000745058,0.0,-0.3241071403026581,0.0,0.0375000014901161,0.0203571431338787,1.0,0.0932262986898422,0.0394402667880058,-0.0702690631151199,-0.0011064514983445,0.0378171317279338,-0.0219191536307334,-1.0161190032958984,536.5752081852406,0.1119762994349002,0.0394402667880058,0.25383807718753815,0.0011064514983445,0.00031713023781770183,0.0422762967646121,2.0161190032958984,0.2802284705552062,0.04229196229350772,2.0161190032958984,0.3521533607438738,0.5256033852313212,True
5,134,1422,279,278,0.4820143884892086,correct,put both the cream cheese box and the butter in the basket,2026080812,7150134,sha256:b289cb1e3e4b3bcf,mps:0,-0.0133928572759032,-0.1312499940395355,0.3508928716182709,-0.010714286006987,0.0257142856717109,0.0289285723119974,-1.0,0.2361945211887359,-0.1209965944290161,0.2687715888023376,0.0027155713178217,0.0608121939003467,-0.0693540647625923,-0.9945464730262756,539.3434159923345,0.2495873784646391,0.010253399610519395,0.08212128281593328,0.013429857324808699,0.0350979082286358,0.0982826370745897,0.005453526973724365,0.26295036943073213,0.10522215061538123,0.005453526973724365,0.07060371292755005,0.7558710392865463,True
5,134,1422,279,278,0.4820143884892086,paraphrase,place the cream cheese box and the butter together inside the basket,2026080812,7150134,sha256:b289cb1e3e4b3bcf,mps:0,-0.0133928572759032,-0.1312499940395355,0.3508928716182709,-0.010714286006987,0.0257142856717109,0.0289285723119974,-1.0,0.13603475689888,-0.060843139886856,0.1760386824607849,0.0049630864523351,0.0381890386343002,-0.0587469860911369,-1.0062768459320068,522.6414161734283,0.1494276141747832,0.0704068541526795,0.17485418915748596,0.0156773724593221,0.012474752962589299,0.08767555840313429,0.006276845932006836,0.24054048402621633,0.08993554920056558,0.006276845932006836,0.07382759817742875,0.7857052960086817,True
5,134,1422,279,278,0.4820143884892086,contradictory,put the cream cheese box in the basket but leave the butter outside the basket,2026080812,7150134,sha256:b289cb1e3e4b3bcf,mps:0,-0.0133928572759032,-0.1312499940395355,0.3508928716182709,-0.010714286006987,0.0257142856717109,0.0289285723119974,-1.0,0.1876135617494583,-0.0306002050638198,0.3357357382774353,0.0004390984540805,0.0706658437848091,-0.0668918639421463,-1.0002070665359497,527.5457911193371,0.2010064190253615,0.10064978897571569,0.015157133340835571,0.011153384461067499,0.0449515581130982,0.0958204362541437,0.00020706653594970703,0.22530800962541742,0.10642648432446711,0.00020706653594970703,0.06699225524373884,0.8249221914344902,True
5,134,1422,279,278,0.4820143884892086,unrelated,open the top drawer of the cabinet,2026080812,7150134,sha256:b289cb1e3e4b3bcf,mps:0,-0.0133928572759032,-0.1312499940395355,0.3508928716182709,-0.010714286006987,0.0257142856717109,0.0289285723119974,-1.0,0.1890405416488647,-0.1465991735458374,0.3149033486843109,0.0008827422279864,0.0624760016798973,-0.0557988956570625,-1.0092417001724243,522.0034588128328,0.2024333989247679,0.015349179506301908,0.03598952293395996,0.011597028234973399,0.0367617160081864,0.0847274679690599,0.009241700172424316,0.2061798343019145,0.09308414825413289,0.009241700172424316,0.05658571624995339,0.8580563316448805,True
5,143,1431,279,278,0.5143884892086331,correct,put both the cream cheese box and the butter in the basket,2026080812,7150143,sha256:0ca00e62b387f3ab,mps:0,0.3267857134342193,-0.8812500238418579,0.0723214298486709,0.0900000035762786,0.0,-0.0,-1.0,0.324578195810318,-0.8015892505645752,0.0515439882874488,0.0155083369463682,0.0152676589787006,-0.0037832595407962,-0.9990757703781128,557.7983751427382,0.0022075176239013117,0.07966077327728271,0.020777441561222104,0.0744916666299104,0.0152676589787006,0.0037832595407962,0.000924229621887207,0.08235541276093802,0.07613424236665542,0.000924229621887207,0.028158935319100076,0.9994138835585167,True
5,143,1431,279,278,0.5143884892086331,paraphrase,place the cream cheese box and the butter together inside the basket,2026080812,7150143,sha256:0ca00e62b387f3ab,mps:0,0.3267857134342193,-0.8812500238418579,0.0723214298486709,0.0900000035762786,0.0,-0.0,-1.0,0.2175744473934173,-0.7705972790718079,0.0109668672084808,0.020516624674201,0.0004047499969601,-0.0025722456630319,-1.00419282913208,530.8770420961082,0.109211266040802,0.11065274477005005,0.061354562640190104,0.0694833789020776,0.0004047499969601,0.0025722456630319,0.004192829132080078,0.16713920220029077,0.06953215237543499,0.004192829132080078,0.05112453959217027,0.9948276894879131,True
5,143,1431,279,278,0.5143884892086331,contradictory,put the cream cheese box in the basket but leave the butter outside the basket,2026080812,7150143,sha256:0ca00e62b387f3ab,mps:0,0.3267857134342193,-0.8812500238418579,0.0723214298486709,0.0900000035762786,0.0,-0.0,-1.0,0.036987580358982,-0.4877534508705139,0.2290343344211578,0.0073550613597035,0.0471499375998973,-0.0110430661588907,-0.9902498126029968,554.8029581550509,0.2897981330752373,0.393496572971344,0.1567129045724869,0.0826449422165751,0.0471499375998973,0.0110430661588907,0.009750187397003174,0.5132070199574734,0.09578753781074491,0.009750187397003174,0.14151367771306206,0.9004851231695711,True
5,143,1431,279,278,0.5143884892086331,unrelated,open the top drawer of the cabinet,2026080812,7150143,sha256:0ca00e62b387f3ab,mps:0,0.3267857134342193,-0.8812500238418579,0.0723214298486709,0.0900000035762786,0.0,-0.0,-1.0,8.203089237213135e-05,-0.5690256953239441,0.2637275159358978,-0.0024804084096103,0.0500663854181766,0.0041761985048651,-0.9902883172035216,527.1568750031292,0.3267036825418472,0.3122243285179138,0.19140608608722692,0.0924804119858889,0.0500663854181766,0.0041761985048651,0.009711682796478383,0.4907704323776007,0.10524595091438524,0.009711682796478383,0.14096696797891384,0.8804850871310081,True
5,160,1448,279,278,0.5755395683453237,correct,put both the cream cheese box and the butter in the basket,2026080812,7150160,sha256:05951eb19c476edc,mps:0,0.0,-0.0348214283585548,-0.6857143044471741,-0.0439285710453987,0.01178571395576,-0.0,-1.0,-0.2187897264957428,-0.0177979841828346,-0.7042475938796997,0.0401944145560264,0.0266751907765865,0.0575442090630531,-0.9882516264915466,537.3652500566095,0.2187897264957428,0.017023444175720197,0.018533289432525635,0.0841229856014251,0.014889476820826501,0.0575442090630531,0.01174837350845337,0.2202322067475045,0.10300344277347175,0.01174837350845337,0.06037878644253525,0.9546928187185743,True
5,160,1448,279,278,0.5755395683453237,paraphrase,place the cream cheese box and the butter together inside the basket,2026080812,7150160,sha256:05951eb19c476edc,mps:0,0.0,-0.0348214283585548,-0.6857143044471741,-0.0439285710453987,0.01178571395576,-0.0,-1.0,-0.2638802230358124,-0.0021293088793754,-0.7346734404563904,0.0421662218868732,0.0157323721796274,0.0339617654681205,-0.9836360216140748,535.4376658797264,0.2638802230358124,0.032692119479179396,0.04895913600921631,0.0860947929322719,0.003946658223867401,0.0339617654681205,0.016363978385925182,0.27036742367422884,0.0926352578390022,0.016363978385925182,0.06941409621919901,0.9400567388622432,True
5,160,1448,279,278,0.5755395683453237,contradictory,put the cream cheese box in the basket but leave the butter outside the basket,2026080812,7150160,sha256:05951eb19c476edc,mps:0,0.0,-0.0348214283585548,-0.6857143044471741,-0.0439285710453987,0.01178571395576,-0.0,-1.0,-0.3116660118103027,-0.0105413049459457,-0.6818263530731201,0.0377201400697231,0.0326621942222118,0.0268433112651109,-0.982004463672638,541.6590839158744,0.3116660118103027,0.0242801234126091,0.003887951374053955,0.0816487111151218,0.0208764802664518,0.0268433112651109,0.01799553632736195,0.31263452060922237,0.08844717527853445,0.01799553632736195,0.0695997322244303,0.9089404740924397,True
5,160,1448,279,278,0.5755395683453237,unrelated,open the top drawer of the cabinet,2026080812,7150160,sha256:05951eb19c476edc,mps:0,0.0,-0.0348214283585548,-0.6857143044471741,-0.0439285710453987,0.01178571395576,-0.0,-1.0,-0.1174425259232521,0.5685520172119141,-0.4114609360694885,0.0128784906119108,0.034923356026411,0.0943354666233062,-0.9882609844207764,546.7963330447674,0.1174425259232521,0.6033734455704689,0.27425336837768555,0.0568070616573095,0.023137642070651,0.0943354666233062,0.011739015579223633,0.6731026457987814,0.11252365528085123,0.011739015579223633,0.16872693225741386,0.536970554809364,True
5,170,1458,279,278,0.6115107913669064,correct,put both the cream cheese box and the butter in the basket,2026080812,7150170,sha256:fd587ec36621ddbd,mps:0,-0.3642857074737549,-0.208928570151329,-0.543749988079071,0.0460714288055896,0.068571425974369,0.0149999996647238,-1.0,-0.448402464389801,0.0496593415737152,-0.7992690801620483,-0.0016346082556992,-0.0608976520597934,0.1185463219881057,-0.981247901916504,548.6562501173466,0.08411675691604614,0.2585879117250442,0.2555190920829773,0.0477060370612888,0.1294690780341624,0.1035463223233819,0.018752098083495983,0.37313984416476015,0.1725107214227765,0.018752098083495983,0.12824247088948526,0.931822690556834,True
5,170,1458,279,278,0.6115107913669064,paraphrase,place the cream cheese box and the butter together inside the basket,2026080812,7150170,sha256:fd587ec36621ddbd,mps:0,-0.3642857074737549,-0.208928570151329,-0.543749988079071,0.0460714288055896,0.068571425974369,0.0149999996647238,-1.0,-0.5126182436943054,0.0526124946773052,-0.7997032999992371,-3.279070369899273e-05,-0.0680835619568824,0.0830106735229492,-0.9852508306503296,504.1812909767032,0.14833253622055054,0.2615410648286342,0.255953311920166,0.04610421950928859,0.1366549879312514,0.0680106738582254,0.01474916934967041,0.39486499943172804,0.15945418320539925,0.01474916934967041,0.1330494233739695,0.9341693348851293,True
5,170,1458,279,278,0.6115107913669064,contradictory,put the cream cheese box in the basket but leave the butter outside the basket,2026080812,7150170,sha256:fd587ec36621ddbd,mps:0,-0.3642857074737549,-0.208928570151329,-0.543749988079071,0.0460714288055896,0.068571425974369,0.0149999996647238,-1.0,-0.5249810218811035,0.0453665852546691,-0.7612640261650085,0.0002647471847012,-0.0489226467907428,0.0519344583153724,-0.9844917058944702,526.2480829842389,0.16069531440734863,0.2542951554059981,0.2175140380859375,0.0458066816208884,0.11749407276511178,0.036934458650648594,0.015508294105529785,0.3712160649808788,0.13140495976890404,0.015508294105529785,0.12117828786306613,0.9365083124690232,True
5,170,1458,279,278,0.6115107913669064,unrelated,open the top drawer of the cabinet,2026080812,7150170,sha256:fd587ec36621ddbd,mps:0,-0.3642857074737549,-0.208928570151329,-0.543749988079071,0.0460714288055896,0.068571425974369,0.0149999996647238,-1.0,-0.4220601320266723,0.4323649108409881,-0.7113465070724487,-0.0088550271466374,-0.0418066792190074,0.1106290072202682,-0.9907353520393372,541.4677918888628,0.057774424552917425,0.6412934809923171,0.16759651899337769,0.054926455952227,0.1103781051933764,0.09562900755554439,0.009264647960662842,0.6653448775442414,0.1560293201792867,0.009264647960662842,0.16240894874291753,0.7021112531585708,True
5,183,1471,279,278,0.658273381294964,correct,put both the cream cheese box and the butter in the basket,2026080812,7150183,sha256:0a201498705f9712,mps:0,-0.0535714291036129,0.0455357134342193,-0.0669642835855484,0.0,0.0482142865657806,0.0192857142537832,1.0,0.0718569159507751,-0.0096684992313385,0.4854279458522796,-0.0009383872966282,0.0515232384204864,-0.026553489267826,0.9852516055107116,536.4205411169678,0.125428345054388,0.0552042126655578,0.5523922294378281,0.0009383872966282,0.0033089518547058036,0.0458392035216092,0.014748394489288441,0.5691370221505546,0.04596805752466319,0.014748394489288441,0.11397996061714365,-0.772119846146879,True
5,183,1471,279,278,0.658273381294964,paraphrase,place the cream cheese box and the butter together inside the basket,2026080812,7150183,sha256:0a201498705f9712,mps:0,-0.0535714291036129,0.0455357134342193,-0.0669642835855484,0.0,0.0482142865657806,0.0192857142537832,1.0,-0.0534795001149177,-0.0294534415006637,0.2839882671833038,-4.383129999041557e-05,0.0347407199442386,-0.0233281329274177,0.98429673910141,506.3817910850048,9.192898869520016e-05,0.07498915493488299,0.3509525507688522,4.383129999041557e-05,0.013473566621541998,0.0426138471812009,0.015703260898589977,0.35887473399495623,0.04469316379795386,0.015703260898589977,0.07112402009910766,-0.6202383121707927,True
5,183,1471,279,278,0.658273381294964,contradictory,put the cream cheese box in the basket but leave the butter outside the basket,2026080812,7150183,sha256:0a201498705f9712,mps:0,-0.0535714291036129,0.0455357134342193,-0.0669642835855484,0.0,0.0482142865657806,0.0192857142537832,1.0,-0.0809105411171913,-0.0303422138094902,0.0631633177399635,-0.0015709607396274,0.0463551096618175,-0.0209986176341772,0.9929443001747132,526.7412920948118,0.0273391120135784,0.0758779272437095,0.1301276013255119,0.0015709607396274,0.001859176903963096,0.040284331887960406,0.007055699825286754,0.1530950016010452,0.04035779790901659,0.007055699825286754,0.04058782999137678,-0.12285899859644983,True
5,183,1471,279,278,0.658273381294964,unrelated,open the top drawer of the cabinet,2026080812,7150183,sha256:0a201498705f9712,mps:0,-0.0535714291036129,0.0455357134342193,-0.0669642835855484,0.0,0.0482142865657806,0.0192857142537832,1.0,-0.0952547416090965,0.0106148421764373,-0.0081703886389732,-0.0022902947384864,0.0590635724365711,-0.0189354419708251,0.9996926188468932,528.2054170966148,0.0416833125054836,0.034920871257781996,0.0587938949465752,0.0022902947384864,0.010849285870790502,0.0382211562246083,0.0003073811531068005,0.08008550351856016,0.03979710086226366,0.0003073811531068005,0.026723742385261835,0.6566929299234378,True
5,206,1494,279,278,0.7410071942446043,correct,put both the cream cheese box and the butter in the basket,2026080812,7150206,sha256:4723e80636663fc4,mps:0,-0.136607140302658,0.0562499985098838,-0.5142857432365417,0.0,0.0385714285075664,0.0192857142537832,-1.0,-0.160883754491806,0.002726025879383,-0.8070701956748962,-0.0050927894189953,-0.0252992063760757,-0.0085184732452034,-0.9912267327308656,554.1915830690414,0.024276614189148005,0.0535239726305008,0.2927844524383545,0.0050927894189953,0.0638706348836421,0.027804187498986603,0.00877326726913441,0.2986250244575401,0.06984602599278324,0.00877326726913441,0.06801798833268025,0.9928374760049756,True
5,206,1494,279,278,0.7410071942446043,paraphrase,place the cream cheese box and the butter together inside the basket,2026080812,7150206,sha256:4723e80636663fc4,mps:0,-0.136607140302658,0.0562499985098838,-0.5142857432365417,0.0,0.0385714285075664,0.0192857142537832,-1.0,-0.2517680525779724,-0.020119234919548,-0.821009635925293,-0.0028162540402263,-0.0298853293061256,-0.002169968560338,-0.9871683716773988,524.8342920094728,0.11516091227531441,0.0763692334294318,0.3067238926887512,0.0028162540402263,0.06845675781369201,0.0214556828141212,0.012831628322601207,0.3364132011036759,0.07179557996284834,0.012831628322601207,0.08625919448344832,0.9910093131582036,True
5,206,1494,279,278,0.7410071942446043,contradictory,put the cream cheese box in the basket but leave the butter outside the basket,2026080812,7150206,sha256:4723e80636663fc4,mps:0,-0.136607140302658,0.0562499985098838,-0.5142857432365417,0.0,0.0385714285075664,0.0192857142537832,-1.0,-0.2729930579662323,-0.0252634733915328,-0.7642078995704651,-0.0010340926237404,-0.0202132984995841,-0.012918222695589,-0.9913758039474488,540.2477500028908,0.1363859176635743,0.0815134719014166,0.24992215633392334,0.0010340926237404,0.058784727007150504,0.0322039369493722,0.008624196052551159,0.2961530834972959,0.06703586377379517,0.008624196052551159,0.08120978550453263,0.987246232643876,True
5,206,1494,279,278,0.7410071942446043,unrelated,open the top drawer of the cabinet,2026080812,7150206,sha256:4723e80636663fc4,mps:0,-0.136607140302658,0.0562499985098838,-0.5142857432365417,0.0,0.0385714285075664,0.0192857142537832,-1.0,-0.2853967249393463,0.0465006120502948,-0.8431499004364014,-0.0176382157951593,-0.0253858715295791,-0.0168586503714323,-0.9938547611236572,523.066708818078,0.14878958463668832,0.009749386459588998,0.3288641571998596,0.0176382157951593,0.0639573000371455,0.0361443646252155,0.0061452388763427734,0.36108866629052566,0.07555169077286483,0.0061452388763427734,0.08732689251857144,0.9963773046200508,True
5,218,1506,279,278,0.7841726618705036,correct,put both the cream cheese box and the butter in the basket,2026080812,7150218,sha256:0a5838f5d7525a43,mps:0,0.2008928507566452,0.0,0.7366071343421936,0.0,0.0,-0.0246428567916154,1.0,0.3916913568973541,0.2570809721946716,0.7526082992553711,-0.0069381641224026,-0.0364372320473194,-0.0401630327105522,0.9995774626731871,544.4360000547022,0.19079850614070892,0.2570809721946716,0.01600116491317749,0.0069381641224026,0.0364372320473194,0.015520175918936802,0.00042253732681285516,0.3205475526168658,0.04020803229722066,0.00042253732681285516,0.07474267895200425,0.9352778674879357,True
5,218,1506,279,278,0.7841726618705036,paraphrase,place the cream cheese box and the butter together inside the basket,2026080812,7150218,sha256:0a5838f5d7525a43,mps:0,0.2008928507566452,0.0,0.7366071343421936,0.0,0.0,-0.0246428567916154,1.0,0.2765995264053345,0.3198135495185852,0.6919034123420715,-0.0049948031082749,-0.0569980628788471,-0.0401844009757041,1.0085095167160034,511.7254580836743,0.07570667564868927,0.3198135495185852,0.04470372200012207,0.0049948031082749,0.0569980628788471,0.015541544184088704,0.008509516716003418,0.33167850390719716,0.05928968565996469,0.008509516716003418,0.07518112486494437,0.9129662272602982,True
5,218,1506,279,278,0.7841726618705036,contradictory,put the cream cheese box in the basket but leave the butter outside the basket,2026080812,7150218,sha256:0a5838f5d7525a43,mps:0,0.2008928507566452,0.0,0.7366071343421936,0.0,0.0,-0.0246428567916154,1.0,0.2851006090641022,0.2647744119167328,0.5283252000808716,-0.0067955162376165,-0.0531739965081214,-0.0470650121569633,0.9956647753715516,536.8674171622843,0.08420775830745697,0.2647744119167328,0.20828193426132202,0.0067955162376165,0.0531739965081214,0.0224221553653479,0.004335224628448375,0.34724314234359827,0.05810684982692846,0.004335224628448375,0.09199871388929227,0.8911618182682558,True
5,218,1506,279,278,0.7841726618705036,unrelated,open the top drawer of the cabinet,2026080812,7150218,sha256:0a5838f5d7525a43,mps:0,0.2008928507566452,0.0,0.7366071343421936,0.0,0.0,-0.0246428567916154,1.0,0.1806855499744415,0.2611065804958343,0.0387827977538108,-0.0081381658092141,-0.0764040425419807,-0.042970634996891,1.015605330467224,524.0240418352187,0.020207300782203702,0.2611065804958343,0.6978243365883828,0.0081381658092141,0.0764040425419807,0.0183277782052756,0.015605330467223899,0.7453480972794837,0.07899186612200547,0.015605330467223899,0.15680193355573072,0.2655863375260137,True
5,230,1518,279,278,0.8273381294964028,correct,put both the cream cheese box and the butter in the basket,2026080812,7150230,sha256:727d9925731cdbf0,mps:0,-0.0589285716414451,0.4446428716182709,0.65625,0.0,0.0257142856717109,-0.0342857129871845,1.0,-0.1769819855690002,0.1427551507949829,0.7414053678512573,0.040811464190483,0.0096935518085956,-0.0515093728899955,1.0023051500320437,544.9618750717491,0.11805341392755508,0.30188772082328796,0.08515536785125732,0.040811464190483,0.016020733863115297,0.017223659902811002,0.002305150032043679,0.33514808845898714,0.047105137547103555,0.002305150032043679,0.08306535865579334,0.9091958561781575,True
5,230,1518,279,278,0.8273381294964028,paraphrase,place the cream cheese box and the butter together inside the basket,2026080812,7150230,sha256:727d9925731cdbf0,mps:0,-0.0589285716414451,0.4446428716182709,0.65625,0.0,0.0257142856717109,-0.0342857129871845,1.0,-0.3139291405677795,0.2912724614143371,0.5193823575973511,0.0584161505103111,-0.0093236276879906,-0.0582675114274024,1.0011906623840332,528.0379168689251,0.2550005689263344,0.15337041020393377,0.13686764240264893,0.0584161505103111,0.035037913359701495,0.023981798440217902,0.0011906623840332031,0.32753705808005373,0.07221654013778635,0.0011906623840332031,0.09483787803245439,0.9135991797554289,True
5,230,1518,279,278,0.8273381294964028,contradictory,put the cream cheese box in the basket but leave the butter outside the basket,2026080812,7150230,sha256:727d9925731cdbf0,mps:0,-0.0589285716414451,0.4446428716182709,0.65625,0.0,0.0257142856717109,-0.0342857129871845,1.0,-0.2318121194839477,-0.1527764201164245,-0.0586036182940006,0.0469626188278198,0.0230155736207962,-0.0655646622180938,-0.9782106280326844,530.2479160018265,0.1728835478425026,0.5974192917346954,0.7148536182940006,0.0469626188278198,0.0026987120509146985,0.031278949230909306,1.9782106280326843,0.9475305941442844,0.05649020515886492,1.9782106280326843,0.5063296237162181,-0.41113239067501733,True
5,230,1518,279,278,0.8273381294964028,unrelated,open the top drawer of the cabinet,2026080812,7150230,sha256:727d9925731cdbf0,mps:0,-0.0589285716414451,0.4446428716182709,0.65625,0.0,0.0257142856717109,-0.0342857129871845,1.0,-0.4616313576698303,-0.2180665433406829,-0.3429452776908874,0.0574874319136142,0.0492457561194896,-0.0866467058658599,-0.98015958070755,559.2927499674261,0.4027027860283852,0.6627094149589537,0.9991952776908875,0.0574874319136142,0.023531470447778702,0.052360992878675405,1.98015958070755,1.264810066970544,0.08124166729393119,1.98015958070755,0.5968781363751207,-0.6030409201069635,True
5,241,1529,279,278,0.8669064748201439,correct,put both the cream cheese box and the butter in the basket,2026080812,7150241,sha256:0fdcd4537516f6ee,mps:0,-0.6535714268684387,0.5946428775787354,-0.1607142835855484,-0.0503571443259716,-0.09428571164608,-0.0,1.0,-0.1615224778652191,0.7153002619743347,-0.1136368811130523,0.0023951954208314,0.0097420625388622,-0.0074897538870573,1.0137470960617063,578.9566249586642,0.4920489490032196,0.12065738439559937,0.0470774024724961,0.052752339746803004,0.1040277741849422,0.0074897538870573,0.013747096061706321,0.5088090549979607,0.11687892694546845,0.013747096061706321,0.11968581425026058,0.8240379254115547,True
5,241,1529,279,278,0.8669064748201439,paraphrase,place the cream cheese box and the butter together inside the basket,2026080812,7150241,sha256:0fdcd4537516f6ee,mps:0,-0.6535714268684387,0.5946428775787354,-0.1607142835855484,-0.0503571443259716,-0.09428571164608,-0.0,1.0,-0.1281476020812988,0.7015296220779419,-0.2423182725906372,0.0130844758823513,0.0009713512845337,-0.014480180107057,1.009330987930298,520.8672501612455,0.5254238247871399,0.10688674449920654,0.0816039890050888,0.0634416202083229,0.0952570629306137,0.014480180107057,0.009330987930298074,0.5423598278127985,0.115362137760865,0.009330987930298074,0.12806062992396097,0.7980933685959924,True
5,241,1529,279,278,0.8669064748201439,contradictory,put the cream cheese box in the basket but leave the butter outside the basket,2026080812,7150241,sha256:0fdcd4537516f6ee,mps:0,-0.6535714268684387,0.5946428775787354,-0.1607142835855484,-0.0503571443259716,-0.09428571164608,-0.0,1.0,-0.0587589219212532,0.4711472988128662,-0.3404846489429474,0.0319910161197185,-0.0016641258262097,-0.0240520201623439,1.0072358846664429,534.0777919627726,0.5948125049471855,0.12349557876586914,0.179770365357399,0.0823481604456901,0.0926215858198703,0.0240520201623439,0.007235884666442871,0.6335380480105322,0.12624768260236113,0.007235884666442871,0.157762300023543,0.711396341166401,True
5,241,1529,279,278,0.8669064748201439,unrelated,open the top drawer of the cabinet,2026080812,7150241,sha256:0fdcd4537516f6ee,mps:0,-0.6535714268684387,0.5946428775787354,-0.1607142835855484,-0.0503571443259716,-0.09428571164608,-0.0,1.0,-0.2116203904151916,-0.2222365438938141,-0.352697491645813,0.036171019077301,0.0568370260298252,-0.0449855849146842,-0.9878138899803162,528.3214170485735,0.4419510364532471,0.8168794214725494,0.1919832080602646,0.0865281634032726,0.1511227376759052,0.0449855849146842,1.9878138899803162,0.9484040594728268,0.17985802110197968,1.9878138899803162,0.5316091488514628,0.14966707494653528,True
5,252,1540,279,278,0.9064748201438848,correct,put both the cream cheese box and the butter in the basket,2026080812,7150252,sha256:3d7bcf67d3bf0784,mps:0,0.3214285671710968,0.2973214387893677,-0.1741071492433548,0.0074999998323619,0.1585714221000671,0.0053571430034935,1.0,-0.0428220257163047,0.184418186545372,-0.1304254382848739,-0.0208671540021896,0.0738266929984092,0.0208432283252477,-1.016411066055298,551.3466249685735,0.3642505928874015,0.11290325224399567,0.04368171095848089,0.028367153834551503,0.08474472910165791,0.0154860853217542,2.016411066055298,0.3838407621115234,0.09069830960816826,2.016411066055298,0.3808349414861628,0.5887153891222918,True
5,252,1540,279,278,0.9064748201438848,paraphrase,place the cream cheese box and the butter together inside the basket,2026080812,7150252,sha256:3d7bcf67d3bf0784,mps:0,0.3214285671710968,0.2973214387893677,-0.1741071492433548,0.0074999998323619,0.1585714221000671,0.0053571430034935,1.0,-0.0636508390307426,0.2609263658523559,-0.2443529069423675,-0.0028303423896431,0.0749404281377792,0.0251483973115682,1.0082193613052368,560.2101250551641,0.3850794062018394,0.036395072937011774,0.0702457576990127,0.010330342222005,0.08363099396228792,0.019791254308074702,0.008219361305236816,0.3931223942865123,0.08655953366689809,0.008219361305236816,0.08767031266220975,0.58250910202886,True
5,252,1540,279,278,0.9064748201438848,contradictory,put the cream cheese box in the basket but leave the butter outside the basket,2026080812,7150252,sha256:3d7bcf67d3bf0784,mps:0,0.3214285671710968,0.2973214387893677,-0.1741071492433548,0.0074999998323619,0.1585714221000671,0.0053571430034935,1.0,-0.0085863023996353,0.0944915413856506,0.0212821513414382,-0.0098697477951645,0.0581510737538337,-0.0044792965054512,-0.9922410249710084,528.4367499407381,0.3300148695707321,0.2028298974037171,0.195389300584793,0.0173697476275264,0.10042034834623341,0.0098364395089447,1.9922410249710083,0.4338510806735467,0.10238510651865315,1.9922410249710083,0.4068716611447079,0.4720578531593458,True
5,252,1540,279,278,0.9064748201438848,unrelated,open the top drawer of the cabinet,2026080812,7150252,sha256:3d7bcf67d3bf0784,mps:0,0.3214285671710968,0.2973214387893677,-0.1741071492433548,0.0074999998323619,0.1585714221000671,0.0053571430034935,1.0,-0.0334058925509452,0.0738471895456314,-0.0103901624679565,-0.0153673663735389,0.0805990993976593,0.0158223882317543,-1.0034669637680054,560.6110410299152,0.354834459722042,0.22347424924373627,0.1637169867753983,0.0228673662059008,0.07797232270240781,0.0104652452282608,2.0034669637680054,0.45016828591105895,0.08192753445875708,2.0034669637680054,0.40811394194939304,0.33834736882743943,True
5,278,1566,279,278,1.0,correct,put both the cream cheese box and the butter in the basket,2026080812,7150278,sha256:2c6406c90ca50e77,mps:0,0.0723214298486709,-0.09375,-0.0,0.0,0.0,-0.0492857135832309,-1.0,0.1584944128990173,0.0626237690448761,0.1128708347678184,-0.0056877885945141,0.0453550070524215,-0.0172061212360858,-0.9984107613563538,575.631249928847,0.0861729830503464,0.1563737690448761,0.1128708347678184,0.0056877885945141,0.0453550070524215,0.0320795923471451,0.0015892386436462402,0.21123059436142222,0.055843780754709825,0.0015892386436462402,0.06287560192868112,0.23103244717866242,True
5,278,1566,279,278,1.0,paraphrase,place the cream cheese box and the butter together inside the basket,2026080812,7150278,sha256:2c6406c90ca50e77,mps:0,0.0723214298486709,-0.09375,-0.0,0.0,0.0,-0.0492857135832309,-1.0,0.1237444132566452,0.0715851038694381,0.0755254551768302,-0.003051686566323,0.0322560742497444,-0.0132392849773168,-1.000876545906067,545.7694579381496,0.0514229834079743,0.16533510386943812,0.0755254551768302,0.003051686566323,0.0322560742497444,0.0360464286059141,0.0008765459060668945,0.18890239324519442,0.04846764005133077,0.0008765459060668945,0.052073468254613,0.11691872616520044,True
5,278,1566,279,278,1.0,contradictory,put the cream cheese box in the basket but leave the butter outside the basket,2026080812,7150278,sha256:2c6406c90ca50e77,mps:0,0.0723214298486709,-0.09375,-0.0,0.0,0.0,-0.0492857135832309,-1.0,0.1713407635688781,0.1261196136474609,0.2140209674835205,-0.0169026814401149,0.0540042966604232,-0.0244019050151109,-0.9944064617156982,542.3926669172943,0.09901933372020719,0.2198696136474609,0.2140209674835205,0.0169026814401149,0.0540042966604232,0.024883808568120003,0.005593538284301758,0.3224165783244708,0.06181721949835534,0.005593538284301758,0.09061346282916406,0.015893440800679483,True
5,278,1566,279,278,1.0,unrelated,open the top drawer of the cabinet,2026080812,7150278,sha256:2c6406c90ca50e77,mps:0,0.0723214298486709,-0.09375,-0.0,0.0,0.0,-0.0492857135832309,-1.0,0.1924662292003631,0.0967930927872657,0.1755494177341461,-0.0152925588190555,0.0517255142331123,-0.0036119860596954,-1.0032764673233032,557.9194999299943,0.1201447993516922,0.1905430927872657,0.1755494177341461,0.0152925588190555,0.0517255142331123,0.045673727523535504,0.0032764673233032227,0.2855854357053116,0.0706787136541713,0.0032764673233032227,0.08602936825315864,0.14724588354870546,True
6,0,1567,303,302,0.0,correct,put both the cream cheese box and the butter in the basket,2026080813,7160000,sha256:f4545ba941310b2a,mps:0,0.0214285720139741,0.0,-0.0,0.0,0.004285714123398,-0.0,-1.0,0.0843523442745208,-0.0795451402664184,-0.2094620764255523,-0.0010433988645672,-0.0070408303290605,0.0218174010515213,-1.0048017501831057,583.7746250908822,0.06292377226054671,0.0795451402664184,0.2094620764255523,0.0010433988645672,0.011326544452458499,0.0218174010515213,0.004801750183105691,0.23272557211446543,0.024604436166411562,0.004801750183105691,0.055845726214881444,0.35233437702663545,True
6,0,1567,303,302,0.0,paraphrase,place the cream cheese box and the butter together inside the basket,2026080813,7160000,sha256:f4545ba941310b2a,mps:0,0.0214285720139741,0.0,-0.0,0.0,0.004285714123398,-0.0,-1.0,0.158232182264328,-0.1088998466730117,-0.2915333211421966,-0.0003276743227615,-0.0111557366326451,0.0148471370339393,-1.0038264989852903,553.3214169554412,0.1368036102503539,0.1088998466730117,0.2915333211421966,0.0003276743227615,0.0154414507560431,0.0148471370339393,0.0038264989852903053,0.33995011651584317,0.021423894370951168,0.0038264989852903053,0.08166850559479948,0.45322498987939036,True
6,0,1567,303,302,0.0,contradictory,put the cream cheese box in the basket but leave the butter outside the basket,2026080813,7160000,sha256:f4545ba941310b2a,mps:0,0.0214285720139741,0.0,-0.0,0.0,0.004285714123398,-0.0,-1.0,-0.0169825851917266,-0.0039861053228378,-0.2359988093376159,0.0001159300736617,-0.0087379422038793,0.0132315568625926,-1.001099705696106,566.5908330120146,0.0384111572057007,0.0039861053228378,0.2359988093376159,0.0001159300736617,0.013023656327277299,0.0132315568625926,0.001099705696105957,0.23913750028445602,0.018566183262077065,0.001099705696105957,0.04369527440368456,-0.07176469029949004,True
6,0,1567,303,302,0.0,unrelated,open the top drawer of the cabinet,2026080813,7160000,sha256:f4545ba941310b2a,mps:0,0.0214285720139741,0.0,-0.0,0.0,0.004285714123398,-0.0,-1.0,-0.080874778330326,-0.4039362668991089,-0.2616845071315765,-0.0040525635704398,0.0042813164182007,0.0611285045742988,-0.9975109100341796,563.0314170848578,0.1023033503443001,0.4039362668991089,0.2616845071315765,0.0040525635704398,4.397705197299595e-06,0.0611285045742988,0.0024890899658204235,0.4920459983383188,0.06126269143877321,0.0024890899658204235,0.11937124002724885,-0.1657130817847253,True
6,27,1594,303,302,0.0894039735099337,correct,put both the cream cheese box and the butter in the basket,2026080813,7160027,sha256:952a9bd8dcfb37ca,mps:0,0.4928571283817291,-0.731249988079071,-0.1580357104539871,0.0225000008940696,0.0,-0.0096428571268916,-1.0,0.5727531313896179,-0.7064764499664307,-0.0058518126606941,0.0422102659940719,0.0101936198770999,0.0121816173195838,-1.013556957244873,603.1326251104474,0.0798960030078888,0.02477353811264038,0.152183897793293,0.0197102651000023,0.0101936198770999,0.021824474446475402,0.013556957244873047,0.17365781938863126,0.031124140492165123,0.013556957244873047,0.04601982222603897,0.9816081083900302,True
6,27,1594,303,302,0.0894039735099337,paraphrase,place the cream cheese box and the butter together inside the basket,2026080813,7160027,sha256:952a9bd8dcfb37ca,mps:0,0.4928571283817291,-0.731249988079071,-0.1580357104539871,0.0225000008940696,0.0,-0.0096428571268916,-1.0,0.5606014132499695,-0.651035726070404,-0.1202000305056572,0.0517509877681732,0.0014710836112499,0.0041586756706237,-1.0177741050720217,546.4889579452574,0.06774428486824036,0.08021426200866699,0.0378356799483299,0.029250986874103598,0.0014710836112499,0.013801532797515302,0.017774105072021706,0.11160266412168139,0.03237694592856404,0.017774105072021706,0.03544170502573254,0.9925051003752933,True
6,27,1594,303,302,0.0894039735099337,contradictory,put the cream cheese box in the basket but leave the butter outside the basket,2026080813,7160027,sha256:952a9bd8dcfb37ca,mps:0,0.4928571283817291,-0.731249988079071,-0.1580357104539871,0.0225000008940696,0.0,-0.0096428571268916,-1.0,0.5064054727554321,-0.6123864054679871,-0.0244666934013366,0.043036863207817,0.0098005067557096,-0.001450267387554,-1.0017437934875488,569.7466251440346,0.013548344373703003,0.11886358261108398,0.1335690170526505,0.020536862313747403,0.0098005067557096,0.008192589739337602,0.0017437934875488281,0.17931199408523033,0.02418535037992271,0.0017437934875488281,0.04375067090482585,0.9845702071242564,True
6,27,1594,303,302,0.0894039735099337,unrelated,open the top drawer of the cabinet,2026080813,7160027,sha256:952a9bd8dcfb37ca,mps:0,0.4928571283817291,-0.731249988079071,-0.1580357104539871,0.0225000008940696,0.0,-0.0096428571268916,-1.0,0.1552967727184295,-0.706421971321106,-0.0860897451639175,0.0176431965082883,0.0157297402620315,0.0621796697378158,-0.9902262687683104,572.6792919449508,0.3375603556632996,0.024828016757965088,0.0719459652900696,0.0048568043857812986,0.0157297402620315,0.0718225268647074,0.009773731231689564,0.34603416890993155,0.07368506390568129,0.009773731231689564,0.07664530577936343,0.9297480887997533,True
6,30,1597,303,302,0.0993377483443708,correct,put both the cream cheese box and the butter in the basket,2026080813,7160030,sha256:59d0fa7dac03bf8f,mps:0,0.436607152223587,-0.6321428418159485,-0.3803571462631225,0.0289285723119974,0.0,-0.0053571430034935,-1.0,0.3849517107009887,-0.3956851065158844,-0.4011944234371185,0.0037082997150719,-0.0282241553068161,-0.0110812773928046,-1.0096116065979004,584.7120829857886,0.05165544152259827,0.2364577353000641,0.02083727717399597,0.0252202725969255,0.0282241553068161,0.0057241343893111,0.00961160659790039,0.2429294904744084,0.03828094574528431,0.00961160659790039,0.053961517555373054,0.9756864945773595,True
6,30,1597,303,302,0.0993377483443708,paraphrase,place the cream cheese box and the butter together inside the basket,2026080813,7160030,sha256:59d0fa7dac03bf8f,mps:0,0.436607152223587,-0.6321428418159485,-0.3803571462631225,0.0289285723119974,0.0,-0.0053571430034935,-1.0,0.220646321773529,-0.1650454401969909,-0.6464467644691467,0.0059230360202491,-0.0497391782701015,-0.0095848441123962,-1.0074005126953125,561.45462510176,0.21596083045005798,0.4670974016189576,0.2660896182060242,0.0230055362917483,0.0497391782701015,0.004227701108902701,0.0074005126953125,0.5793295675217072,0.05496466148101071,0.0074005126953125,0.14764582552015781,0.7412600297259666,True
6,30,1597,303,302,0.0993377483443708,contradictory,put the cream cheese box in the basket but leave the butter outside the basket,2026080813,7160030,sha256:59d0fa7dac03bf8f,mps:0,0.436607152223587,-0.6321428418159485,-0.3803571462631225,0.0289285723119974,0.0,-0.0053571430034935,-1.0,0.0728436484932899,-0.0876549333333969,-0.6512420773506165,0.0047604776918888,-0.0459176823496818,-0.0111424569040536,-1.00733482837677,563.3539999835193,0.3637635037302971,0.5444879084825516,0.27088493108749395,0.0241680946201086,0.0459176823496818,0.0057853139005601,0.0073348283767700195,0.7086392700239817,0.05221111190983022,0.0073348283767700195,0.1803346089353519,0.59092435293416,True
6,30,1597,303,302,0.0993377483443708,unrelated,open the top drawer of the cabinet,2026080813,7160030,sha256:59d0fa7dac03bf8f,mps:0,0.436607152223587,-0.6321428418159485,-0.3803571462631225,0.0289285723119974,0.0,-0.0053571430034935,-1.0,-0.217161625623703,-0.1943435966968536,-0.6577041745185852,-0.0021146177314221,-0.0414285883307457,0.0636088028550148,-1.0045851469039917,573.5945000778884,0.65376877784729,0.43779924511909485,0.2773470282554627,0.0310431900434195,0.0414285883307457,0.0689659458585083,0.004585146903991699,0.8342680432552387,0.08623403775371392,0.004585146903991699,0.21641970319407328,0.4511152552436816,True
6,46,1613,303,302,0.152317880794702,correct,put both the cream cheese box and the butter in the basket,2026080813,7160046,sha256:635d7867345bcc8d,mps:0,0.0589285716414451,-0.0080357147380709,-0.7071428298950195,0.0342857129871845,0.0289285723119974,-0.0760714262723922,-1.0,-0.1163289621472358,0.2458209544420242,-0.4744196832180023,-0.0125457402318716,-0.0010408395901322,0.036577969789505,-1.0089255571365356,585.8008340001106,0.1752575337886809,0.2538566691800951,0.2327231466770172,0.046831453219056095,0.0299694119021296,0.1126493960618972,0.008925557136535645,0.38641748748750404,0.12562339389412439,0.008925557136535645,0.12288759542363026,0.8417575887176878,True
6,46,1613,303,302,0.152317880794702,paraphrase,place the cream cheese box and the butter together inside the basket,2026080813,7160046,sha256:635d7867345bcc8d,mps:0,0.0589285716414451,-0.0080357147380709,-0.7071428298950195,0.0342857129871845,0.0289285723119974,-0.0760714262723922,-1.0,-0.2392971515655517,0.263048768043518,-0.5088952779769897,-0.0100077968090772,-0.004401191137731,0.0298504810780286,-1.0047012567520142,550.2627089153975,0.2982257232069968,0.2710844827815889,0.19824755191802979,0.0442935097962617,0.0333297634497284,0.1059219073504208,0.00470125675201416,0.4491408138087539,0.11955015097622215,0.00470125675201416,0.1365434564650058,0.7800098661007717,True
6,46,1613,303,302,0.152317880794702,contradictory,put the cream cheese box in the basket but leave the butter outside the basket,2026080813,7160046,sha256:635d7867345bcc8d,mps:0,0.0589285716414451,-0.0080357147380709,-0.7071428298950195,0.0342857129871845,0.0289285723119974,-0.0760714262723922,-1.0,-0.2666842937469482,0.2571945190429687,-0.3363278806209564,-0.0201054774224758,-0.0003759716637432,0.0133062731474637,-0.9981001019477844,576.1690000072122,0.3256128653883933,0.2652302337810396,0.3708149492740631,0.0543911904096603,0.0293045439757406,0.0893776994198559,0.0018998980522155762,0.560245072823591,0.10865326062936237,0.0018998980522155762,0.1623759114715669,0.619695298098793,True
6,46,1613,303,302,0.152317880794702,unrelated,open the top drawer of the cabinet,2026080813,7160046,sha256:635d7867345bcc8d,mps:0,0.0589285716414451,-0.0080357147380709,-0.7071428298950195,0.0342857129871845,0.0289285723119974,-0.0760714262723922,-1.0,-0.2325860559940338,0.5518571138381958,-0.3885375559329986,-0.0113806603476405,0.0024195951409637,0.132650226354599,-0.9944512844085692,562.6538752112538,0.2915146276354789,0.5598928285762667,0.31860527396202093,0.045666373334825,0.0265089771710337,0.20872165262699122,0.005548715591430775,0.7070856229715033,0.2152971709046647,0.005548715591430775,0.20806549269972102,0.5065486338470238,True
6,70,1637,303,302,0.2317880794701986,correct,put both the cream cheese box and the butter in the basket,2026080813,7160070,sha256:51f8149b02368796,mps:0,0.3053571283817291,0.4580357074737549,0.9375,-0.0310714282095432,0.0032142857089638,-0.0,1.0,-0.0651028379797935,-0.0066497921943664,0.6594058871269226,-0.0018703651148825,-0.0187845602631568,-0.022297166287899,1.0055793523788452,584.5220831688493,0.3704599663615226,0.4646854996681213,0.2780941128730774,0.029201063094660702,0.021998845972120602,0.022297166287899,0.005579352378845215,0.6561322548793467,0.04282306544881697,0.005579352378845215,0.1703308580908924,0.8262896706501589,True
6,70,1637,303,302,0.2317880794701986,paraphrase,place the cream cheese box and the butter together inside the basket,2026080813,7160070,sha256:51f8149b02368796,mps:0,0.3053571283817291,0.4580357074737549,0.9375,-0.0310714282095432,0.0032142857089638,-0.0,1.0,-0.1949303746223449,-0.0760399848222732,0.0613876357674598,-0.0007406719378195,-0.0290858969092369,-0.012964716181159,1.0117285251617432,544.2754589021206,0.500287503004074,0.5340756922960281,0.8761123642325402,0.0303307562717237,0.0323001826182007,0.012964716181159,0.011728525161743164,1.1415328753586838,0.046166442778730825,0.011728525161743164,0.28539996282363844,-0.15523830011249345,True
6,70,1637,303,302,0.2317880794701986,contradictory,put the cream cheese box in the basket but leave the butter outside the basket,2026080813,7160070,sha256:51f8149b02368796,mps:0,0.3053571283817291,0.4580357074737549,0.9375,-0.0310714282095432,0.0032142857089638,-0.0,1.0,-0.1646465063095092,-0.0975977331399917,-0.0982370674610138,-0.0005063989083282,-0.0177290849387645,-0.0202652998268604,1.0022854804992676,570.4834579955786,0.4700036346912383,0.5556334406137466,1.0357370674610138,0.030565029301215,0.020943370647728297,0.0202652998268604,0.002285480499267578,1.2658527599464267,0.04223183831358525,0.002285480499267578,0.30506190329158145,-0.7998406767427786,True
6,70,1637,303,302,0.2317880794701986,unrelated,open the top drawer of the cabinet,2026080813,7160070,sha256:51f8149b02368796,mps:0,0.3053571283817291,0.4580357074737549,0.9375,-0.0310714282095432,0.0032142857089638,-0.0,1.0,-0.3109519779682159,-0.1178168207406997,-0.3126031756401062,-0.0003568282700143,-0.032617550343275,-0.0050597693771123,-1.0006647109985352,572.9243748355657,0.6163091063499451,0.5758525282144545,1.2501031756401062,0.0307145999395289,0.0358318360522388,0.0050597693771123,2.000664710998535,1.5080454232437182,0.04746481212929629,2.000664710998535,0.6449336752245601,-0.8907749119891066,True
6,84,1651,303,302,0.2781456953642384,correct,put both the cream cheese box and the butter in the basket,2026080813,7160084,sha256:b65ebe80d48b7914,mps:0,-0.5276785492897034,0.7285714149475098,0.1714285761117935,-0.067500002682209,0.0085714282467961,-0.0,1.0,-0.1892358064651489,0.8199731111526489,0.4186175167560577,-0.0018622546922415,-0.0022193882614374,0.0183348786085844,1.000868320465088,564.1447079833597,0.33844274282455444,0.09140169620513916,0.2471889406442642,0.06563774798996751,0.0107908165082335,0.0183348786085844,0.0008683204650878906,0.42895236637255846,0.06899944532893271,0.0008683204650878906,0.11038073474940445,0.8934526952999902,True
6,84,1651,303,302,0.2781456953642384,paraphrase,place the cream cheese box and the butter together inside the basket,2026080813,7160084,sha256:b65ebe80d48b7914,mps:0,-0.5276785492897034,0.7285714149475098,0.1714285761117935,-0.067500002682209,0.0085714282467961,-0.0,1.0,-0.1666743457317352,0.8460690379142761,0.3234577476978302,-0.0014875398483127,-0.0105582242831587,0.0142084714025259,1.0080680847167969,527.6365000754595,0.36100420355796814,0.11749762296676636,0.1520291715860367,0.06601246283389631,0.0191296525299548,0.0142084714025259,0.008068084716796875,0.4089530479193178,0.07018168931359335,0.008068084716796875,0.10542138137056357,0.9008718056157521,True
6,84,1651,303,302,0.2781456953642384,contradictory,put the cream cheese box in the basket but leave the butter outside the basket,2026080813,7160084,sha256:b65ebe80d48b7914,mps:0,-0.5276785492897034,0.7285714149475098,0.1714285761117935,-0.067500002682209,0.0085714282467961,-0.0,1.0,-0.1139758452773094,0.7704694867134094,0.5533693432807922,-0.0023362911306321,-0.0045868270099163,0.0048478515818715,0.99870365858078,552.7537909802049,0.41370270401239395,0.04189807176589966,0.3819407671689987,0.0651637115515769,0.0131582552567124,0.0048478515818715,0.0012963414192199707,0.5646097106413511,0.0666554622633267,0.0012963414192199707,0.13171538610809616,0.8187262561185893,True
6,84,1651,303,302,0.2781456953642384,unrelated,open the top drawer of the cabinet,2026080813,7160084,sha256:b65ebe80d48b7914,mps:0,-0.5276785492897034,0.7285714149475098,0.1714285761117935,-0.067500002682209,0.0085714282467961,-0.0,1.0,-0.0079888775944709,0.0445048473775386,0.4208976924419403,-0.0048606880009174,0.0289581976830959,0.0420543253421783,-0.9864752888679504,592.7281249314547,0.5196896716952325,0.6840665675699712,0.24946911633014682,0.06263931468129161,0.0203867694362998,0.0420543253421783,1.9864752888679504,0.8945721120939356,0.07815286553784515,1.9864752888679504,0.5092544362747243,0.28063917960292456,True
6,104,1671,303,302,0.3443708609271523,correct,put both the cream cheese box and the butter in the basket,2026080813,7160104,sha256:ac1333e7dfdeb805,mps:0,-0.0241071432828903,0.84375,0.0241071432828903,0.0278571434319019,0.0053571430034935,0.0182142853736877,1.0,0.0288888067007064,0.7618476748466492,0.1697849929332733,-0.002558144275099,-0.0242648907005786,0.0125285517424345,1.0059783458709717,582.6760840136558,0.0529959499835967,0.08190232515335083,0.145677849650383,0.0304152877070009,0.029622033704072098,0.005685733631253199,0.00597834587097168,0.175324263748486,0.042835524672757155,0.00597834587097168,0.05032536081437548,0.9797418084611405,True
6,104,1671,303,302,0.3443708609271523,paraphrase,place the cream cheese box and the butter together inside the basket,2026080813,7160104,sha256:ac1333e7dfdeb805,mps:0,-0.0241071432828903,0.84375,0.0241071432828903,0.0278571434319019,0.0053571430034935,0.0182142853736877,1.0,0.0298454463481903,0.7996776103973389,0.0408878847956657,-0.0015349916648119,-0.0372360982000827,0.0100317848846316,1.0147777795791626,555.4059999994934,0.0539525896310806,0.04407238960266113,0.0167807415127754,0.0293921350967138,0.0425932412035762,0.008182500489056098,0.014777779579162598,0.07165787283269803,0.052393082711584174,0.014777779579162598,0.02996448244500369,0.9975821025504881,True
6,104,1671,303,302,0.3443708609271523,contradictory,put the cream cheese box in the basket but leave the butter outside the basket,2026080813,7160104,sha256:ac1333e7dfdeb805,mps:0,-0.0241071432828903,0.84375,0.0241071432828903,0.0278571434319019,0.0053571430034935,0.0182142853736877,1.0,0.1996085345745086,0.6818666458129883,0.3740294873714447,-0.0014252429828047,-0.0362986363470554,-0.0053611220791935,1.01160991191864,560.9415408689529,0.2237156778573989,0.16188335418701172,0.3499223440885544,0.0292823864147066,0.0416557793505489,0.023575407452881197,0.011609911918639915,0.4457584231110632,0.05611115703682447,0.011609911918639915,0.12023498018139166,0.8547406703386307,True
6,104,1671,303,302,0.3443708609271523,unrelated,open the top drawer of the cabinet,2026080813,7160104,sha256:ac1333e7dfdeb805,mps:0,-0.0241071432828903,0.84375,0.0241071432828903,0.0278571434319019,0.0053571430034935,0.0182142853736877,1.0,0.1658244878053665,-0.1279976069927215,0.2610844075679779,-0.0123791890218853,-0.0177591033279895,0.0103922598063945,-0.9845498204231262,562.0118328370154,0.18993163108825678,0.9717476069927216,0.2369772642850876,0.0402363324537872,0.023116246331482997,0.007822025567293198,1.9845498204231262,1.018099042319543,0.04705855265267812,1.9845498204231262,0.49348298959167936,-0.3739509835026717,True
6,114,1681,303,302,0.3774834437086092,correct,put both the cream cheese box and the butter in the basket,2026080813,7160114,sha256:1fc6c201303143dd,mps:0,0.0,0.6080357432365417,-0.4446428716182709,0.0160714294761419,0.0064285714179277,0.0203571431338787,1.0,0.2848270237445831,0.0849455222487449,0.1196420416235923,-0.0030708415433764,0.052647590637207,-0.0553807914257049,1.0115386247634888,572.5816669873893,0.2848270237445831,0.5230902209877969,0.5642849132418631,0.0191422710195183,0.046219019219279296,0.07573793455958361,0.01153862476348877,0.8204677178662403,0.09076816076537284,0.01153862476348877,0.21783428679087333,-0.0064142590815937294,True
6,114,1681,303,302,0.3774834437086092,paraphrase,place the cream cheese box and the butter together inside the basket,2026080813,7160114,sha256:1fc6c201303143dd,mps:0,0.0,0.6080357432365417,-0.4446428716182709,0.0160714294761419,0.0064285714179277,0.0203571431338787,1.0,0.2072239518165588,0.162616342306137,-0.1342216879129409,0.0018967657815665,0.035342738032341,-0.0419341772794723,1.0131341218948364,546.4255828410387,0.2072239518165588,0.4454194009304048,0.31042118370533,0.014174663694575398,0.028914166614413303,0.062291320413351,0.013134121894836426,0.581120917042822,0.07012245518162585,0.013134121894836426,0.1545112584384957,0.711994902707831,True
6,114,1681,303,302,0.3774834437086092,contradictory,put the cream cheese box in the basket but leave the butter outside the basket,2026080813,7160114,sha256:1fc6c201303143dd,mps:0,0.0,0.6080357432365417,-0.4446428716182709,0.0160714294761419,0.0064285714179277,0.0203571431338787,1.0,0.3510873019695282,0.0406134352087974,0.2680972814559936,-0.0076373373158276,0.0310442000627517,-0.0729773715138435,1.0259052515029907,568.7021249905229,0.3510873019695282,0.5674223080277443,0.7127401530742645,0.0237087667919695,0.024615628644824,0.09333451464772219,0.025905251502990723,0.976334417633682,0.09939500199155762,0.025905251502990723,0.2569734178084348,-0.2828411666715857,True
6,114,1681,303,302,0.3774834437086092,unrelated,open the top drawer of the cabinet,2026080813,7160114,sha256:1fc6c201303143dd,mps:0,0.0,0.6080357432365417,-0.4446428716182709,0.0160714294761419,0.0064285714179277,0.0203571431338787,1.0,0.4563221037387848,-0.3422861993312835,0.5103623867034912,-0.0058083087205886,0.0494806692004203,-0.0756712779402732,1.0175307989120483,548.1035420671105,0.4563221037387848,0.9503219425678253,0.9550052583217621,0.0218797381967305,0.0430520977824926,0.09602842107415191,0.01753079891204834,1.4224544633515306,0.10748797012236018,0.01753079891204834,0.3628771943705423,-0.7545592968603512,True
6,134,1701,303,302,0.4437086092715231,correct,put both the cream cheese box and the butter in the basket,2026080813,7160134,sha256:e1d580806084e198,mps:0,0.0,-0.0294642858207225,0.1446428596973419,0.0364285707473754,0.0,-0.0032142857089638,-1.0,-0.0124451741576194,0.0047898069024086,0.0580010190606117,-0.0013013065326958,-0.0005931919440627,-0.0127353761345148,-0.9967693090438844,579.8046248964965,0.0124451741576194,0.0342540927231311,0.0866418406367302,0.0377298772800712,0.0005931919440627,0.009521090425551,0.0032306909561156116,0.09399486037554869,0.03891717717336719,0.0032306909561156116,0.026345136874754458,0.9388977630489296,True
6,134,1701,303,302,0.4437086092715231,paraphrase,place the cream cheese box and the butter together inside the basket,2026080813,7160134,sha256:e1d580806084e198,mps:0,0.0,-0.0294642858207225,0.1446428596973419,0.0364285707473754,0.0,-0.0032142857089638,-1.0,-0.0227426663041114,0.0064716786146163,0.0271166190505027,3.760826075449586e-05,-0.0084064817056059,-0.0117752328515052,-1.0028674602508545,543.6081250663847,0.0227426663041114,0.0359359644353388,0.1175262406468392,0.0363909624866209,0.0084064817056059,0.0085609471425414,0.002867460250854492,0.12498415760046094,0.03831789270493256,0.002867460250854492,0.03320438899598745,0.7026267187883479,True
6,134,1701,303,302,0.4437086092715231,contradictory,put the cream cheese box in the basket but leave the butter outside the basket,2026080813,7160134,sha256:e1d580806084e198,mps:0,0.0,-0.0294642858207225,0.1446428596973419,0.0364285707473754,0.0,-0.0032142857089638,-1.0,0.0021777935326099,0.0229737386107444,0.1240580752491951,-0.0021948420908302,0.0028427811339497,-0.020955890417099,-0.992866039276123,563.6927501764148,0.0021777935326099,0.052438024431466904,0.020584784448146792,0.0386234128382056,0.0028427811339497,0.017741604708135197,0.007133960723876953,0.05637572652944229,0.042598285898211095,0.007133960723876953,0.020220337402341578,0.9270109948196611,True
6,134,1701,303,302,0.4437086092715231,unrelated,open the top drawer of the cabinet,2026080813,7160134,sha256:e1d580806084e198,mps:0,0.0,-0.0294642858207225,0.1446428596973419,0.0364285707473754,0.0,-0.0032142857089638,-1.0,-0.0027519613504409,-0.0750586688518524,0.1368899643421173,-0.00219516758807,0.0072013312019407,-0.0047355191782116,-0.9940565824508668,578.9630839135498,0.0027519613504409,0.045594383031129906,0.007752895355224582,0.0386237383354454,0.0072013312019407,0.0015212334692477998,0.00594341754913319,0.04633064257759405,0.03931878031364858,0.00594341754913319,0.015626994327508924,0.9550125631640934,True
6,146,1713,303,302,0.4834437086092715,correct,put both the cream cheese box and the butter in the basket,2026080813,7160146,sha256:47c48f3cee94110f,mps:0,0.356249988079071,-0.8571428656578064,-0.018750000745058,0.0835714265704155,-0.0074999998323619,-0.0,-1.0,0.0163976177573204,-0.2527929842472076,0.1044327840209007,0.0130916237831115,0.0538369864225387,-0.0476577877998352,-0.9971665740013124,582.535499939695,0.3398523703217506,0.6043498814105988,0.1231827847659587,0.070479802787304,0.061336986254900604,0.0476577877998352,0.002833425998687633,0.7042104878777464,0.1048851429981637,0.002833425998687633,0.17852757704843367,0.8670204814521545,True
6,146,1713,303,302,0.4834437086092715,paraphrase,place the cream cheese box and the butter together inside the basket,2026080813,7160146,sha256:47c48f3cee94110f,mps:0,0.356249988079071,-0.8571428656578064,-0.018750000745058,0.0835714265704155,-0.0074999998323619,-0.0,-1.0,-0.0347247719764709,-0.1442876309156417,0.0234308391809463,0.0133285764604806,0.0362493395805358,-0.0406603440642356,-1.0057566165924072,552.0953331142664,0.3909747600555419,0.7128552347421647,0.0421808399260043,0.07024285010993489,0.0437493394128977,0.0406603440642356,0.0057566165924072266,0.814127184140573,0.0922026370016266,0.0057566165924072266,0.1866314264147409,0.7947849929892467,True
6,146,1713,303,302,0.4834437086092715,contradictory,put the cream cheese box in the basket but leave the butter outside the basket,2026080813,7160146,sha256:47c48f3cee94110f,mps:0,0.356249988079071,-0.8571428656578064,-0.018750000745058,0.0835714265704155,-0.0074999998323619,-0.0,-1.0,-0.0135602578520774,-0.052059456706047,0.108458437025547,2.2844120394438505e-05,0.058246660977602,-0.048548087477684,-1.0053101778030396,565.038374857977,0.3698102459311484,0.8050834089517593,0.127208437770605,0.08354858245002106,0.0657466608099639,0.048548087477684,0.005310177803039551,0.8950424012330813,0.11687559982652182,0.005310177803039551,0.21503651445631736,0.33592168053628024,True
6,146,1713,303,302,0.4834437086092715,unrelated,open the top drawer of the cabinet,2026080813,7160146,sha256:47c48f3cee94110f,mps:0,0.356249988079071,-0.8571428656578064,-0.018750000745058,0.0835714265704155,-0.0074999998323619,-0.0,-1.0,-0.0579859912395477,-0.1766561865806579,0.1371230185031891,-0.0012744010891765,0.0597451590001583,-0.0335539393126964,-1.0097806453704834,567.5812910776585,0.41423597931861866,0.6804866790771484,0.1558730192482471,0.08484582765959199,0.0672451588325202,0.0335539393126964,0.009780645370483398,0.8117573314070317,0.11334281053976104,0.009780645370483398,0.20657446411704378,0.5976616513532401,True
6,159,1726,303,302,0.5264900662251656,correct,put both the cream cheese box and the butter in the basket,2026080813,7160159,sha256:9d7e75918f17cfb4,mps:0,0.1821428537368774,-0.5330356955528259,-0.3214285671710968,0.0,-0.0439285710453987,-0.0,-1.0,0.0740425288677215,-0.1091329753398895,-0.7639117240905762,-9.86142549663782e-05,-0.0401584468781948,-0.0033118827268481,-0.9908236265182496,608.9137499220669,0.10810032486915591,0.4239027202129364,0.44248315691947937,9.86142549663782e-05,0.0037701241672038963,0.0033118827268481,0.009176373481750377,0.6222302954679824,0.005019176048298391,0.009176373481750377,0.14154902809033434,0.6309133026866305,True
6,159,1726,303,302,0.5264900662251656,paraphrase,place the cream cheese box and the butter together inside the basket,2026080813,7160159,sha256:9d7e75918f17cfb4,mps:0,0.1821428537368774,-0.5330356955528259,-0.3214285671710968,0.0,-0.0439285710453987,-0.0,-1.0,-0.1266239285469055,-0.0645561516284942,-0.8045527338981628,0.0001839134492911,-0.0442127920687198,0.0015708855353295,-0.9895392060279846,542.0441250316799,0.3087667822837829,0.4684795439243317,0.48312416672706604,0.0001839134492911,0.00028422102332110316,0.0015708855353295,0.01046079397201538,0.7404181044471784,0.001606949629588711,0.01046079397201538,0.18183861527359113,0.5094673665287952,True
6,159,1726,303,302,0.5264900662251656,contradictory,put the cream cheese box in the basket but leave the butter outside the basket,2026080813,7160159,sha256:9d7e75918f17cfb4,mps:0,0.1821428537368774,-0.5330356955528259,-0.3214285671710968,0.0,-0.0439285710453987,-0.0,-1.0,-0.2084786593914032,-0.0562033653259277,-0.7847204804420471,0.0014367372496053,-0.0226793549954891,-0.0073193861171603,-0.9902619123458862,574.8586668632925,0.39062151312828064,0.47683233022689825,0.4632919132709503,0.0014367372496053,0.0212492160499096,0.0073193861171603,0.00973808765411377,0.7710989784525064,0.022520364335245954,0.00973808765411377,0.19578416909955973,0.4626669457358407,True
6,159,1726,303,302,0.5264900662251656,unrelated,open the top drawer of the cabinet,2026080813,7160159,sha256:9d7e75918f17cfb4,mps:0,0.1821428537368774,-0.5330356955528259,-0.3214285671710968,0.0,-0.0439285710453987,-0.0,-1.0,-0.3508819937705993,-0.0120547339320182,-0.7703658938407898,-0.0190067831426858,-0.0391437523066997,0.0125501491129398,-0.9992954730987548,562.2933339327574,0.5330248475074767,0.5209809616208078,0.448937326669693,0.0190067831426858,0.004784818738699001,0.0125501491129398,0.0007045269012452282,0.8701042315200179,0.02327355878571891,0.0007045269012452282,0.21999848767050675,0.34628600334076315,True
6,175,1742,303,302,0.5794701986754967,correct,put both the cream cheese box and the butter in the basket,2026080813,7160175,sha256:e346e3698b6a28ca,mps:0,0.0,0.1901785731315612,-0.5383928418159485,0.0,-0.0760714262723922,0.0192857142537832,-1.0,-0.0151148065924644,0.1480058133602142,-0.6080614328384399,-0.0029392666183412,0.0193657018244266,0.0157042685896158,-0.990679144859314,578.4212909638882,0.0151148065924644,0.04217275977134699,0.06966859102249146,0.0029392666183412,0.0954371280968188,0.0035814456641674007,0.009320855140686035,0.0828294127717837,0.09554952360251556,0.009320855140686035,0.03403355041518804,0.994634945407347,True
6,175,1742,303,302,0.5794701986754967,paraphrase,place the cream cheese box and the butter together inside the basket,2026080813,7160175,sha256:e346e3698b6a28ca,mps:0,0.0,0.1901785731315612,-0.5383928418159485,0.0,-0.0760714262723922,0.0192857142537832,-1.0,-0.094392217695713,0.1066548600792884,-0.6258692145347595,-0.0014271440450102,0.0122257769107818,0.0156217534095048,-0.9889490008354188,542.8231249097735,0.094392217695713,0.0835237130522728,0.08747637271881104,0.0014271440450102,0.08829720318317401,0.0036639608442784015,0.011050999164581188,0.15342169725170435,0.08838471270058147,0.011050999164581188,0.0528330872434058,0.9747413025011288,True
6,175,1742,303,302,0.5794701986754967,contradictory,put the cream cheese box in the basket but leave the butter outside the basket,2026080813,7160175,sha256:e346e3698b6a28ca,mps:0,0.0,0.1901785731315612,-0.5383928418159485,0.0,-0.0760714262723922,0.0192857142537832,-1.0,-0.1059475913643837,0.0839416682720184,-0.5730174779891968,-0.0012692785821855,0.0266344361007213,0.018238965421915,-0.9926643371582032,564.9198750033975,0.1059475913643837,0.10623690485954279,0.03462463617324829,0.0012692785821855,0.10270586237311351,0.001046748831868203,0.007335662841796764,0.1539806400174379,0.1027190387272055,0.007335662841796764,0.05130952643230554,0.9652036450147982,True
6,175,1742,303,302,0.5794701986754967,unrelated,open the top drawer of the cabinet,2026080813,7160175,sha256:e346e3698b6a28ca,mps:0,0.0,0.1901785731315612,-0.5383928418159485,0.0,-0.0760714262723922,0.0192857142537832,-1.0,-0.0815576687455177,0.2700412273406982,-0.625253438949585,-0.0048242197372019,0.0314367115497589,0.0444512292742729,-1.0078974962234497,577.8892089147121,0.0815576687455177,0.07986265420913699,0.08686059713363647,0.0048242197372019,0.1075081378221511,0.025165515020489696,0.007897496223449707,0.14343800125121542,0.11051957265709064,0.007897496223449707,0.056239469841654795,0.9906022072976117,True
6,181,1748,303,302,0.5993377483443708,correct,put both the cream cheese box and the butter in the basket,2026080813,7160181,sha256:953a16968d993235,mps:0,0.1392857134342193,0.0,-0.1580357104539871,0.0,0.0,-0.01178571395576,1.0,-0.0298825055360794,0.0362306758761405,-0.3535801470279693,-0.0021593733690679,-0.0146166505292057,-0.0290844999253749,0.983120858669281,581.5130420960486,0.1691682189702987,0.0362306758761405,0.1955444365739822,0.0021593733690679,0.0146166505292057,0.0172987859696149,0.016879141330718994,0.2610903576524055,0.022749887078016763,0.016879141330718994,0.06455675465986126,0.688283085031083,True
6,181,1748,303,302,0.5993377483443708,paraphrase,place the cream cheese box and the butter together inside the basket,2026080813,7160181,sha256:953a16968d993235,mps:0,0.1392857134342193,0.0,-0.1580357104539871,0.0,0.0,-0.01178571395576,1.0,-0.1044549122452735,-0.0071550458669662,-0.3983497023582458,-0.0001769420923665,-0.0217678472399711,-0.0306856520473957,0.9921640753746032,525.147708132863,0.2437406256794928,0.0071550458669662,0.2403139919042587,0.0001769420923665,0.0217678472399711,0.018899938091635697,0.00783592462539684,0.3423616538004061,0.028828425934040006,0.00783592462539684,0.07712718792858397,0.5578813872852594,True
6,181,1748,303,302,0.5993377483443708,contradictory,put the cream cheese box in the basket but leave the butter outside the basket,2026080813,7160181,sha256:953a16968d993235,mps:0,0.1392857134342193,0.0,-0.1580357104539871,0.0,0.0,-0.01178571395576,1.0,-0.0716197565197944,0.0091897845268249,-0.3128964900970459,-0.0026949893217533,-0.0073199495673179,-0.0176224652677774,0.987332046031952,557.6252918690443,0.2109054699540137,0.0091897845268249,0.1548607796430588,0.0026949893217533,0.0073199495673179,0.005836751312017401,0.012667953968047985,0.26181564213741865,0.009742294133866965,0.012667953968047985,0.05763938261329058,0.5835284216338749,True
6,181,1748,303,302,0.5993377483443708,unrelated,open the top drawer of the cabinet,2026080813,7160181,sha256:953a16968d993235,mps:0,0.1392857134342193,0.0,-0.1580357104539871,0.0,0.0,-0.01178571395576,1.0,-0.0912271812558174,0.0278812125325202,-0.3645066618919372,-0.0045387623831629,-0.0096065942198038,-0.0117683857679367,0.9948967099189758,552.354667102918,0.23051289469003672,0.0278812125325202,0.2064709514379501,0.0045387623831629,0.0096065942198038,1.7328187823300797e-05,0.00510329008102417,0.31071499870195496,0.010624844316077086,0.00510329008102417,0.06916157621890302,0.5656758023363379,True
6,203,1770,303,302,0.6721854304635762,correct,put both the cream cheese box and the butter in the basket,2026080813,7160203,sha256:8b8974ee99771afc,mps:0,0.1044642850756645,-0.09375,-0.6187499761581421,0.0492857135832309,0.0653571411967277,0.004285714123398,1.0,0.0904635041952133,-0.0551370382308959,0.0002060011029243,-0.0255094151943922,0.0065453583374619,0.0004395586438477,-0.971468985080719,537.5899160280824,0.014000780880451202,0.0386129617691041,0.6189559772610664,0.07479512877762311,0.0588117828592658,0.0038461554795502996,1.971468985080719,0.6203172450198741,0.09522567933031263,1.971468985080719,0.39721311030111145,0.21559673600082027,True
6,203,1770,303,302,0.6721854304635762,paraphrase,place the cream cheese box and the butter together inside the basket,2026080813,7160203,sha256:8b8974ee99771afc,mps:0,0.1044642850756645,-0.09375,-0.6187499761581421,0.0492857135832309,0.0653571411967277,0.004285714123398,1.0,0.0305437222123146,-0.0818808078765869,-0.2187925279140472,-0.0103539871051907,-0.0083435615524649,-0.0051700556650757,-0.9753316640853882,541.9342920649797,0.07392056286334991,0.0118691921234131,0.39995744824409485,0.0596397006884216,0.0737007027491926,0.009455769788473699,1.9753316640853882,0.4069042734374078,0.09527905890709655,1.9753316640853882,0.37198214864890483,0.9783472132026894,True
6,203,1770,303,302,0.6721854304635762,contradictory,put the cream cheese box in the basket but leave the butter outside the basket,2026080813,7160203,sha256:8b8974ee99771afc,mps:0,0.1044642850756645,-0.09375,-0.6187499761581421,0.0492857135832309,0.0653571411967277,0.004285714123398,1.0,-0.0050150752067565,-0.049490213394165,-0.1792040467262268,-0.0131461005657911,-0.0010179672390222,-0.0079758930951356,-0.9678179621696472,561.984249856323,0.109479360282421,0.044259786605835,0.4395459294319153,0.062431814149022005,0.0663751084357499,0.0122616072185336,1.9678179621696472,0.4551321600572832,0.09194418659913837,1.9678179621696472,0.3860245097561606,0.9745715195459441,True
6,203,1770,303,302,0.6721854304635762,unrelated,open the top drawer of the cabinet,2026080813,7160203,sha256:8b8974ee99771afc,mps:0,0.1044642850756645,-0.09375,-0.6187499761581421,0.0492857135832309,0.0653571411967277,0.004285714123398,1.0,0.1378142833709716,-0.0441827327013015,0.3705704808235168,-0.0497513227164745,0.0016728690825402,0.0023224055767059,-0.970299243927002,570.4849169123918,0.03334999829530709,0.0495672672986985,0.9893204569816589,0.0990370362997054,0.06368427211418749,0.0019633085466920996,1.970299243927002,0.9911226477970101,0.11776194484718973,1.970299243927002,0.45817451192332165,-0.8349560163870252,True
6,223,1790,303,302,0.7384105960264901,correct,put both the cream cheese box and the butter in the basket,2026080813,7160223,sha256:4256cc0ff5bb55a4,mps:0,-0.2946428656578064,0.0,-0.1553571373224258,-0.0610714294016361,0.0524999983608722,0.0739285722374916,-1.0,-0.121255375444889,0.0148804634809494,-0.3011541664600372,-0.0023786362726241,0.0094857281073927,-0.0037206495180726,-0.9867504239082336,582.114625023678,0.17338749021291738,0.0148804634809494,0.1457970291376114,0.058692793129012,0.0430142702534795,0.0776492217555642,0.013249576091766357,0.22702736324305908,0.10641650741294395,0.013249576091766357,0.07523869200875717,0.7622396186343431,True
6,223,1790,303,302,0.7384105960264901,paraphrase,place the cream cheese box and the butter together inside the basket,2026080813,7160223,sha256:4256cc0ff5bb55a4,mps:0,-0.2946428656578064,0.0,-0.1553571373224258,-0.0610714294016361,0.0524999983608722,0.0739285722374916,-1.0,-0.2110918164253235,-0.0253847390413284,-0.3494990468025207,-0.000684043217916,0.000836671795696,-0.0091119548305869,-0.9847817420959472,544.7847088798881,0.08355104923248291,0.0253847390413284,0.1941419094800949,0.0603873861837201,0.0516633265651762,0.08304052706807849,0.015218257904052845,0.21287612318111793,0.11494113649005767,0.015218257904052845,0.07334102792499055,0.8549116213616905,True
6,223,1790,303,302,0.7384105960264901,contradictory,put the cream cheese box in the basket but leave the butter outside the basket,2026080813,7160223,sha256:4256cc0ff5bb55a4,mps:0,-0.2946428656578064,0.0,-0.1553571373224258,-0.0610714294016361,0.0524999983608722,0.0739285722374916,-1.0,-0.1983064115047454,-0.0115926861763,-0.2613722681999206,-0.0005144284223206,0.0127252247184515,-0.0104427151381969,-0.985935389995575,561.3819998688996,0.096336454153061,0.0115926861763,0.10601513087749481,0.0605570009793155,0.0397747736424207,0.0843712873756885,0.014064610004425049,0.1437160768548159,0.11121014845483139,0.014064610004425049,0.05895884902981508,0.905665157078831,True
6,223,1790,303,302,0.7384105960264901,unrelated,open the top drawer of the cabinet,2026080813,7160223,sha256:4256cc0ff5bb55a4,mps:0,-0.2946428656578064,0.0,-0.1553571373224258,-0.0610714294016361,0.0524999983608722,0.0739285722374916,-1.0,-0.2167211472988128,0.1226909905672073,-0.3494941294193268,-0.0126954009756445,0.0064431633800268,0.0035585230216383,-0.9972302913665771,554.8493338283151,0.07792171835899359,0.1226909905672073,0.194136992096901,0.048376028425991605,0.046056834980845396,0.0703700492158533,0.0027697086334228516,0.24251607175363257,0.097022760223397,0.0027697086334228516,0.08033176032560214,0.8265511818544494,True
6,229,1796,303,302,0.7582781456953642,correct,put both the cream cheese box and the butter in the basket,2026080813,7160229,sha256:b25f3c9bc585e008,mps:0,-0.0508928559720516,-0.0321428589522838,-0.0,-0.0450000017881393,0.0257142856717109,0.0610714294016361,1.0,-0.1430904567241668,-0.0144595131278038,-0.1619437485933303,-0.0453367680311203,-0.0019690319895744,0.0124101489782333,1.0123486518859863,553.2446668948978,0.0921976007521152,0.017683345824479994,0.1619437485933303,0.00033676624298099866,0.0276833176612853,0.0486612804234028,0.012348651885986328,0.1871867410167033,0.055985709789937346,0.012348651885986328,0.05155067305479727,0.594232047751941,True
6,229,1796,303,302,0.7582781456953642,paraphrase,place the cream cheese box and the butter together inside the basket,2026080813,7160229,sha256:b25f3c9bc585e008,mps:0,-0.0508928559720516,-0.0321428589522838,-0.0,-0.0450000017881393,0.0257142856717109,0.0610714294016361,1.0,-0.3547833561897278,-0.0552733987569808,-0.40008544921875,-0.032277513295412,-0.0146991563960909,0.0136540420353412,-1.027011752128601,539.2804171424359,0.30389050021767616,0.023130539804697002,0.40008544921875,0.0127224884927273,0.0404134420678018,0.0474173873662949,2.027011752128601,0.5029441566126155,0.0635886518009339,2.027011752128601,0.40781022275664974,0.6128940332377378,True
6,229,1796,303,302,0.7582781456953642,contradictory,put the cream cheese box in the basket but leave the butter outside the basket,2026080813,7160229,sha256:b25f3c9bc585e008,mps:0,-0.0508928559720516,-0.0321428589522838,-0.0,-0.0450000017881393,0.0257142856717109,0.0610714294016361,1.0,-0.1932224333286285,-0.0402264297008514,-0.1933893263339996,-0.0413330197334289,-0.0007127625867724,0.0097905732691288,1.009913206100464,573.5048749484122,0.14232957735657692,0.008083570748567602,0.1933893263339996,0.003666982054710402,0.0264270482584833,0.0512808561325073,0.00991320610046409,0.24025504000221745,0.05780624397700205,0.00991320610046409,0.0621557952836156,0.668964745569125,True
6,229,1796,303,302,0.7582781456953642,unrelated,open the top drawer of the cabinet,2026080813,7160229,sha256:b25f3c9bc585e008,mps:0,-0.0508928559720516,-0.0321428589522838,-0.0,-0.0450000017881393,0.0257142856717109,0.0610714294016361,1.0,-0.3911289572715759,0.0118114799261093,-0.3465229570865631,-0.0431594811379909,0.0047425171360373,0.0186957996338605,-1.0134726762771606,562.1837498620152,0.3402361012995243,0.0439543388783931,0.3465229570865631,0.0018405206501483987,0.020971768535673597,0.042375629767775605,2.0134726762771606,0.4876174200351674,0.04731697993313903,2.0134726762771606,0.4013391417850341,0.6206185054166163,True
6,244,1811,303,302,0.8079470198675497,correct,put both the cream cheese box and the butter in the basket,2026080813,7160244,sha256:360b4cf7c044a636,mps:0,0.2008928507566452,0.2973214387893677,0.9375,0.0,0.0074999998323619,-0.0364285707473754,1.0,0.2950824797153473,0.1704485714435577,0.968157172203064,-0.0129788322374224,0.0132822655141353,-0.0561539158225059,0.9841745495796204,552.6501249987632,0.09418962895870209,0.12687286734580996,0.030657172203063965,0.0129788322374224,0.0057822656817734,0.019725345075130504,0.01582545042037964,0.1609604699279105,0.02430995518290284,0.01582545042037964,0.043718794560326,0.9876737666393045,True
6,244,1811,303,302,0.8079470198675497,paraphrase,place the cream cheese box and the butter together inside the basket,2026080813,7160244,sha256:360b4cf7c044a636,mps:0,0.2008928507566452,0.2973214387893677,0.9375,0.0,0.0074999998323619,-0.0364285707473754,1.0,0.1952561140060424,0.2408008128404617,0.955756425857544,-0.0106019740924239,0.0040450133383274,-0.0538063496351242,0.983651340007782,544.1240000072867,0.0056367367506028054,0.05652062594890597,0.018256425857543945,0.0106019740924239,0.0034549864940345,0.0173777788877488,0.016348659992218018,0.05966281123064634,0.020647662952544443,0.016348659992218018,0.018313884003353993,0.9982358397598847,True
6,244,1811,303,302,0.8079470198675497,contradictory,put the cream cheese box in the basket but leave the butter outside the basket,2026080813,7160244,sha256:360b4cf7c044a636,mps:0,0.2008928507566452,0.2973214387893677,0.9375,0.0,0.0074999998323619,-0.0364285707473754,1.0,0.2346847951412201,0.1560249030590057,0.8954343199729919,-0.0174041669815778,0.0097424881532788,-0.0603210479021072,0.984162986278534,550.8477080147713,0.03379194438457489,0.14129653573036197,0.04206568002700806,0.0174041669815778,0.0022424883209168998,0.0238924771547318,0.015837013721465953,0.15124856346698398,0.0296442953497207,0.015837013721465953,0.039504329474376765,0.9901098699846861,True
6,244,1811,303,302,0.8079470198675497,unrelated,open the top drawer of the cabinet,2026080813,7160244,sha256:360b4cf7c044a636,mps:0,0.2008928507566452,0.2973214387893677,0.9375,0.0,0.0074999998323619,-0.0364285707473754,1.0,0.1676679253578186,0.1127015650272369,0.4993137419223785,-0.027375254780054,0.017224334180355,-0.0543352514505386,1.0032144784927368,569.3595421034843,0.0332249253988266,0.1846198737621308,0.4381862580776215,0.027375254780054,0.009724334347993099,0.017906680703163202,0.0032144784927368164,0.4766503857375662,0.03412647750046091,0.0032144784927368164,0.102035972223218,0.9900177996330862,True
6,257,1824,303,302,0.8509933774834437,correct,put both the cream cheese box and the butter in the basket,2026080813,7160257,sha256:efabe3340981546f,mps:0,-0.3214285671710968,0.824999988079071,0.2973214387893677,-0.0407142862677574,0.0192857142537832,0.0032142857089638,1.0,-0.1857702434062957,0.7923644185066223,0.4336256086826324,-0.0012449729256331,-0.0071803303435444,0.0188412964344024,1.0039249658584597,558.2340001128614,0.1356583237648011,0.03263556957244873,0.13630416989326471,0.0394693133421243,0.0264660445973276,0.015627010725438602,0.003924965858459695,0.19505662751694883,0.05002481060973143,0.003924965858459695,0.05572648539340924,0.9779940317817658,True
6,257,1824,303,302,0.8509933774834437,paraphrase,place the cream cheese box and the butter together inside the basket,2026080813,7160257,sha256:efabe3340981546f,mps:0,-0.3214285671710968,0.824999988079071,0.2973214387893677,-0.0407142862677574,0.0192857142537832,0.0032142857089638,1.0,-0.1872519254684448,0.8367769718170166,0.2327802181243896,-0.0009335011127404,-0.0182053931057453,0.0134922675788402,1.007961988449097,549.0213751327246,0.134176641702652,0.011776983737945557,0.06454122066497808,0.039780785155017005,0.0374911073595285,0.0102779818698764,0.007961988449096902,0.14935741591729243,0.05562131704581277,0.007961988449096902,0.043715244134156346,0.9878058895438008,True
6,257,1824,303,302,0.8509933774834437,contradictory,put the cream cheese box in the basket but leave the butter outside the basket,2026080813,7160257,sha256:efabe3340981546f,mps:0,-0.3214285671710968,0.824999988079071,0.2973214387893677,-0.0407142862677574,0.0192857142537832,0.0032142857089638,1.0,-0.0712627544999122,0.7176433801651001,0.5099831223487854,-0.0009182545472867,-0.0137571757659316,0.008355832658708,0.9980339407920836,570.5692081246525,0.2501658126711846,0.10735660791397095,0.21266168355941772,0.0397960317204707,0.033042890019714805,0.0051415469497442,0.001966059207916371,0.34544661924319686,0.05198069090141167,0.001966059207916371,0.09287580457748848,0.9292332495025502,True
6,257,1824,303,302,0.8509933774834437,unrelated,open the top drawer of the cabinet,2026080813,7160257,sha256:efabe3340981546f,mps:0,-0.3214285671710968,0.824999988079071,0.2973214387893677,-0.0407142862677574,0.0192857142537832,0.0032142857089638,1.0,-0.0222384631633758,0.0349802635610103,0.2976741790771484,-0.0025436163414269,0.0140569079667329,0.0146584138274192,-1.0090566873550415,572.4550830200315,0.299190104007721,0.7900197245180608,0.0003527402877807062,0.0381706699263305,0.005228806287050301,0.0114441281184554,2.0090566873550415,0.8447757145476272,0.040190901037473525,2.0090566873550415,0.45049469435720574,0.44356326046644834,True
6,282,1849,303,302,0.933774834437086,correct,put both the cream cheese box and the butter in the basket,2026080813,7160282,sha256:ebd3964ac5e7acbf,mps:0,0.0,0.2035714238882064,0.1124999970197677,-0.0246428567916154,-0.0064285714179277,0.0385714285075664,1.0,-0.0732028111815452,0.031540285795927,0.0068178549408912,0.0038331802934408,-0.0787811577320098,-0.0138219902291893,-0.9904910326004028,601.3369588181376,0.0732028111815452,0.1720311380922794,0.10568214207887651,0.0284760370850562,0.0723525863140821,0.0523934187367557,1.9904910326004028,0.21476051590687173,0.09375954224147652,1.9904910326004028,0.3563755951555711,0.3862906574823441,True
6,282,1849,303,302,0.933774834437086,paraphrase,place the cream cheese box and the butter together inside the basket,2026080813,7160282,sha256:ebd3964ac5e7acbf,mps:0,0.0,0.2035714238882064,0.1124999970197677,-0.0246428567916154,-0.0064285714179277,0.0385714285075664,1.0,-0.0919610634446144,0.0210810750722885,-0.0494276694953441,0.0110742943361401,-0.0834731087088584,-0.0150746153667569,-0.99216628074646,545.9512919187546,0.0919610634446144,0.1824903488159179,0.1619276665151118,0.0357171511277555,0.0770445372909307,0.053646043874323306,1.99216628074646,0.2607300016949508,0.10044637193260073,1.99216628074646,0.37070758454501623,-0.05122949482302365,True
6,282,1849,303,302,0.933774834437086,contradictory,put the cream cheese box in the basket but leave the butter outside the basket,2026080813,7160282,sha256:ebd3964ac5e7acbf,mps:0,0.0,0.2035714238882064,0.1124999970197677,-0.0246428567916154,-0.0064285714179277,0.0385714285075664,1.0,-0.0581046566367149,0.0291384123265743,0.0665994808077812,0.0029040579684078,-0.0777555257081985,-0.0268550142645835,-0.9841532111167908,567.5723748281598,0.0581046566367149,0.1744330115616321,0.0459005162119865,0.0275469147600232,0.0713269542902708,0.0654264427721499,1.9841532111167908,0.18949903438766605,0.10063292868112192,1.9841532111167908,0.3466988153356526,0.620187424816623,True
6,282,1849,303,302,0.933774834437086,unrelated,open the top drawer of the cabinet,2026080813,7160282,sha256:ebd3964ac5e7acbf,mps:0,0.0,0.2035714238882064,0.1124999970197677,-0.0246428567916154,-0.0064285714179277,0.0385714285075664,1.0,-0.0743404403328895,-0.0417912453413009,0.0474868938326835,0.0054296194575726,-0.1282163858413696,-0.0167573131620883,-0.9830357432365416,565.3755830135196,0.0743404403328895,0.2453626692295073,0.0650131031870842,0.030072476249187997,0.1217878144234419,0.05532874166965471,1.9830357432365417,0.2644920492308436,0.13710541646683433,1.9830357432365417,0.36784871261832963,-0.13941672935649954,True
6,302,1869,303,302,1.0,correct,put both the cream cheese box and the butter in the basket,2026080813,7160302,sha256:e40412bf657858eb,mps:0,0.0,-0.0455357134342193,-0.0,0.0267857145518064,0.01178571395576,-0.0,-1.0,0.1352523565292358,-0.0382698476314544,0.2028750479221344,0.0176581386476755,-0.1403666585683822,-0.0432459041476249,-0.9807819724082948,574.6863749809563,0.1352523565292358,0.0072658658027648995,0.2028750479221344,0.009127575904130901,0.1521523725241422,0.0432459041476249,0.01921802759170521,0.24393498687556822,0.15844199358805283,0.01921802759170521,0.08130530720310547,0.1550567967900647,True
6,302,1869,303,302,1.0,paraphrase,place the cream cheese box and the butter together inside the basket,2026080813,7160302,sha256:e40412bf657858eb,mps:0,0.0,-0.0455357134342193,-0.0,0.0267857145518064,0.01178571395576,-0.0,-1.0,0.0924355462193489,-0.0152904614806175,0.1372677683830261,0.0222283285111188,-0.1613354086875915,-0.0398744791746139,-0.9863755106925964,572.4224580917507,0.0924355462193489,0.030245251953601796,0.1372677683830261,0.004557386040687603,0.1731211226433515,0.0398744791746139,0.013624489307403564,0.16823063248844528,0.17771231516770278,0.013624489307403564,0.0701608633888619,0.09200348646658865,True
6,302,1869,303,302,1.0,contradictory,put the cream cheese box in the basket but leave the butter outside the basket,2026080813,7160302,sha256:e40412bf657858eb,mps:0,0.0,-0.0455357134342193,-0.0,0.0267857145518064,0.01178571395576,-0.0,-1.0,0.0997844934463501,0.0224019512534141,0.2792824208736419,0.0118537321686744,-0.1375157535076141,-0.0557637214660644,-0.9781051874160768,566.2902079056948,0.0997844934463501,0.0679376646876334,0.2792824208736419,0.014931982383132002,0.1493014674633741,0.0557637214660644,0.02189481258392323,0.30425506080358966,0.16007337353961132,0.02189481258392323,0.09841379470058845,-0.07532143886562687,True
6,302,1869,303,302,1.0,unrelated,open the top drawer of the cabinet,2026080813,7160302,sha256:e40412bf657858eb,mps:0,0.0,-0.0455357134342193,-0.0,0.0267857145518064,0.01178571395576,-0.0,-1.0,0.1764745116233825,-0.1725414097309112,0.3459592759609222,0.0166493933647871,-0.1944558322429657,-0.0289560444653034,-0.98121839761734,539.8430000059307,0.1764745116233825,0.1270056962966919,0.3459592759609222,0.010136321187019303,0.2062415461987257,0.0289560444653034,0.018781602382660023,0.4086092519362777,0.2085108459930182,0.018781602382660023,0.1305078568735293,0.40600607410334627,True
7,0,1870,247,246,0.0,correct,put both the cream cheese box and the butter in the basket,2026080814,7170000,sha256:c88caf223c76ed2c,mps:0,0.1339285671710968,0.0,-0.0,-0.0203571431338787,0.0342857129871845,-0.0,-1.0,0.0390935912728309,-0.0145610719919204,-0.1311386674642563,0.0215325914323329,0.0238911397755146,0.0212001111358404,-0.996022403240204,554.981832858175,0.0948349758982659,0.0145610719919204,0.1311386674642563,0.0418897345662116,0.010394573211669898,0.0212001111358404,0.0039775967597960316,0.16249014608732232,0.048085774678717746,0.0039775967597960316,0.04542810443256579,0.2840809669869736,True
7,0,1870,247,246,0.0,paraphrase,place the cream cheese box and the butter together inside the basket,2026080814,7170000,sha256:c88caf223c76ed2c,mps:0,0.1339285671710968,0.0,-0.0,-0.0203571431338787,0.0342857129871845,-0.0,-1.0,0.1160025894641876,-0.0111725330352783,-0.2206029891967773,0.0295329112559556,0.0213312357664108,0.0149057805538177,-1.0001825094223022,550.6621671374887,0.017925977706909207,0.0111725330352783,0.2206029891967773,0.0498900543898343,0.012954477220773697,0.0149057805538177,0.0001825094223022461,0.2216119243491343,0.05365648424005005,0.0001825094223022461,0.04680490307509896,0.4649519832360589,True
7,0,1870,247,246,0.0,contradictory,put the cream cheese box in the basket but leave the butter outside the basket,2026080814,7170000,sha256:c88caf223c76ed2c,mps:0,0.1339285671710968,0.0,-0.0,-0.0203571431338787,0.0342857129871845,-0.0,-1.0,0.0231973230838775,0.0402343235909938,-0.1407454460859298,0.0231013726443052,0.0134491082280874,0.0102699529379606,-0.9905722737312316,583.00408301875,0.1107312440872193,0.0402343235909938,0.1407454460859298,0.0434585157781839,0.0208366047590971,0.0102699529379606,0.009427726268768422,0.18354696893671524,0.04927756715664251,0.009427726268768422,0.053671973358307555,0.15651660977057066,True
7,0,1870,247,246,0.0,unrelated,open the top drawer of the cabinet,2026080814,7170000,sha256:c88caf223c76ed2c,mps:0,0.1339285671710968,0.0,-0.0,-0.0203571431338787,0.0342857129871845,-0.0,-1.0,-0.0970171466469764,-0.3683649599552154,-0.1843414008617401,0.0254845712333917,0.0428736805915832,0.0600502341985702,-0.9964277744293212,568.4373748954386,0.23094571381807322,0.3683649599552154,0.1843414008617401,0.0458417143672704,0.008587967604398707,0.0600502341985702,0.003572225570678822,0.472239789223034,0.07603450921132941,0.003572225570678822,0.1288148880537067,-0.22925387335215117,True
7,21,1891,247,246,0.0853658536585365,correct,put both the cream cheese box and the butter in the basket,2026080814,7170021,sha256:2fb5d19c7eb830b6,mps:0,0.5705357193946838,-0.7633928656578064,-0.1928571462631225,0.0149999996647238,-0.0182142853736877,-0.0,-1.0,0.5283975601196289,-0.5722342133522034,-0.1475368738174438,0.0026887238491326,-0.0035227192565798,-0.0703374966979026,-0.9920007586479188,577.2549591492862,0.04213815927505493,0.19115865230560303,0.04532027244567871,0.0123112758155912,0.0146915661171079,0.0703374966979026,0.007999241352081188,0.20092581196286075,0.0729024901420272,0.007999241352081188,0.05485095200128852,0.9947414954611667,True
7,21,1891,247,246,0.0853658536585365,paraphrase,place the cream cheese box and the butter together inside the basket,2026080814,7170021,sha256:2fb5d19c7eb830b6,mps:0,0.5705357193946838,-0.7633928656578064,-0.1928571462631225,0.0149999996647238,-0.0182142853736877,-0.0,-1.0,0.4622486531734466,-0.4697946906089782,-0.3125812411308288,0.0041528791189193,-0.0188018605113029,-0.0847265869379043,-0.9975704550743104,527.3015419952571,0.10828706622123724,0.2935981750488282,0.1197240948677063,0.0108471205458045,0.0005875751376152004,0.0847265869379043,0.0024295449256895862,0.3350519899876682,0.08542013698668373,0.0024295449256895862,0.08860002338354075,0.9624589708525211,True
7,21,1891,247,246,0.0853658536585365,contradictory,put the cream cheese box in the basket but leave the butter outside the basket,2026080814,7170021,sha256:2fb5d19c7eb830b6,mps:0,0.5705357193946838,-0.7633928656578064,-0.1928571462631225,0.0149999996647238,-0.0182142853736877,-0.0,-1.0,0.3853022456169128,-0.4105488955974579,-0.2624435722827911,0.0020091072656214,-0.0191981978714466,-0.0819415897130966,-0.9977952241897584,534.3949580565095,0.18523347377777105,0.3528439700603485,0.06958642601966858,0.0129908923991024,0.0009839124977589,0.0819415897130966,0.002204775810241588,0.4045399581029285,0.0829708110954555,0.002204775810241588,0.1008264343254268,0.9666069098471102,True
7,21,1891,247,246,0.0853658536585365,unrelated,open the top drawer of the cabinet,2026080814,7170021,sha256:2fb5d19c7eb830b6,mps:0,0.5705357193946838,-0.7633928656578064,-0.1928571462631225,0.0149999996647238,-0.0182142853736877,-0.0,-1.0,0.0338562726974487,-0.5978173613548279,-0.2121406644582748,-0.0009036675910465,-0.0048006735742092,-0.011143771931529,-0.99448424577713,540.9653750248253,0.5366794466972351,0.16557550430297852,0.01928351819515231,0.0159036672557703,0.0134136117994785,0.011143771931529,0.005515754222869984,0.561971467430882,0.023601594576454,0.005515754222869984,0.10964503920071625,0.8363491615005458,True
7,35,1905,247,246,0.1422764227642276,correct,put both the cream cheese box and the butter in the basket,2026080814,7170035,sha256:225ad91ed82fff31,mps:0,0.1205357164144516,0.0348214283585548,-0.8357142806053162,0.0,-0.1103571429848671,-0.0,-1.0,0.2581986486911773,-0.188627541065216,-0.707373857498169,0.0449133701622486,-0.0672888308763504,-0.0590241700410842,-1.0147361755371094,568.0048749782145,0.1376629322767257,0.2234489694237708,0.12834042310714722,0.0449133701622486,0.04306831210851669,0.0590241700410842,0.014736175537109375,0.2921502850638575,0.08576679413529802,0.014736175537109375,0.09302776466522893,0.9385545590723903,True
7,35,1905,247,246,0.1422764227642276,paraphrase,place the cream cheese box and the butter together inside the basket,2026080814,7170035,sha256:225ad91ed82fff31,mps:0,0.1205357164144516,0.0348214283585548,-0.8357142806053162,0.0,-0.1103571429848671,-0.0,-1.0,0.0762557089328765,-0.1299394816160202,-0.7703986763954163,0.0584918148815631,-0.0722663551568985,-0.0436634570360183,-1.0121634006500244,532.9499579966068,0.044280007481575095,0.164760909974575,0.0653156042098999,0.0584918148815631,0.0380907878279686,0.0436634570360183,0.012163400650024414,0.1826827979628149,0.08233284888688465,0.012163400650024414,0.060966568865946334,0.9775675491149733,True
7,35,1905,247,246,0.1422764227642276,contradictory,put the cream cheese box in the basket but leave the butter outside the basket,2026080814,7170035,sha256:225ad91ed82fff31,mps:0,0.1205357164144516,0.0348214283585548,-0.8357142806053162,0.0,-0.1103571429848671,-0.0,-1.0,-0.090161420404911,-0.1002707779407501,-0.7160953283309937,0.0461717918515205,-0.0697684064507484,-0.0469432100653648,-1.0089186429977417,527.029792079702,0.21069713681936258,0.1350922062993049,0.11961895227432251,0.0461717918515205,0.040588736534118694,0.0469432100653648,0.0089186429977417,0.277402021279402,0.07734949817198043,0.0089186429977417,0.0868615252631051,0.948519109285266,True
7,35,1905,247,246,0.1422764227642276,unrelated,open the top drawer of the cabinet,2026080814,7170035,sha256:225ad91ed82fff31,mps:0,0.1205357164144516,0.0348214283585548,-0.8357142806053162,0.0,-0.1103571429848671,-0.0,-1.0,-0.1638731956481933,-0.1392389237880706,-0.8123016357421875,0.0477834194898605,-0.073446437716484,0.0105164796113967,-0.9988732933998108,528.6347079090774,0.2844089120626449,0.1740603521466254,0.023412644863128662,0.0477834194898605,0.036910705268383096,0.0105164796113967,0.001126706600189209,0.3342657436674472,0.061288267106929584,0.001126706600189209,0.08260274572031835,0.9213423530761292,True
7,39,1909,247,246,0.1585365853658536,correct,put both the cream cheese box and the butter in the basket,2026080814,7170039,sha256:83f8fa6fd5e5ddbc,mps:0,0.0,0.2705357074737549,-0.7848214507102966,-0.010714286006987,-0.1199999973177909,-0.0,-1.0,-0.1763167083263397,-0.3610790073871612,-0.6488545536994934,0.0028343880549073,-0.0036993585526943,0.0369215607643127,-1.00299072265625,545.3164998907596,0.1763167083263397,0.6316147148609161,0.13596689701080322,0.013548674061894299,0.11630063876509661,0.0369215607643127,0.00299072265625,0.6697101811579531,0.1227705453082203,0.00299072265625,0.15909427377794466,0.649577818056235,True
7,39,1909,247,246,0.1585365853658536,paraphrase,place the cream cheese box and the butter together inside the basket,2026080814,7170039,sha256:83f8fa6fd5e5ddbc,mps:0,0.0,0.2705357074737549,-0.7848214507102966,-0.010714286006987,-0.1199999973177909,-0.0,-1.0,-0.3639393448829651,-0.3422329425811767,-0.6964460611343384,0.0061967414803802,-0.0061612483114004,0.028522340580821,-1.006636381149292,535.7257910072803,0.3639393448829651,0.6127686500549316,0.08837538957595825,0.0169110274873672,0.1138387490063905,0.028522340580821,0.006636381149291992,0.7181556062071002,0.11856967377127599,0.006636381149291992,0.17585598324824653,0.6380789373378303,True
7,39,1909,247,246,0.1585365853658536,contradictory,put the cream cheese box in the basket but leave the butter outside the basket,2026080814,7170039,sha256:83f8fa6fd5e5ddbc,mps:0,0.0,0.2705357074737549,-0.7848214507102966,-0.010714286006987,-0.1199999973177909,-0.0,-1.0,-0.4622080326080322,-0.3314523100852966,-0.5839797854423523,0.0030627066735178,-0.0036060595884919,0.0118892863392829,-0.9958358407020568,535.4107921011746,0.4622080326080322,0.6019880175590515,0.20084166526794434,0.0137769926805048,0.116393937729299,0.0118892863392829,0.004164159297943226,0.7850880289494075,0.1178079343554927,0.004164159297943226,0.2016088702117226,0.544760308249386,True
7,39,1909,247,246,0.1585365853658536,unrelated,open the top drawer of the cabinet,2026080814,7170039,sha256:83f8fa6fd5e5ddbc,mps:0,0.0,0.2705357074737549,-0.7848214507102966,-0.010714286006987,-0.1199999973177909,-0.0,-1.0,-0.4890164732933044,-0.2812815010547638,-0.6436334848403931,-0.0021514100953936,0.0041910521686077,0.121253028512001,-0.9879265427589417,535.0085000973195,0.4890164732933044,0.5518172085285187,0.14118796586990356,0.008562875911593399,0.1241910494863986,0.121253028512001,0.01207345724105835,0.7507152486042287,0.17377869990232572,0.01207345724105835,0.20687172269182547,0.6038605558318929,True
7,49,1919,247,246,0.1991869918699187,correct,put both the cream cheese box and the butter in the basket,2026080814,7170049,sha256:f887ab444e6a6f4b,mps:0,-0.2973214387893677,-0.1660714298486709,-0.6937500238418579,0.0,-0.0567857138812541,-0.0,-1.0,-0.4029717445373535,0.0453448556363582,-0.5796337723731995,0.0012364825233817,-0.0186537317931652,0.0393370911478996,-1.0058702230453491,535.6092499569058,0.10565030574798584,0.2114162854850291,0.11411625146865845,0.0012364825233817,0.0381319820880889,0.0393370911478996,0.005870223045349121,0.262452570424045,0.05479948619261975,0.005870223045349121,0.07367980307234182,0.9409182469881616,True
7,49,1919,247,246,0.1991869918699187,paraphrase,place the cream cheese box and the butter together inside the basket,2026080814,7170049,sha256:f887ab444e6a6f4b,mps:0,-0.2973214387893677,-0.1660714298486709,-0.6937500238418579,0.0,-0.0567857138812541,-0.0,-1.0,-0.540460467338562,0.0406725332140922,-0.5961654186248779,0.0024028194602578,-0.0220588557422161,0.029695862904191,-1.0086928606033323,514.6606671623886,0.24313902854919434,0.2067439630627631,0.09758460521697998,0.0024028194602578,0.034726858139038,0.029695862904191,0.008692860603332297,0.3337400315246838,0.045755573334753115,0.008692860603332297,0.08899799970510806,0.911429470255065,True
7,49,1919,247,246,0.1991869918699187,contradictory,put the cream cheese box in the basket but leave the butter outside the basket,2026080814,7170049,sha256:f887ab444e6a6f4b,mps:0,-0.2973214387893677,-0.1660714298486709,-0.6937500238418579,0.0,-0.0567857138812541,-0.0,-1.0,-0.4196930229663849,0.0419888794422149,-0.3864096105098724,-0.0001163881388492,-0.0040760319679975,0.0123507529497146,1.006727933883667,534.4045411329716,0.12237158417701721,0.20806030929088581,0.30734041333198553,0.0001163881388492,0.0527096819132566,0.0123507529497146,2.006727933883667,0.39079665631027033,0.05413746588103694,2.006727933883667,0.38709672338362516,0.8728738662180644,True
7,49,1919,247,246,0.1991869918699187,unrelated,open the top drawer of the cabinet,2026080814,7170049,sha256:f887ab444e6a6f4b,mps:0,-0.2973214387893677,-0.1660714298486709,-0.6937500238418579,0.0,-0.0567857138812541,-0.0,-1.0,-0.6108822822570801,0.1457829475402832,-0.529957115650177,-0.0032439962960779,-0.0149799278005957,0.1088835746049881,-1.0023099184036257,558.031665859744,0.3135608434677124,0.3118543773889541,0.1637929081916809,0.0032439962960779,0.0418057860806584,0.1088835746049881,0.0023099184036257103,0.47159481764192857,0.11667853307507234,0.0023099184036257103,0.13506448634767107,0.8267871162098794,True
7,67,1937,247,246,0.2723577235772357,correct,put both the cream cheese box and the butter in the basket,2026080814,7170067,sha256:df1036601f954563,mps:0,0.0,0.4017857015132904,0.9375,0.0,0.0,-0.0,1.0,-0.0040681138634681,0.2957837581634521,0.8684356212615967,-0.012444507330656,0.0468366220593452,0.0150951296091079,1.0074174404144287,567.5387501250952,0.0040681138634681,0.10600194334983831,0.06906437873840332,0.012444507330656,0.0468366220593452,0.0150951296091079,0.007417440414428711,0.12658139655917094,0.05075822954505464,0.007417440414428711,0.03727544790932108,0.9970562349465469,True
7,67,1937,247,246,0.2723577235772357,paraphrase,place the cream cheese box and the butter together inside the basket,2026080814,7170067,sha256:df1036601f954563,mps:0,0.0,0.4017857015132904,0.9375,0.0,0.0,-0.0,1.0,-0.0797267332673072,0.3703130185604095,0.8397215008735657,-0.0144500723108649,0.0474910922348499,0.0111993979662656,1.0128800868988037,539.921916089952,0.0797267332673072,0.031472682952880915,0.09777849912643433,0.0144500723108649,0.0474910922348499,0.0111993979662656,0.012880086898803711,0.13002890702127365,0.05088845592327438,0.012880086898803711,0.04214265210820094,0.9961934713907059,True
7,67,1937,247,246,0.2723577235772357,contradictory,put the cream cheese box in the basket but leave the butter outside the basket,2026080814,7170067,sha256:df1036601f954563,mps:0,0.0,0.4017857015132904,0.9375,0.0,0.0,-0.0,1.0,-0.0159498304128646,0.0866776183247566,0.5216164588928223,-0.0207945760339498,0.0740026980638504,0.0016111624427139,0.9976707100868224,557.9782500863075,0.0159498304128646,0.3151080831885338,0.41588354110717773,0.0207945760339498,0.0740026980638504,0.0016111624427139,0.0023292899131776013,0.522021667121966,0.07688569150094145,0.0023292899131776013,0.12081131159460969,0.9708428396531698,True
7,67,1937,247,246,0.2723577235772357,unrelated,open the top drawer of the cabinet,2026080814,7170067,sha256:df1036601f954563,mps:0,0.0,0.4017857015132904,0.9375,0.0,0.0,-0.0,1.0,-0.0872311219573021,0.0517080686986446,0.1078678593039512,-0.0207343678921461,0.0892845094203949,0.0334353744983673,-1.0080225467681885,554.5234999153763,0.0872311219573021,0.3500776328146458,0.8296321406960488,0.0207343678921461,0.0892845094203949,0.0334353744983673,2.0080225467681885,0.9046839815708821,0.09756824228289405,2.0080225467681885,0.48834538486387047,0.8072673058012064,True
7,83,1953,247,246,0.3373983739837398,correct,put both the cream cheese box and the butter in the basket,2026080814,7170083,sha256:6c4c06a343cb50fc,mps:0,-0.3375000059604645,0.7446428537368774,0.3267857134342193,0.0,-0.0503571443259716,-0.0,1.0,-0.0143948420882225,0.792643666267395,0.4582269489765167,-0.0024016490206122,-0.0107284290716052,-0.0138991521671414,1.0188299417495728,580.4242920130491,0.323105163872242,0.04800081253051758,0.13144123554229742,0.0024016490206122,0.039628715254366405,0.0138991521671414,0.018829941749572754,0.35210484706317796,0.042064110851118816,0.018829941749572754,0.0824723814481071,0.9238799369920453,True
7,83,1953,247,246,0.3373983739837398,paraphrase,place the cream cheese box and the butter together inside the basket,2026080814,7170083,sha256:6c4c06a343cb50fc,mps:0,-0.3375000059604645,0.7446428537368774,0.3267857134342193,0.0,-0.0503571443259716,-0.0,1.0,-0.0150787383317947,0.8386023044586182,0.3596475124359131,-0.0031731058843433,-0.0111195938661694,-0.0129923149943351,1.0241806507110596,534.9303330294788,0.3224212676286698,0.09395945072174072,0.03286179900169378,0.0031731058843433,0.039237550459802206,0.0129923149943351,0.02418065071105957,0.33743703121150953,0.041454242436098174,0.02418065071105957,0.07554659134309206,0.9297874185328205,True
7,83,1953,247,246,0.3373983739837398,contradictory,put the cream cheese box in the basket but leave the butter outside the basket,2026080814,7170083,sha256:6c4c06a343cb50fc,mps:0,-0.3375000059604645,0.7446428537368774,0.3267857134342193,0.0,-0.0503571443259716,-0.0,1.0,0.0390769615769386,0.7429807186126709,0.5426262021064758,-0.0024831870105117,-0.009975160472095,-0.0247092731297016,1.0145207643508911,566.8615000322461,0.3765769675374031,0.001662135124206543,0.21584048867225653,0.0024831870105117,0.040381983853876605,0.0247092731297016,0.014520764350891113,0.43405079394365353,0.047406951139069446,0.014520764350891113,0.09659639995412102,0.8848218287821643,True
7,83,1953,247,246,0.3373983739837398,unrelated,open the top drawer of the cabinet,2026080814,7170083,sha256:6c4c06a343cb50fc,mps:0,-0.3375000059604645,0.7446428537368774,0.3267857134342193,0.0,-0.0503571443259716,-0.0,1.0,0.236006498336792,0.031211145222187,0.3266021609306335,-0.0029196359682828,0.0332129262387752,-0.0195503309369087,-0.994530975818634,551.7568751238286,0.5735065042972565,0.7134317085146904,0.00018355250358581543,0.0029196359682828,0.0835700705647468,0.0195503309369087,1.994530975818634,0.9153657994905483,0.08587605258817325,1.994530975818634,0.4839561112291579,0.14140658230158476,True
7,89,1959,247,246,0.3617886178861789,correct,put both the cream cheese box and the butter in the basket,2026080814,7170089,sha256:bd027dde059881f9,mps:0,-0.1901785731315612,0.824999988079071,0.0321428589522838,0.0,-0.0364285707473754,-0.0,1.0,0.0241877771914005,0.8596432209014893,0.174867182970047,-0.0070065879262983,-0.0010880595073103,-0.0015533291734755,1.00843346118927,547.1314999740571,0.2143663503229617,0.03464323282241821,0.1427243240177632,0.0070065879262983,0.0353405112400651,0.0015533291734755,0.00843346118927002,0.2598524935372037,0.0360618474374135,0.00843346118927002,0.06343825667032173,0.955211460395066,True
7,89,1959,247,246,0.3617886178861789,paraphrase,place the cream cheese box and the butter together inside the basket,2026080814,7170089,sha256:bd027dde059881f9,mps:0,-0.1901785731315612,0.824999988079071,0.0321428589522838,0.0,-0.0364285707473754,-0.0,1.0,0.0378282368183136,0.8650374412536621,0.0808280035853385,-0.0071143894456326,-0.0066023804247379,-0.0020235814154148,1.012302041053772,525.8875000290573,0.2280068099498748,0.040037453174591064,0.0486851446330547,0.0071143894456326,0.0298261903226375,0.0020235814154148,0.012302041053771973,0.23655939285550964,0.030729644451101865,0.012302041053771973,0.05257080142785391,0.9623641673105144,True
7,89,1959,247,246,0.3617886178861789,contradictory,put the cream cheese box in the basket but leave the butter outside the basket,2026080814,7170089,sha256:bd027dde059881f9,mps:0,-0.1901785731315612,0.824999988079071,0.0321428589522838,0.0,-0.0364285707473754,-0.0,1.0,0.0908258557319641,0.8258429765701294,0.2043347656726837,-0.0042610773816704,-0.0037053162232041,-0.0086079258471727,1.008604645729065,555.6132909841835,0.2810044288635253,0.0008429884910583496,0.17219190672039988,0.0042610773816704,0.0327232545241713,0.0086079258471727,0.008604645729064941,0.3295667647238098,0.03410373226637671,0.008604645729064941,0.07260517536529469,0.9251299215084476,True
7,89,1959,247,246,0.3617886178861789,unrelated,open the top drawer of the cabinet,2026080814,7170089,sha256:bd027dde059881f9,mps:0,-0.1901785731315612,0.824999988079071,0.0321428589522838,0.0,-0.0364285707473754,-0.0,1.0,0.2463675141334533,0.2893655300140381,-0.0220508575439453,-0.0031132923904806,0.0355586782097816,-0.0129020716995,-0.997517704963684,554.6127092093229,0.43654608726501454,0.535634458065033,0.054193716496229095,0.0031132923904806,0.071987248957157,0.0129020716995,1.997517704963684,0.693118833881095,0.07320054682901873,1.997517704963684,0.4445563685481569,0.5927053405333744,True
7,101,1971,247,246,0.4105691056910569,correct,put both the cream cheese box and the butter in the basket,2026080814,7170101,sha256:37b2854b8add2912,mps:0,0.0,0.84375,-0.0,0.0,0.0,-0.0,1.0,-0.6292230486869812,0.7257173657417297,0.2817248106002807,-0.0401888452470302,0.0153593942523002,0.0284825805574655,1.0096904039382937,571.1560419294983,0.6292230486869812,0.11803263425827026,0.2817248106002807,0.0401888452470302,0.0153593942523002,0.0284825805574655,0.009690403938293679,0.6994442198321821,0.05159759363865573,0.009690403938293679,0.1603859596486603,0.7250085781096358,True
7,101,1971,247,246,0.4105691056910569,paraphrase,place the cream cheese box and the butter together inside the basket,2026080814,7170101,sha256:37b2854b8add2912,mps:0,0.0,0.84375,-0.0,0.0,0.0,-0.0,1.0,-0.5815682411193848,0.7829223871231079,0.2071510255336761,-0.0332198143005371,0.0072485734708607,0.0158734451979398,1.012248158454895,547.7933750953525,0.5815682411193848,0.06082761287689209,0.2071510255336761,0.0332198143005371,0.0072485734708607,0.0158734451979398,0.01224815845489502,0.620349228214761,0.037524180763564084,0.01224815845489502,0.13116241013631222,0.7852420296453467,True
7,101,1971,247,246,0.4105691056910569,contradictory,put the cream cheese box in the basket but leave the butter outside the basket,2026080814,7170101,sha256:37b2854b8add2912,mps:0,0.0,0.84375,-0.0,0.0,0.0,-0.0,1.0,-0.5095300674438477,0.7356575131416321,0.2185712158679962,-0.0303867422044277,0.0007324777543544,0.0077934423461556,1.0070542097091677,563.389791874215,0.5095300674438477,0.10809248685836792,0.2185712158679962,0.0303867422044277,0.0007324777543544,0.0077934423461556,0.0070542097091677025,0.5648701193642416,0.03137878852125784,0.0070542097091677025,0.1260229488834739,0.7985970128092947,True
7,101,1971,247,246,0.4105691056910569,unrelated,open the top drawer of the cabinet,2026080814,7170101,sha256:37b2854b8add2912,mps:0,0.0,0.84375,-0.0,0.0,0.0,-0.0,1.0,-0.2226635515689849,-0.1307085752487182,0.3763160109519958,-0.0061967652291059,0.0834258794784545,0.0164448525756597,-1.0027358531951904,562.6458330079913,0.2226635515689849,0.9744585752487183,0.3763160109519958,0.0061967652291059,0.0834258794784545,0.0164448525756597,2.0027358531951904,1.0680647509265992,0.08525673253352754,2.0027358531951904,0.5260344983211586,-0.2864065016401597,True
7,116,1986,247,246,0.4715447154471545,correct,put both the cream cheese box and the butter in the basket,2026080814,7170116,sha256:7395ef5adb32e8ce,mps:0,-0.3508928716182709,0.115178570151329,-0.5625,0.0,0.0621428564190864,0.1124999970197677,1.0,0.1459085196256637,0.3087778389453888,0.1898454129695892,-0.0830902159214019,0.2144018113613128,0.0621538907289505,0.9939084649086,574.3624998722225,0.4968013912439346,0.1935992687940598,0.7523454129695892,0.0830902159214019,0.1522589549422264,0.050346106290817205,0.0060915350914000355,0.9221257612906633,0.18061424019332026,0.0060915350914000355,0.24779041217906134,-0.46561087706125626,True
7,116,1986,247,246,0.4715447154471545,paraphrase,place the cream cheese box and the butter together inside the basket,2026080814,7170116,sha256:7395ef5adb32e8ce,mps:0,-0.3508928716182709,0.115178570151329,-0.5625,0.0,0.0621428564190864,0.1124999970197677,1.0,0.1110517680644989,0.3182474970817566,0.1413699686527252,-0.0635611340403556,0.2067002952098846,0.0484230518341064,0.9918628334999084,547.2897500731051,0.4619446396827698,0.2030689269304276,0.7038699686527252,0.0635611340403556,0.1445574387907982,0.06407694518566132,0.008137166500091553,0.8660616444500401,0.17041926468148388,0.008137166500091553,0.23560231711183274,-0.33271444800997335,True
7,116,1986,247,246,0.4715447154471545,contradictory,put the cream cheese box in the basket but leave the butter outside the basket,2026080814,7170116,sha256:7395ef5adb32e8ce,mps:0,-0.3508928716182709,0.115178570151329,-0.5625,0.0,0.0621428564190864,0.1124999970197677,1.0,0.1818379163742065,0.2281038612127304,0.1914871335029602,-0.0720278248190879,0.197216585278511,0.0309352818876504,0.995543897151947,563.220749842003,0.5327307879924774,0.11292529106140141,0.7539871335029602,0.0720278248190879,0.1350737288594246,0.0815647151321173,0.0044561028480529785,0.930081077823003,0.17345236386611168,0.0044561028480529785,0.2418236548879317,-0.6185692211918443,True
7,116,1986,247,246,0.4715447154471545,unrelated,open the top drawer of the cabinet,2026080814,7170116,sha256:7395ef5adb32e8ce,mps:0,-0.3508928716182709,0.115178570151329,-0.5625,0.0,0.0621428564190864,0.1124999970197677,1.0,0.2405599057674408,0.0746377408504486,0.2994624972343445,-0.0476665161550045,0.2185807675123214,0.0366586074233055,1.0026153326034546,562.0922080706805,0.5914527773857117,0.040540829300880404,0.8619624972343445,0.0476665161550045,0.156437911093235,0.07584138959646221,0.00261533260345459,1.046154526518976,0.18026878034061408,0.00261533260345459,0.25378817905272755,-0.9276635651870007,True
7,126,1996,247,246,0.5121951219512195,correct,put both the cream cheese box and the butter in the basket,2026080814,7170126,sha256:18cb72405715d3dd,mps:0,0.1044642850756645,0.1875,-0.0,-0.0439285710453987,0.1039285734295845,0.0246428567916154,1.0,-0.019308678805828,0.023700974881649,0.2131261527538299,-0.0028438786976039,0.0071654953062534,0.001455386634916,-0.9859266877174376,570.1825420837849,0.1237729638814925,0.163799025118351,0.2131261527538299,0.0410846923477948,0.0967630781233311,0.023187470156699398,1.9859266877174377,0.2959267210060293,0.107650843031918,1.9859266877174377,0.3782371528712766,0.052514832257508644,True
7,126,1996,247,246,0.5121951219512195,paraphrase,place the cream cheese box and the butter together inside the basket,2026080814,7170126,sha256:18cb72405715d3dd,mps:0,0.1044642850756645,0.1875,-0.0,-0.0439285710453987,0.1039285734295845,0.0246428567916154,1.0,-0.0301575511693954,0.0194780156016349,0.1799942255020141,0.000150032894453,-0.0005835779011249,-0.002558899577707,-0.989104390144348,537.6535409595817,0.1346218362450599,0.1680219843983651,0.1799942255020141,0.0440786039398517,0.1045121513307094,0.0272017563693224,1.9891043901443481,0.2806284861685037,0.11664325377249807,1.9891043901443481,0.3782192782756672,0.012736353712358052,True
7,126,1996,247,246,0.5121951219512195,contradictory,put the cream cheese box in the basket but leave the butter outside the basket,2026080814,7170126,sha256:18cb72405715d3dd,mps:0,0.1044642850756645,0.1875,-0.0,-0.0439285710453987,0.1039285734295845,0.0246428567916154,1.0,0.0259046256542205,0.033491063863039,0.3405239284038543,-0.0039165681228041,0.0228548794984817,-0.0090364702045917,-0.9837408065795898,553.1182079575956,0.07855965942144401,0.15400893613696098,0.3405239284038543,0.040012002922594596,0.08107369393110281,0.0336793269962071,1.9837408065795898,0.3818990944137536,0.09647901995993377,1.9837408065795898,0.38737119348453625,0.12200213823464051,True
7,126,1996,247,246,0.5121951219512195,unrelated,open the top drawer of the cabinet,2026080814,7170126,sha256:18cb72405715d3dd,mps:0,0.1044642850756645,0.1875,-0.0,-0.0439285710453987,0.1039285734295845,0.0246428567916154,1.0,0.0292805470526218,0.0040045231580734,0.2919963002204895,-0.0019035786390304,0.0306013375520706,0.0044334596022963,-1.0036094188690186,555.4094589315355,0.0751837380230427,0.1834954768419266,0.2919963002204895,0.0420249924063683,0.0733272358775139,0.0202093971893191,2.0036094188690186,0.35296603778128255,0.08689881036554835,2.0036094188690186,0.38426379420395407,0.06047649828913796,True
7,139,2009,247,246,0.5650406504065041,correct,put both the cream cheese box and the butter in the basket,2026080814,7170139,sha256:e5eb847a3cda9c1d,mps:0,0.2062499970197677,-0.375,0.0562499985098838,-0.0353571437299251,0.0503571443259716,-0.0160714294761419,-1.0,0.3236715495586395,-0.4066881835460663,0.1545717418193817,0.036340270191431,0.0815280899405479,-0.0115851247683167,-1.0014647245407104,565.297125140205,0.11742155253887182,0.031688183546066284,0.09832174330949792,0.07169741392135609,0.031170945614576298,0.004486304707825198,0.0014647245407104492,0.15639414050566927,0.07830883694353144,0.0014647245407104492,0.050892981168414855,0.9738859574539132,True
7,139,2009,247,246,0.5650406504065041,paraphrase,place the cream cheese box and the butter together inside the basket,2026080814,7170139,sha256:e5eb847a3cda9c1d,mps:0,0.2062499970197677,-0.375,0.0562499985098838,-0.0353571437299251,0.0503571443259716,-0.0160714294761419,-1.0,0.202524721622467,-0.2436787486076355,0.0568575635552406,0.0402444601058959,0.0629339888691902,-0.0056026591919362,-1.0124707221984863,533.4524170029908,0.0037252753973006925,0.1313212513923645,0.000607565045356806,0.075601603835821,0.012576844543218599,0.0104687702842057,0.012470722198486328,0.1313754843162402,0.07735227645309593,0.012470722198486328,0.03525314752810767,0.9812321810051091,True
7,139,2009,247,246,0.5650406504065041,contradictory,put the cream cheese box in the basket but leave the butter outside the basket,2026080814,7170139,sha256:e5eb847a3cda9c1d,mps:0,0.2062499970197677,-0.375,0.0562499985098838,-0.0353571437299251,0.0503571443259716,-0.0160714294761419,-1.0,0.1662723124027252,-0.1277322173118591,0.1557577550411224,0.0258253309875726,0.0955852568149566,-0.0136988321319222,-1.0017287731170654,546.0170418955386,0.039977684617042514,0.2472677826881409,0.09950775653123861,0.0611824747174977,0.04522811248898499,0.0023725973442196985,0.0017287731170654297,0.26952062116418785,0.07612165651134586,0.0017287731170654297,0.07103788307202712,0.8067181047858528,True
7,139,2009,247,246,0.5650406504065041,unrelated,open the top drawer of the cabinet,2026080814,7170139,sha256:e5eb847a3cda9c1d,mps:0,0.2062499970197677,-0.375,0.0562499985098838,-0.0353571437299251,0.0503571443259716,-0.0160714294761419,-1.0,0.2831050753593445,-0.3170115053653717,0.2261683344841003,0.0206320062279701,0.1226240172982215,0.0006099790334701,-0.9999048709869384,554.3114158790559,0.07685507833957678,0.057988494634628296,0.1699183359742165,0.055989149957895196,0.0722668729722499,0.016681408509612,9.512901306163446e-05,0.19529876977804933,0.09292768818850243,9.512901306163446e-05,0.06425635277160575,0.9142008623026551,True
7,154,2024,247,246,0.6260162601626016,correct,put both the cream cheese box and the butter in the basket,2026080814,7170154,sha256:3dc0ed660e1f9c44,mps:0,0.0830357149243354,-0.7473214268684387,-0.3803571462631225,0.0,0.0,-0.0310714282095432,-1.0,0.2759710848331451,-0.6433395743370056,-0.4309123456478119,0.0133272800594568,-0.0318248458206653,0.046366162598133,-1.0020358562469482,566.1248341202736,0.1929353699088097,0.1039818525314331,0.05055519938468939,0.0133272800594568,0.0318248458206653,0.0774375908076762,0.002035856246948242,0.22492690102018395,0.08477628014597839,0.002035856246948242,0.0674425706799541,0.9637878356611357,True
7,154,2024,247,246,0.6260162601626016,paraphrase,place the cream cheese box and the butter together inside the basket,2026080814,7170154,sha256:3dc0ed660e1f9c44,mps:0,0.0830357149243354,-0.7473214268684387,-0.3803571462631225,0.0,0.0,-0.0310714282095432,-1.0,0.0240699499845504,-0.4722727537155151,-0.6117526292800903,0.0080388691276311,-0.0599043257534503,0.0558217018842697,-0.99858558177948,538.9285839628428,0.058965764939785,0.27504867315292364,0.23139548301696783,0.0080388691276311,0.0599043257534503,0.0868931300938129,0.0014144182205200195,0.364242506578754,0.10584690698516873,0.0014144182205200195,0.10309438061501297,0.9018862704396321,True
7,154,2024,247,246,0.6260162601626016,contradictory,put the cream cheese box in the basket but leave the butter outside the basket,2026080814,7170154,sha256:3dc0ed660e1f9c44,mps:0,0.0830357149243354,-0.7473214268684387,-0.3803571462631225,0.0,0.0,-0.0310714282095432,-1.0,-0.1185040697455406,-0.3146215379238128,-0.7176952958106995,0.0072366204112768,-0.0413396172225475,0.0590184330940246,-0.9917176961898804,551.2538328766823,0.201539784669876,0.4326998889446259,0.33733814954757696,0.0072366204112768,0.0413396172225475,0.0900898613035678,0.008282303810119629,0.5845036405683501,0.09938569181114422,0.008282303810119629,0.15978946084422724,0.7460931919010655,True
7,154,2024,247,246,0.6260162601626016,unrelated,open the top drawer of the cabinet,2026080814,7170154,sha256:3dc0ed660e1f9c44,mps:0,0.0830357149243354,-0.7473214268684387,-0.3803571462631225,0.0,0.0,-0.0310714282095432,-1.0,-0.2507435977458954,-0.1680817008018493,-0.5611720681190491,-0.0114790918305516,-0.0339205376803875,0.2055248767137527,-1.001851201057434,537.5384998042136,0.33377931267023075,0.5792397260665894,0.18081492185592657,0.0114790918305516,0.0339205376803875,0.2365963049232959,0.001851201057434082,0.6925469845332329,0.239291002607992,0.001851201057434082,0.19681158515491656,0.5926796799326403,True
7,165,2035,247,246,0.6707317073170732,correct,put both the cream cheese box and the butter in the basket,2026080814,7170165,sha256:0dfaf19ff7d988c8,mps:0,-0.1044642850756645,0.0562499985098838,-0.8491071462631226,0.0,0.0,-0.0,-1.0,0.1369344890117645,-0.0805825144052505,-0.1859070956707,-0.0044105071574449,0.0421004593372345,0.0754699409008026,-0.985361635684967,546.5120000299066,0.241398774087429,0.1368325129151343,0.6632000505924226,0.0044105071574449,0.0421004593372345,0.0754699409008026,0.014638364315032959,0.7189094601042442,0.08653099577239734,0.014638364315032959,0.16829294418650015,0.6630337625448096,True
7,165,2035,247,246,0.6707317073170732,paraphrase,place the cream cheese box and the butter together inside the basket,2026080814,7170165,sha256:0dfaf19ff7d988c8,mps:0,-0.1044642850756645,0.0562499985098838,-0.8491071462631226,0.0,0.0,-0.0,-1.0,0.0530894100666046,-0.0607683360576629,-0.1872927844524383,-0.0015779291279613,0.0322922766208648,0.0431039556860923,-0.9928992986679076,510.3331250138581,0.1575536951422691,0.1170183345675467,0.6618143618106842,0.0015779291279613,0.0322922766208648,0.0431039556860923,0.007100701332092396,0.6903004468902135,0.05388164794695805,0.007100701332092396,0.1457801791839301,0.8582849483772524,True
7,165,2035,247,246,0.6707317073170732,contradictory,put the cream cheese box in the basket but leave the butter outside the basket,2026080814,7170165,sha256:0dfaf19ff7d988c8,mps:0,-0.1044642850756645,0.0562499985098838,-0.8491071462631226,0.0,0.0,-0.0,-1.0,0.0040143728256225,-0.0453183948993682,-0.0756524428725242,-0.0037108627147972,0.0577519610524177,0.0305701848119497,-0.9860605001449584,534.8287080414593,0.10847865790128701,0.101568393409252,0.7734547033905983,0.0037108627147972,0.0577519610524177,0.0305701848119497,0.013939499855041615,0.7876013813832727,0.06544918415782433,0.013939499855041615,0.1556391804479062,0.8095041544573968,True
7,165,2035,247,246,0.6707317073170732,unrelated,open the top drawer of the cabinet,2026080814,7170165,sha256:0dfaf19ff7d988c8,mps:0,-0.1044642850756645,0.0562499985098838,-0.8491071462631226,0.0,0.0,-0.0,-1.0,0.1670182943344116,0.0881958231329917,0.1607785522937774,-0.0325377397239208,0.0764707624912262,0.0839672088623046,-0.9877225160598756,544.4835838861763,0.2714825794100761,0.031945824623107896,1.0098856985569,0.0325377397239208,0.0764707624912262,0.0839672088623046,0.0122774839401244,1.046227724151753,0.11813963850654456,0.0122774839401244,0.2169381853725229,-0.7006779881774673,True
7,178,2048,247,246,0.7235772357723578,correct,put both the cream cheese box and the butter in the basket,2026080814,7170178,sha256:d6f5483052df9890,mps:0,-0.4098214209079742,0.0,-0.5089285969734192,-0.002142857061699,0.0492857135832309,0.0353571437299251,-1.0,-0.2234387695789337,-0.2241023480892181,-0.4210512340068817,0.0269489288330078,0.0318851992487907,0.0232277512550354,-0.9879748821258544,555.2007909864187,0.1863826513290405,0.2241023480892181,0.08787736296653748,0.029091785894706797,0.017400514334440204,0.0121293924748897,0.012025117874145619,0.3044384766377212,0.036003223014841754,0.012025117874145619,0.08128702470899692,0.8886763478349846,True
7,178,2048,247,246,0.7235772357723578,paraphrase,place the cream cheese box and the butter together inside the basket,2026080814,7170178,sha256:d6f5483052df9890,mps:0,-0.4098214209079742,0.0,-0.5089285969734192,-0.002142857061699,0.0492857135832309,0.0353571437299251,-1.0,-0.3128200471401214,-0.2941056191921234,-0.471381813287735,0.0404768362641334,0.0200570207089185,0.0094736469909548,-0.9996004104614258,523.4685000032187,0.09700137376785278,0.2941056191921234,0.037546783685684204,0.042619693325832396,0.029228692874312404,0.0258834967389703,0.00039958953857421875,0.31195695651543426,0.05779887671715748,0.00039958953857421875,0.07525503558904996,0.8835100179195736,True
7,178,2048,247,246,0.7235772357723578,contradictory,put the cream cheese box in the basket but leave the butter outside the basket,2026080814,7170178,sha256:d6f5483052df9890,mps:0,-0.4098214209079742,0.0,-0.5089285969734192,-0.002142857061699,0.0492857135832309,0.0353571437299251,-1.0,-0.2000801265239715,-0.2008603811264038,-0.2219429910182953,0.0186470467597246,0.0249445028603076,0.0028121033683419,0.9872961640357972,554.1913330089301,0.20974129438400269,0.2008603811264038,0.2869856059551239,0.0207899038214236,0.024341210722923303,0.0325450403615832,1.9872961640357971,0.40828548994735375,0.04564969104494443,1.9872961640357971,0.3946513714867511,0.8286421749303584,True
7,178,2048,247,246,0.7235772357723578,unrelated,open the top drawer of the cabinet,2026080814,7170178,sha256:d6f5483052df9890,mps:0,-0.4098214209079742,0.0,-0.5089285969734192,-0.002142857061699,0.0492857135832309,0.0353571437299251,-1.0,-0.2776722013950348,-0.1186322420835495,-0.3275116086006164,0.0014929401222616,0.0149589329957962,0.0208582375198602,-1.0028656721115112,539.5875000394881,0.1321492195129394,0.1186322420835495,0.1814169883728028,0.0036357971839606,0.0343267805874347,0.014498906210064898,0.0028656721115112305,0.253868368943251,0.03744015448618018,0.0028656721115112305,0.06964651515175188,0.9635790289432654,True
7,185,2055,247,246,0.7520325203252033,correct,put both the cream cheese box and the butter in the basket,2026080814,7170185,sha256:20152ee6f2bea3d7,mps:0,0.0,-0.2196428626775741,0.1044642850756645,0.0,0.0267857145518064,-0.0,1.0,-0.0395521223545074,-0.0562038570642471,-0.0227132961153984,-0.0083055477589368,0.0166048761457204,-0.0182680077850818,0.9883002638816832,561.0859161242843,0.0395521223545074,0.163439005613327,0.1271775811910629,0.0083055477589368,0.010180838406086003,0.0182680077850818,0.011699736118316761,0.2108336218353905,0.022502259945672683,0.011699736118316761,0.0540889770324741,0.5664425551908553,True
7,185,2055,247,246,0.7520325203252033,paraphrase,place the cream cheese box and the butter together inside the basket,2026080814,7170185,sha256:20152ee6f2bea3d7,mps:0,0.0,-0.2196428626775741,0.1044642850756645,0.0,0.0267857145518064,-0.0,1.0,-0.1306954324245453,-0.0775979161262512,-0.1048616468906402,-0.0012077870778739,0.0076636848971247,-0.0187148675322532,0.9931005835533142,529.6851668972522,0.1306954324245453,0.14204494655132288,0.20932593196630472,0.0012077870778739,0.019122029654681703,0.0187148675322532,0.006899416446685791,0.28473743816184255,0.026783521696927583,0.006899416446685791,0.07543005880766677,0.13558648816753843,True
7,185,2055,247,246,0.7520325203252033,contradictory,put the cream cheese box in the basket but leave the butter outside the basket,2026080814,7170185,sha256:20152ee6f2bea3d7,mps:0,0.0,-0.2196428626775741,0.1044642850756645,0.0,0.0267857145518064,-0.0,1.0,-0.1598478853702545,-0.0710833817720413,-0.2094414085149765,-0.0032305968925356,0.0207149945199489,-0.0187740549445152,0.9904614090919496,538.5200420860201,0.1598478853702545,0.14855948090553278,0.313905693590641,0.0032305968925356,0.006070720031857501,0.0187740549445152,0.009538590908050426,0.3823062258097359,0.019993887492104487,0.009538590908050426,0.09427528894905528,-0.09440925703487273,True
7,185,2055,247,246,0.7520325203252033,unrelated,open the top drawer of the cabinet,2026080814,7170185,sha256:20152ee6f2bea3d7,mps:0,0.0,-0.2196428626775741,0.1044642850756645,0.0,0.0267857145518064,-0.0,1.0,-0.178154706954956,-0.0465790480375289,-0.2590676844120025,-0.0029209826607257,0.0197259914129972,-0.0199417099356651,0.992608368396759,533.5538750514388,0.178154706954956,0.1730638146400452,0.36353196948766703,0.0029209826607257,0.007059723138809201,0.0199417099356651,0.007391631603240967,0.4402790892008752,0.021355177958965885,0.007391631603240967,0.10743779120301562,-0.21773978460253385,True
7,199,2069,247,246,0.8089430894308943,correct,put both the cream cheese box and the butter in the basket,2026080814,7170199,sha256:a3a12e1366a23fd0,mps:0,0.0,0.5383928418159485,0.7071428298950195,0.0557142868638038,-0.067500002682209,0.0246428567916154,1.0,-0.0534856095910072,0.5566105246543884,0.8029623031616211,-0.0244212765246629,0.0395375341176986,-0.0009172423742711,1.008956789970398,554.1269578970969,0.0534856095910072,0.01821768283843994,0.09581947326660156,0.0801355633884667,0.1070375367999076,0.0255600991658865,0.00895678997039795,0.11123832908855023,0.13613251438634524,0.00895678997039795,0.05560182214581535,0.9975124765736925,True
7,199,2069,247,246,0.8089430894308943,paraphrase,place the cream cheese box and the butter together inside the basket,2026080814,7170199,sha256:a3a12e1366a23fd0,mps:0,0.0,0.5383928418159485,0.7071428298950195,0.0557142868638038,-0.067500002682209,0.0246428567916154,1.0,-0.1282332837581634,0.6940953731536865,0.6459126472473145,-0.0208134166896343,0.0303378216922283,-0.001509619411081,1.0099775791168213,514.3009589519352,0.1282332837581634,0.15570253133773804,0.06123018264770508,0.0765277035534381,0.0978378243744373,0.0261524762026964,0.009977579116821289,0.21079892930338207,0.12693573689477186,0.009977579116821289,0.0793802258558571,0.9765908435037756,True
7,199,2069,247,246,0.8089430894308943,contradictory,put the cream cheese box in the basket but leave the butter outside the basket,2026080814,7170199,sha256:a3a12e1366a23fd0,mps:0,0.0,0.5383928418159485,0.7071428298950195,0.0557142868638038,-0.067500002682209,0.0246428567916154,1.0,0.09589484333992,0.4157274663448334,0.871312141418457,-0.0235514193773269,0.0462245792150497,-0.0112973842769861,1.0123142004013062,540.7204169314355,0.09589484333992,0.12266537547111511,0.1641693115234375,0.0792657062411307,0.1137245818972587,0.0359402410686015,0.012314200401306152,0.22626130505399486,0.1432062625784247,0.012314200401306152,0.08913917999182423,0.9741546528067617,True
7,199,2069,247,246,0.8089430894308943,unrelated,open the top drawer of the cabinet,2026080814,7170199,sha256:a3a12e1366a23fd0,mps:0,0.0,0.5383928418159485,0.7071428298950195,0.0557142868638038,-0.067500002682209,0.0246428567916154,1.0,0.0298790484666824,0.1562626957893371,0.0647207573056221,-0.0350160114467144,0.0657291635870933,0.0036617452278733,-0.9921082854270936,530.7096249889582,0.0298790484666824,0.3821301460266114,0.6424220725893974,0.09073029831051821,0.1332291662693023,0.0209811115637421,1.9921082854270935,0.7480790903304615,0.16254908433694487,1.9921082854270935,0.47021144695047823,0.8509463027433537,True
7,213,2083,247,246,0.8658536585365854,correct,put both the cream cheese box and the butter in the basket,2026080814,7170213,sha256:e9dc8bf06bc1f964,mps:0,-0.3160714209079742,0.7901785969734192,-0.0321428589522838,0.002142857061699,-0.0567857138812541,-0.0,1.0,-0.119027592241764,-0.0315845981240272,-0.1367415636777877,0.0047555556520819,0.0349539294838905,-0.0250617656856775,-0.9892162680625916,548.767875181511,0.19704382866621017,0.8217631950974464,0.1045987047255039,0.0026126985903829,0.09173964336514459,0.0250617656856775,1.9892162680625916,0.8515056713037533,0.09513716654374309,1.9892162680625916,0.46171944345613675,0.10884907320440346,True
7,213,2083,247,246,0.8658536585365854,paraphrase,place the cream cheese box and the butter together inside the basket,2026080814,7170213,sha256:e9dc8bf06bc1f964,mps:0,-0.3160714209079742,0.7901785969734192,-0.0321428589522838,0.002142857061699,-0.0567857138812541,-0.0,1.0,-0.1497617363929748,-0.0596017837524414,-0.2173872888088226,0.0184191893786191,0.0298926159739494,-0.0256526991724967,-0.9940102100372314,550.8281660731882,0.1663096845149994,0.8497803807258606,0.1852444298565388,0.0162763323169201,0.0866783298552035,0.0256526991724967,1.9940102100372314,0.885494836474466,0.09184831427420372,1.9940102100372314,0.47485029521132155,0.031355480718909354,True
7,213,2083,247,246,0.8658536585365854,contradictory,put the cream cheese box in the basket but leave the butter outside the basket,2026080814,7170213,sha256:e9dc8bf06bc1f964,mps:0,-0.3160714209079742,0.7901785969734192,-0.0321428589522838,0.002142857061699,-0.0567857138812541,-0.0,1.0,-0.0822119042277336,-0.0746451318264007,-0.0380962118506431,0.0061491639353334,0.0476573184132576,-0.0484160780906677,-0.9821300506591796,548.7602499779314,0.23385951668024058,0.86482372879982,0.005953352898359306,0.0040063068736344,0.1044430322945117,0.0484160780906677,1.9821300506591797,0.8959050160858977,0.11518903640242754,1.9821300506591797,0.46337600947091623,-0.31779474748734154,True
7,213,2083,247,246,0.8658536585365854,unrelated,open the top drawer of the cabinet,2026080814,7170213,sha256:e9dc8bf06bc1f964,mps:0,-0.3160714209079742,0.7901785969734192,-0.0321428589522838,0.002142857061699,-0.0567857138812541,-0.0,1.0,-0.0762691423296928,-0.1189850568771362,-0.0493896976113319,0.0049865641631186,0.0750469639897346,-0.0391287505626678,-0.9884014129638672,535.0559591315687,0.2398022785782814,0.9091636538505554,0.0172468386590481,0.0028437071014196,0.13183267787098868,0.0391287505626678,1.9884014129638672,0.9404154059446067,0.13754635853162384,1.9884014129638672,0.4754884742266898,-0.5358720521291321,True
7,227,2097,247,246,0.9227642276422764,correct,put both the cream cheese box and the butter in the basket,2026080814,7170227,sha256:649e3880412121f9,mps:0,-0.1848214268684387,-0.0910714268684387,-0.1848214268684387,0.010714286006987,0.0267857145518064,-0.0,1.0,0.0670715421438217,-0.06246779859066,0.2618957161903381,-0.0075953169725835,0.0412014313042163,-0.0375806093215942,-1.000262975692749,568.93041706644,0.2518929690122604,0.02860362827777871,0.44671714305877674,0.0183096029795705,0.0144157167524099,0.0375806093215942,2.000262975692749,0.5136384343982259,0.04421941482807638,2.000262975692749,0.3996832350135914,-0.7175856408201191,True
7,227,2097,247,246,0.9227642276422764,paraphrase,place the cream cheese box and the butter together inside the basket,2026080814,7170227,sha256:649e3880412121f9,mps:0,-0.1848214268684387,-0.0910714268684387,-0.1848214268684387,0.010714286006987,0.0267857145518064,-0.0,1.0,0.0471637025475502,-0.0611491203308105,0.2258964776992797,2.3826782125979665e-05,0.0326061695814132,-0.0397119224071502,-1.003565549850464,541.6402500122786,0.2319851294159889,0.02992230653762821,0.4107179045677184,0.01069045922486102,0.005820455029606798,0.0397119224071502,2.003565549850464,0.4726538287490987,0.0415355317344272,2.003565549850464,0.39034481814763106,-0.6794739812793189,True
7,227,2097,247,246,0.9227642276422764,contradictory,put the cream cheese box in the basket but leave the butter outside the basket,2026080814,7170227,sha256:649e3880412121f9,mps:0,-0.1848214268684387,-0.0910714268684387,-0.1848214268684387,0.010714286006987,0.0267857145518064,-0.0,1.0,0.1092879250645637,-0.0374066680669784,0.3504481315612793,-0.008776094764471,0.06445774435997,-0.0477857068181037,-0.9974792003631592,567.7912500686944,0.29410935193300236,0.05366475880146031,0.535269558429718,0.019490380771458,0.037672029808163594,0.0477857068181037,1.9974792003631592,0.6131017186513302,0.06389468325760249,1.9974792003631592,0.4264958552750094,-0.7985861892662325,True
7,227,2097,247,246,0.9227642276422764,unrelated,open the top drawer of the cabinet,2026080814,7170227,sha256:649e3880412121f9,mps:0,-0.1848214268684387,-0.0910714268684387,-0.1848214268684387,0.010714286006987,0.0267857145518064,-0.0,1.0,0.1316423714160919,-0.1490837633609771,0.4215119183063507,-0.0032034006435424,0.0807568058371543,-0.0309850648045539,-1.0044796466827393,539.2119160387665,0.3164637982845306,0.05801233649253838,0.6063333451747894,0.0139176866505294,0.053971091285347904,0.0309850648045539,2.0044796466827393,0.6864072350149333,0.06377032959908617,2.0044796466827393,0.4405947099107185,-0.6872415111942993,True
7,246,2116,247,246,1.0,correct,put both the cream cheese box and the butter in the basket,2026080814,7170246,sha256:08fdd1f3b840113f,mps:0,0.136607140302658,0.0,0.0830357149243354,0.0,0.0557142868638038,-0.0,-1.0,0.0026574246585369,0.0495351739227771,-0.0066297277808189,-0.0002768352278508,-0.033481553196907,-0.0140511719509959,-0.9943220019340516,551.9260000437498,0.1339497156441211,0.0495351739227771,0.0896654427051543,0.0002768352278508,0.0891958400607108,0.0140511719509959,0.005677998065948375,0.16863022087458696,0.09029623444571615,0.005677998065948375,0.054621739653936914,-0.023432844340710635,True
7,246,2116,247,246,1.0,paraphrase,place the cream cheese box and the butter together inside the basket,2026080814,7170246,sha256:08fdd1f3b840113f,mps:0,0.136607140302658,0.0,0.0830357149243354,0.0,0.0557142868638038,-0.0,-1.0,-0.0080254450440406,0.06488499045372,-0.0308861471712589,4.277366679161787e-05,-0.0390229597687721,-0.0131308827549219,-1.0006557703018188,518.4980409685522,0.1446325853466986,0.06488499045372,0.1139218620955943,4.277366679161787e-05,0.0947372466325759,0.0131308827549219,0.0006557703018188477,0.19520972668793168,0.09564291824819855,0.0006557703018188477,0.06171515875030303,-0.31671055609070026,True
7,246,2116,247,246,1.0,contradictory,put the cream cheese box in the basket but leave the butter outside the basket,2026080814,7170246,sha256:08fdd1f3b840113f,mps:0,0.136607140302658,0.0,0.0830357149243354,0.0,0.0557142868638038,-0.0,-1.0,-0.0012661665678024,0.0712526738643646,0.0585958585143089,-0.000572124205064,-0.0269320160150527,-0.0211554020643234,-0.9952524304389954,547.5277919322252,0.1378733068704604,0.0712526738643646,0.024439856410026495,0.000572124205064,0.08264630287885649,0.0211554020643234,0.004747569561004639,0.15710919407074928,0.08531289317654678,0.004747569561004639,0.04895531940772858,0.3181597946242705,True
7,246,2116,247,246,1.0,unrelated,open the top drawer of the cabinet,2026080814,7170246,sha256:08fdd1f3b840113f,mps:0,0.136607140302658,0.0,0.0830357149243354,0.0,0.0557142868638038,-0.0,-1.0,-0.0005586892366409,0.068855419754982,-0.0023118779063224,-0.0026195566169917,-0.0240313522517681,-0.0180789493024349,-1.008741855621338,529.1778338141739,0.1371658295392989,0.068855419754982,0.08534759283065779,0.0026195566169917,0.07974563911557189,0.0180789493024349,0.00874185562133789,0.1756124859593603,0.08181123054141569,0.00874185562133789,0.05722212039732501,-0.024358818374953888,True
8,0,2117,238,237,0.0,correct,put both the cream cheese box and the butter in the basket,2026080815,7180000,sha256:4a96bb4f2c0e0ab5,mps:0,0.1419642865657806,-0.2491071373224258,0.0214285720139741,0.0,0.0,-0.0,-1.0,0.3749483525753021,0.0678133964538574,-0.0764274597167968,-0.0234720148146152,-0.0172733515501022,0.0025843530893325,-1.0204098224639893,537.7919168677181,0.2329840660095215,0.31692053377628315,0.0978560317307709,0.0234720148146152,0.0172733515501022,0.0025843530893325,0.020409822463989258,0.40533443314066836,0.029257187734320535,0.020409822463989258,0.10164288191923068,0.310542185760162,True
8,0,2117,238,237,0.0,paraphrase,place the cream cheese box and the butter together inside the basket,2026080815,7180000,sha256:4a96bb4f2c0e0ab5,mps:0,0.1419642865657806,-0.2491071373224258,0.0214285720139741,0.0,0.0,-0.0,-1.0,0.5278229713439941,0.0628316327929496,-0.1165496110916137,-0.0207864586263895,-0.0206801332533359,-0.0023265320342034,-1.0205769538879397,519.0593330189586,0.3858586847782135,0.3119387701153754,0.1379781831055878,0.0207864586263895,0.0206801332533359,0.0023265320342034,0.020576953887939675,0.5150055338857874,0.02941356022157988,0.020576953887939675,0.12859224511443504,0.362918165015524,True
8,0,2117,238,237,0.0,contradictory,put the cream cheese box in the basket but leave the butter outside the basket,2026080815,7180000,sha256:4a96bb4f2c0e0ab5,mps:0,0.1419642865657806,-0.2491071373224258,0.0214285720139741,0.0,0.0,-0.0,-1.0,0.2450230419635772,0.2649441957473755,-0.0626668557524681,-0.011200712993741,-0.0235992148518562,-0.0054811700247228,-1.0175083875656128,545.5485000275075,0.10305875539779658,0.5140513330698013,0.08409542776644219,0.011200712993741,0.0235992148518562,0.0054811700247228,0.017508387565612793,0.5309820345983502,0.026691237101943186,0.017508387565612793,0.10842785738142471,-0.30915667148427917,True
8,0,2117,238,237,0.0,unrelated,open the top drawer of the cabinet,2026080815,7180000,sha256:4a96bb4f2c0e0ab5,mps:0,0.1419642865657806,-0.2491071373224258,0.0214285720139741,0.0,0.0,-0.0,-1.0,0.2551284730434418,-0.1902739405632019,-0.1108266115188598,-0.0273753479123115,-0.0073106838390231,0.0383385345339775,-1.0239795446395874,555.4246248211712,0.11316418647766116,0.05883319675922388,0.1322551835328339,0.0273753479123115,0.0073106838390231,0.0383385345339775,0.023979544639587402,0.18373598371947722,0.04767283295260768,0.023979544639587402,0.05732238252780263,0.8384408650546257,True
8,13,2130,238,237,0.0548523206751054,correct,put both the cream cheese box and the butter in the basket,2026080815,7180013,sha256:7b068b0f5c24e431,mps:0,0.5116071701049805,-0.8651785850524902,-0.0,0.04714285582304,0.0,-0.0,-1.0,0.7774569988250732,-0.5259940028190613,0.0365115478634834,-3.111333353444934e-05,0.0030943206511437,0.0046299714595079,-0.99781596660614,543.2237919885665,0.2658498287200928,0.33918458223342896,0.0365115478634834,0.04717396915657445,0.0030943206511437,0.0046299714595079,0.0021840333938599743,0.43249902356277736,0.04750152441757411,0.0021840333938599743,0.09980403621115588,0.9032334720546853,True
8,13,2130,238,237,0.0548523206751054,paraphrase,place the cream cheese box and the butter together inside the basket,2026080815,7180013,sha256:7b068b0f5c24e431,mps:0,0.5116071701049805,-0.8651785850524902,-0.0,0.04714285582304,0.0,-0.0,-1.0,0.8136814832687378,-0.467802882194519,-0.0306779220700263,0.0015002423897385,-0.0043597072362899,0.0017270757816731,-1.0074549913406372,507.5221660081297,0.3020743131637573,0.39737570285797125,0.0306779220700263,0.045642613433301504,0.0043597072362899,0.0017270757816731,0.007454991340637207,0.5000974652982726,0.04588287261019732,0.007454991340637207,0.11275890369766521,0.8698281695616027,True
8,13,2130,238,237,0.0548523206751054,contradictory,put the cream cheese box in the basket but leave the butter outside the basket,2026080815,7180013,sha256:7b068b0f5c24e431,mps:0,0.5116071701049805,-0.8651785850524902,-0.0,0.04714285582304,0.0,-0.0,-1.0,0.7718905210494995,-0.3312290012836456,0.0449164137244224,-0.0005852204631082,0.0045835538767278,-0.0023561529815196,-0.9913228154182434,517.3491251189262,0.26028335094451904,0.5339495837688446,0.0449164137244224,0.047728076286148204,0.0045835538767278,0.0023561529815196,0.008677184581756592,0.5957071973777835,0.0480055172765545,0.008677184581756592,0.12892775945199117,0.8060354075368503,True
8,13,2130,238,237,0.0548523206751054,unrelated,open the top drawer of the cabinet,2026080815,7180013,sha256:7b068b0f5c24e431,mps:0,0.5116071701049805,-0.8651785850524902,-0.0,0.04714285582304,0.0,-0.0,-1.0,0.5151821970939636,-0.4007871448993683,-0.0528758056461811,-0.0042033460922539,0.0010481663048267,0.0596852675080299,-0.9877007007598876,526.7767920158803,0.0035750269889831543,0.46439144015312195,0.0528758056461811,0.051346201915293904,0.0010481663048267,0.0596852675080299,0.012299299240112416,0.4674056496536978,0.07873920409322027,0.012299299240112416,0.0921744582509356,0.9272416332037416,True
8,26,2143,238,237,0.1097046413502109,correct,put both the cream cheese box and the butter in the basket,2026080815,7180026,sha256:adc9b7f29f88202a,mps:0,0.3535714149475097,0.0,-0.7741071581840515,0.0482142865657806,-0.0428571440279483,-0.0,-1.0,0.7827619314193726,-0.2915758788585663,-0.1986072957515716,0.0015769521705806,-0.0156002445146441,-0.0499520823359489,-0.9899716973304749,567.6284581422806,0.42919051647186285,0.2915758788585663,0.5754998624324799,0.0466373343952,0.027256899513304202,0.0499520823359489,0.010028302669525146,0.7748684302649921,0.07357438453881546,0.010028302669525146,0.20430583952526962,0.5891787470810106,True
8,26,2143,238,237,0.1097046413502109,paraphrase,place the cream cheese box and the butter together inside the basket,2026080815,7180026,sha256:adc9b7f29f88202a,mps:0,0.3535714149475097,0.0,-0.7741071581840515,0.0482142865657806,-0.0428571440279483,-0.0,-1.0,0.5401479601860046,-0.1038632839918136,-0.4614589214324951,0.0054174214601516,-0.0386935994029045,-0.046075090765953,-0.9964460730552672,538.440375123173,0.18657654523849493,0.1038632839918136,0.3126482367515564,0.042796865105628995,0.004163544625043807,0.046075090765953,0.003553926944732777,0.378612346521549,0.06302238297466183,0.003553926944732777,0.09995392763188905,0.8971853317872177,True
8,26,2143,238,237,0.1097046413502109,contradictory,put the cream cheese box in the basket but leave the butter outside the basket,2026080815,7180026,sha256:adc9b7f29f88202a,mps:0,0.3535714149475097,0.0,-0.7741071581840515,0.0482142865657806,-0.0428571440279483,-0.0,-1.0,0.2785072326660156,-0.0365327149629592,-0.4798009693622589,0.0058943140320479,-0.0372684225440025,-0.0395342856645584,-0.9930002689361572,540.150084067136,0.07506418228149409,0.0365327149629592,0.2943061888217926,0.042319972533732694,0.005588721483945805,0.0395342856645584,0.0069997310638427734,0.3059173148139262,0.058182244938537,0.0069997310638427734,0.07147797097318938,0.9931016550875998,True
8,26,2143,238,237,0.1097046413502109,unrelated,open the top drawer of the cabinet,2026080815,7180026,sha256:adc9b7f29f88202a,mps:0,0.3535714149475097,0.0,-0.7741071581840515,0.0482142865657806,-0.0428571440279483,-0.0,-1.0,0.1314064562320709,-0.2848103940486908,-0.3670890033245086,0.0012968287337571,-0.0226537659764289,0.0550956353545188,-0.9942463636398317,566.7107079643756,0.22216495871543882,0.2848103940486908,0.4070181548595429,0.0469174578320235,0.020203378051519404,0.0550956353545188,0.005753636360168346,0.5441856372824168,0.07513290470380087,0.005753636360168346,0.14885194503170038,0.8046116058654219,True
8,45,2162,238,237,0.189873417721519,correct,put both the cream cheese box and the butter in the basket,2026080815,7180045,sha256:4aaaba97390f2120,mps:0,-0.3482142984867096,-0.0696428567171096,-0.2678571343421936,-0.0567857138812541,0.0514285713434219,-0.0,-1.0,-0.4380061030387878,0.120548665523529,-0.4404138922691345,-0.014783720485866,0.0296106971800327,0.0202147476375103,-1.0223164558410645,583.2769591361284,0.08979180455207819,0.1901915222406386,0.17255675792694092,0.0420019933953881,0.021817874163389202,0.0202147476375103,0.022316455841064453,0.2720500284932659,0.05146671841339741,0.022316455841064453,0.07984159367957282,0.9312544317723379,True
8,45,2162,238,237,0.189873417721519,paraphrase,place the cream cheese box and the butter together inside the basket,2026080815,7180045,sha256:4aaaba97390f2120,mps:0,-0.3482142984867096,-0.0696428567171096,-0.2678571343421936,-0.0567857138812541,0.0514285713434219,-0.0,-1.0,-0.5743004679679871,0.1059003472328186,-0.4807924628257751,-0.0079658487811684,0.0227996781468391,0.0170616749674081,-1.02155601978302,515.7383328769356,0.22608616948127747,0.1755432039499282,0.2129353284835815,0.0488198651000857,0.0286288931965828,0.0170616749674081,0.02155601978302002,0.35675177168464595,0.0591108577737237,0.02155601978302002,0.1043758792802691,0.955186219285978,True
8,45,2162,238,237,0.189873417721519,contradictory,put the cream cheese box in the basket but leave the butter outside the basket,2026080815,7180045,sha256:4aaaba97390f2120,mps:0,-0.3482142984867096,-0.0696428567171096,-0.2678571343421936,-0.0567857138812541,0.0514285713434219,-0.0,-1.0,-0.3111675977706909,0.0970226749777793,-0.2163232862949371,-0.0367376878857612,0.0340911448001861,0.0096071250736713,0.9971408247947692,547.1043752040714,0.03704670071601868,0.1666655316948889,0.0515338480472565,0.0200480259954929,0.0173374265432358,0.0096071250736713,1.9971408247947693,0.1783412318664419,0.028192313804283966,1.9971408247947693,0.32848278326647623,0.9168654381570829,True
8,45,2162,238,237,0.189873417721519,unrelated,open the top drawer of the cabinet,2026080815,7180045,sha256:4aaaba97390f2120,mps:0,-0.3482142984867096,-0.0696428567171096,-0.2678571343421936,-0.0567857138812541,0.0514285713434219,-0.0,-1.0,-0.5630407929420471,0.1983746439218521,-0.4189148247241974,-0.0230900235474109,0.0376976057887077,0.0713889151811599,-1.0244842767715454,514.0217919833958,0.21482649445533752,0.2680175006389617,0.15105769038200378,0.0336956903338432,0.013730965554714203,0.0713889151811599,0.02448427677154541,0.37523623118279814,0.08012687547185304,0.02448427677154541,0.11102879047393796,0.9077146691304748,True
8,50,2167,238,237,0.2109704641350211,correct,put both the cream cheese box and the butter in the basket,2026080815,7180050,sha256:48e17704a1e0bbd6,mps:0,-0.1124999970197677,0.0,-0.2785714268684387,-0.067500002682209,0.0310714282095432,-0.0321428589522838,1.0,-0.3102528750896454,-0.2207979559898376,-0.5614392161369324,0.0123056042939424,0.0547173209488391,0.0119394995272159,-1.0005550384521484,543.300042161718,0.19775287806987768,0.2207979559898376,0.28286778926849365,0.0798056069761514,0.023645892739295897,0.0440823584794997,2.0005550384521484,0.4097220086349464,0.09418767157853171,2.0005550384521484,0.4070725028536149,0.9386363836290756,True
8,50,2167,238,237,0.2109704641350211,paraphrase,place the cream cheese box and the butter together inside the basket,2026080815,7180050,sha256:48e17704a1e0bbd6,mps:0,-0.1124999970197677,0.0,-0.2785714268684387,-0.067500002682209,0.0310714282095432,-0.0321428589522838,1.0,-0.4408250451087951,-0.2410385012626648,-0.637765109539032,0.0197299122810363,0.0412810482084751,0.0064302207902073,-1.0063735246658323,508.5209161043167,0.3283250480890274,0.2410385012626648,0.35919368267059326,0.08722991496324531,0.010209619998931899,0.0385730797424911,2.0063735246658325,0.5430626096170466,0.09592276521159185,2.0063735246658325,0.4387061959132552,0.9316929305714319,True
8,50,2167,238,237,0.2109704641350211,contradictory,put the cream cheese box in the basket but leave the butter outside the basket,2026080815,7180050,sha256:48e17704a1e0bbd6,mps:0,-0.1124999970197677,0.0,-0.2785714268684387,-0.067500002682209,0.0310714282095432,-0.0321428589522838,1.0,-0.2809376418590545,-0.1535999774932861,-0.3126405477523803,0.0019057998433709,0.0596018657088279,-0.0084099248051643,1.005301594734192,529.5830420218408,0.1684376448392868,0.1535999774932861,0.034069120883941595,0.0694058025255799,0.028530437499284703,0.023732934147119494,0.0053015947341918945,0.23048839077651687,0.07870453259725195,0.0053015947341918945,0.06901107316038435,0.8828770479701736,True
8,50,2167,238,237,0.2109704641350211,unrelated,open the top drawer of the cabinet,2026080815,7180050,sha256:48e17704a1e0bbd6,mps:0,-0.1124999970197677,0.0,-0.2785714268684387,-0.067500002682209,0.0310714282095432,-0.0321428589522838,1.0,-0.4337460994720459,-0.1665022373199463,-0.5241428017616272,0.0017435019835829,0.0578208491206169,0.0543873682618141,-1.0077241659164429,525.3270829562098,0.3212461024522782,0.1665022373199463,0.24557137489318848,0.0692435046657919,0.0267494209110737,0.0865302272140979,2.007724165916443,0.437295499108164,0.11400734484761384,2.007724165916443,0.4176524333389742,0.9257753184719898,True
8,67,2184,238,237,0.2827004219409282,correct,put both the cream cheese box and the butter in the basket,2026080815,7180067,sha256:c14122ddb33335f0,mps:0,0.1848214268684387,0.1741071492433548,0.9375,-0.0128571428358554,0.0,-0.0503571443259716,1.0,0.1644173562526703,0.0236521065235137,0.955414891242981,0.0038434576708823,0.0225951969623565,-0.0016258596442639,0.9843241572380066,542.610458098352,0.020404070615768405,0.1504550427198411,0.017914891242980957,0.0167006005067377,0.0225951969623565,0.048731284681707704,0.015675842761993408,0.15288554315490496,0.056251143008680025,0.015675842761993408,0.041782418498769396,0.9875932578589304,True
8,67,2184,238,237,0.2827004219409282,paraphrase,place the cream cheese box and the butter together inside the basket,2026080815,7180067,sha256:c14122ddb33335f0,mps:0,0.1848214268684387,0.1741071492433548,0.9375,-0.0128571428358554,0.0,-0.0503571443259716,1.0,0.0897161141037941,0.107385516166687,0.9450072050094604,0.0028635922353714,0.0181997641921043,-0.0034126648679375,0.9902543425559998,510.7614160515368,0.0951053127646446,0.0667216330766678,0.007507205009460449,0.015720735071226802,0.0181997641921043,0.0469444794580341,0.009745657444000244,0.11641801820823282,0.05274615701085424,0.009745657444000244,0.03713496957373404,0.9928340004781058,True
8,67,2184,238,237,0.2827004219409282,contradictory,put the cream cheese box in the basket but leave the butter outside the basket,2026080815,7180067,sha256:c14122ddb33335f0,mps:0,0.1848214268684387,0.1741071492433548,0.9375,-0.0128571428358554,0.0,-0.0503571443259716,1.0,0.1533498167991638,0.0111230835318565,0.9089145660400392,0.0011432985775172,0.0341616496443748,-0.0158176496624946,0.9935056567192078,530.7340000290424,0.0314716100692749,0.1629840657114983,0.028585433959960826,0.0140004414133726,0.0341616496443748,0.034539494663477,0.006494343280792236,0.16843810421303654,0.05055697140654934,0.006494343280792236,0.04460529124896438,0.9855217709257131,True
8,67,2184,238,237,0.2827004219409282,unrelated,open the top drawer of the cabinet,2026080815,7180067,sha256:c14122ddb33335f0,mps:0,0.1848214268684387,0.1741071492433548,0.9375,-0.0128571428358554,0.0,-0.0503571443259716,1.0,0.0523911528289318,-0.053055852651596,0.4763396680355072,-0.0013029135297983,0.0397864691913127,0.0073371594771742,1.0103336572647097,527.4494171608239,0.13243027403950688,0.2271630018949508,0.4611603319644928,0.0115542293060571,0.0397864691913127,0.0576943038031458,0.010333657264709695,0.5308574749306122,0.07102883947311758,0.010333657264709695,0.1343031810663108,0.9545633917698826,True
8,73,2190,238,237,0.3080168776371308,correct,put both the cream cheese box and the butter in the basket,2026080815,7180073,sha256:aef7b77da65ea097,mps:0,-0.2223214358091354,0.5544642806053162,0.6428571343421936,-0.0299999993294477,0.0010714285308495,-0.0,1.0,-0.0518674775958061,0.2970553636550903,0.8827549815177917,-0.0010274571832269,0.0088616982102394,0.0456103011965751,0.9982351660728456,551.3139171525836,0.17045395821332932,0.2574089169502259,0.23989784717559814,0.0289725421462208,0.0077902696793899,0.0456103011965751,0.00176483392715443,0.3909793849751753,0.0545930039046622,0.00176483392715443,0.10741409561264192,0.9084994603105722,True
8,73,2190,238,237,0.3080168776371308,paraphrase,place the cream cheese box and the butter together inside the basket,2026080815,7180073,sha256:aef7b77da65ea097,mps:0,-0.2223214358091354,0.5544642806053162,0.6428571343421936,-0.0299999993294477,0.0010714285308495,-0.0,1.0,-0.060628056526184,0.3759150207042694,0.8780189752578735,-0.0013454465661197,0.0106231682002544,0.0384841039776802,0.9994450211524964,523.114874958992,0.1616933792829514,0.17854925990104675,0.23516184091567993,0.028654552763328,0.0095517396694049,0.0384841039776802,0.0005549788475035511,0.33663879535490776,0.04892182931722129,0.0005549788475035511,0.09323569362251352,0.9362919273202887,True
8,73,2190,238,237,0.3080168776371308,contradictory,put the cream cheese box in the basket but leave the butter outside the basket,2026080815,7180073,sha256:aef7b77da65ea097,mps:0,-0.2223214358091354,0.5544642806053162,0.6428571343421936,-0.0299999993294477,0.0010714285308495,-0.0,1.0,0.1095670759677887,0.1127780228853225,0.9371668100357056,-0.0004518154892139,0.0292136222124099,0.0172896347939968,1.0018322467803955,528.1194590497762,0.33188851177692413,0.44168625771999365,0.29430967569351196,0.0295481838402338,0.0281421936815604,0.0172896347939968,0.0018322467803955078,0.6259831624852336,0.04431714910479347,0.0018322467803955078,0.16352810061237374,0.7682217741457151,True
8,73,2190,238,237,0.3080168776371308,unrelated,open the top drawer of the cabinet,2026080815,7180073,sha256:aef7b77da65ea097,mps:0,-0.2223214358091354,0.5544642806053162,0.6428571343421936,-0.0299999993294477,0.0010714285308495,-0.0,1.0,0.0736497044563293,-0.2455191612243652,0.7519182562828064,-0.0021899060811847,0.0304286368191242,0.107837975025177,1.0026886463165283,532.4957920238376,0.2959711402654647,0.7999834418296814,0.10906112194061279,0.027810093248263,0.029357208288274702,0.107837975025177,0.0026886463165283203,0.8599225263886555,0.11517063784875435,0.0026886463165283203,0.19610137527342886,0.4746070046926733,True
8,91,2208,238,237,0.3839662447257383,correct,put both the cream cheese box and the butter in the basket,2026080815,7180091,sha256:8105e2d05c34eed4,mps:0,-0.0669642835855484,0.8651785850524902,-0.0,0.010714286006987,-0.0267857145518064,0.0064285714179277,1.0,-0.2995714545249939,0.7895384430885315,0.2800422608852386,-0.0007505965768359,-0.0405696928501129,-0.0130935851484537,1.001558542251587,543.6394580174237,0.2326071709394455,0.07564014196395874,0.2800422608852386,0.011464882583822899,0.0137839782983065,0.0195221565663814,0.001558542251586914,0.3718214557156382,0.02650577649100925,0.001558542251586914,0.09065987621267722,0.9107745668122692,True
8,91,2208,238,237,0.3839662447257383,paraphrase,place the cream cheese box and the butter together inside the basket,2026080815,7180091,sha256:8105e2d05c34eed4,mps:0,-0.0669642835855484,0.8651785850524902,-0.0,0.010714286006987,-0.0267857145518064,0.0064285714179277,1.0,-0.2684337496757507,0.8159928917884827,0.1919538676738739,-0.0007696744869463,-0.0447050034999847,-0.0139091778546571,1.002095103263855,511.8569158948958,0.20146946609020228,0.04918569326400757,0.1919538676738739,0.0114839604939333,0.017919288948178298,0.0203377492725848,0.0020951032638549805,0.2825870936605055,0.029438177771544373,0.0020951032638549805,0.0706350184295193,0.9478264225333993,True
8,91,2208,238,237,0.3839662447257383,contradictory,put the cream cheese box in the basket but leave the butter outside the basket,2026080815,7180091,sha256:8105e2d05c34eed4,mps:0,-0.0669642835855484,0.8651785850524902,-0.0,0.010714286006987,-0.0267857145518064,0.0064285714179277,1.0,-0.2059406638145446,0.7568433284759521,0.3133387267589569,-0.0012909960933029,-0.0486582219600677,-0.0252251997590065,0.9896931052207948,522.0957919955254,0.1389763802289962,0.10833525657653809,0.3133387267589569,0.012005282100289899,0.0218725074082613,0.0316537711769342,0.010306894779205211,0.3594886921253339,0.04030501964214503,0.010306894779205211,0.09092697414702598,0.9122054339119238,True
8,91,2208,238,237,0.3839662447257383,unrelated,open the top drawer of the cabinet,2026080815,7180091,sha256:8105e2d05c34eed4,mps:0,-0.0669642835855484,0.8651785850524902,-0.0,0.010714286006987,-0.0267857145518064,0.0064285714179277,1.0,-0.1009997949004173,0.0712276846170425,0.2855947911739349,-0.0057924636639654,-0.0093028498813509,-0.0096356123685836,-1.059479832649231,545.6635421141982,0.0340355113148689,0.7939509004354477,0.2855947911739349,0.0165067496709524,0.0174828646704555,0.0160641837865113,2.059479832649231,0.8444411365384837,0.028916800350518742,2.059479832649231,0.46044497624305736,0.253252024791105,True
8,103,2220,238,237,0.4345991561181435,correct,put both the cream cheese box and the butter in the basket,2026080815,7180103,sha256:3253d17e6f0db0a2,mps:0,-0.2892857193946838,0.7848214507102966,-0.0428571440279483,0.0149999996647238,-0.010714286006987,-0.0,1.0,-0.4773322939872741,0.6566217541694641,-0.1872979402542114,0.0012977770529687,-0.008087508380413,-4.643155261874199e-05,1.00974440574646,541.959083173424,0.18804657459259033,0.12819969654083252,0.1444407962262631,0.0137022226117551,0.0026267776265739996,4.643155261874199e-05,0.009744405746459961,0.26955485531454454,0.01395181067426881,0.009744405746459961,0.06954384355672767,0.9479477892168926,True
8,103,2220,238,237,0.4345991561181435,paraphrase,place the cream cheese box and the butter together inside the basket,2026080815,7180103,sha256:3253d17e6f0db0a2,mps:0,-0.2892857193946838,0.7848214507102966,-0.0428571440279483,0.0149999996647238,-0.010714286006987,-0.0,1.0,-0.4608104825019836,0.7154508829116821,-0.2462421655654907,0.0010543842799961,-0.0163748748600482,-0.00480881286785,1.0061283111572266,504.3914169073105,0.1715247631072998,0.0693705677986145,0.2033850215375424,0.0139456153847277,0.005660588853061201,0.00480881286785,0.0061283111572265625,0.27495179035886286,0.015800225815479803,0.0061283111572265625,0.06783195438661746,0.9506342582356319,True
8,103,2220,238,237,0.4345991561181435,contradictory,put the cream cheese box in the basket but leave the butter outside the basket,2026080815,7180103,sha256:3253d17e6f0db0a2,mps:0,-0.2892857193946838,0.7848214507102966,-0.0428571440279483,0.0149999996647238,-0.010714286006987,-0.0,1.0,-0.381208062171936,0.5403103828430176,-0.3235672414302826,0.0078720357269048,-0.0178478732705116,-0.0123830838128924,0.991089165210724,518.1910409592092,0.0919223427772522,0.24451106786727905,0.28071009740233427,0.007127963937819001,0.0071335872635246,0.0123830838128924,0.008910834789276012,0.38344952496369555,0.015969868561208835,0.008910834789276012,0.09324271112148251,0.889097323084559,True
8,103,2220,238,237,0.4345991561181435,unrelated,open the top drawer of the cabinet,2026080815,7180103,sha256:3253d17e6f0db0a2,mps:0,-0.2892857193946838,0.7848214507102966,-0.0428571440279483,0.0149999996647238,-0.010714286006987,-0.0,1.0,-0.1869745850563049,-0.2313372194766998,0.1123633161187172,0.0011302044149488,0.0594979040324687,-0.0186721850186586,1.001521348953247,526.3639579061419,0.10231113433837888,1.0161586701869965,0.1552204601466655,0.013869795249775,0.0702121900394557,0.0186721850186586,0.0015213489532470703,1.0330243958658254,0.07396467632443436,0.0015213489532470703,0.19685225484759677,-0.4967372873646656,True
8,110,2227,238,237,0.4641350210970464,correct,put both the cream cheese box and the butter in the basket,2026080815,7180110,sha256:cdc0a2c4d1aa6794,mps:0,-0.436607152223587,0.5035714507102966,-0.3937500119209289,0.0,0.0,0.0278571434319019,1.0,-0.52037513256073,0.4497311115264892,-0.3626739978790283,-0.0022731784265488,-0.0046476759016513,0.0512965396046638,1.0223608016967771,546.397291123867,0.083767980337143,0.05384033918380743,0.03107601404190058,0.0022731784265488,0.0046476759016513,0.0234393961727619,0.02236080169677712,0.10431478946881793,0.024003614819218422,0.02236080169677712,0.03162934082294145,0.990970588711193,True
8,110,2227,238,237,0.4641350210970464,paraphrase,place the cream cheese box and the butter together inside the basket,2026080815,7180110,sha256:cdc0a2c4d1aa6794,mps:0,-0.436607152223587,0.5035714507102966,-0.3937500119209289,0.0,0.0,0.0278571434319019,1.0,-0.4297290444374084,0.4835844337940216,-0.4371422529220581,0.0003139795735478,-0.0159211717545986,0.0321662798523902,1.0264623165130615,568.2505001313984,0.006878107786178589,0.019987016916275024,0.043392241001129206,0.0003139795735478,0.0159211717545986,0.0043091364204882986,0.026462316513061523,0.048266715146463336,0.016496998208838244,0.026462316513061523,0.01675199570932558,0.9981095287823999,True
8,110,2227,238,237,0.4641350210970464,contradictory,put the cream cheese box in the basket but leave the butter outside the basket,2026080815,7180110,sha256:cdc0a2c4d1aa6794,mps:0,-0.436607152223587,0.5035714507102966,-0.3937500119209289,0.0,0.0,0.0278571434319019,1.0,-0.3630149662494659,0.3001121878623962,-0.3722968697547912,0.0004921617801301,-0.0118339424952864,0.0207347851246595,1.0153687000274658,537.4197082128376,0.0735921859741211,0.20345926284790045,0.021453142166137695,0.0004921617801301,0.0118339424952864,0.0071223583072424,0.01536870002746582,0.2174206034023942,0.013820723789162092,0.01536870002746582,0.047617393371183425,0.9816164551476613,True
8,110,2227,238,237,0.4641350210970464,unrelated,open the top drawer of the cabinet,2026080815,7180110,sha256:cdc0a2c4d1aa6794,mps:0,-0.436607152223587,0.5035714507102966,-0.3937500119209289,0.0,0.0,0.0278571434319019,1.0,-0.1214564517140388,-0.0168570056557655,0.2717834711074829,-0.0065621826797723,0.0169061571359634,0.0168117899447679,-1.010587453842163,547.2203330136836,0.3151507005095482,0.5204284563660622,0.6655334830284119,0.0065621826797723,0.0169061571359634,0.011045353487134,2.010587453842163,0.9017208876693223,0.021233940385249575,2.010587453842163,0.5066019695784364,-0.2706727247463127,True
8,122,2239,238,237,0.5147679324894515,correct,put both the cream cheese box and the butter in the basket,2026080815,7180122,sha256:4af0421c0c28b6eb,mps:0,-0.1901785731315612,0.0,-0.1392857134342193,0.0,0.0267857145518064,-0.0,1.0,-0.0764893218874931,0.3465887904167175,-0.2906800210475921,0.0062820306047797,-0.0058450307697057,-0.0015489782672375,1.0056118965148926,597.799374954775,0.11368925124406809,0.3465887904167175,0.1513943076133728,0.0062820306047797,0.032630745321512104,0.0015489782672375,0.005611896514892578,0.394929451761568,0.03326603045794835,0.005611896514892578,0.09396371428322577,0.5088905520562768,True
8,122,2239,238,237,0.5147679324894515,paraphrase,place the cream cheese box and the butter together inside the basket,2026080815,7180122,sha256:4af0421c0c28b6eb,mps:0,-0.1901785731315612,0.0,-0.1392857134342193,0.0,0.0267857145518064,-0.0,1.0,-0.1010881289839744,0.3392194211483001,-0.467571884393692,0.0435056537389755,-0.0241655707359313,-0.0085286684334278,1.016486644744873,548.6730001866817,0.0890904441475868,0.3392194211483001,0.3282861709594727,0.0435056537389755,0.0509512852877377,0.0085286684334278,0.016486644744873047,0.48039435151324816,0.06753897811616205,0.016486644744873047,0.12515261263719626,0.6101715409589458,True
8,122,2239,238,237,0.5147679324894515,contradictory,put the cream cheese box in the basket but leave the butter outside the basket,2026080815,7180122,sha256:4af0421c0c28b6eb,mps:0,-0.1901785731315612,0.0,-0.1392857134342193,0.0,0.0267857145518064,-0.0,1.0,-0.0363262146711349,0.2862524688243866,-0.1855044662952423,-8.750957204028964e-05,-0.0203647091984748,-0.020037692040205,1.0036702156066897,570.2119590714574,0.1538523584604263,0.2862524688243866,0.046218752861023005,8.750957204028964e-05,0.0471504237502812,0.020037692040205,0.003670215606689675,0.3282486819896163,0.051231623242430795,0.003670215606689675,0.0796099173021503,0.40496324487366564,True
8,122,2239,238,237,0.5147679324894515,unrelated,open the top drawer of the cabinet,2026080815,7180122,sha256:4af0421c0c28b6eb,mps:0,-0.1901785731315612,0.0,-0.1392857134342193,0.0,0.0267857145518064,-0.0,1.0,0.0231069810688495,0.1673932373523712,-0.0189026072621345,-0.001720653148368,-0.0076696556061506,-0.0203439779579639,1.025801658630371,550.1601668074727,0.2132855542004107,0.1673932373523712,0.12038310617208481,0.001720653148368,0.034455370157957,0.0203439779579639,0.025801658630371094,0.29665352820002505,0.040050101362330455,0.025801658630371094,0.08334050823136095,-0.04394947465722716,True
8,132,2249,238,237,0.5569620253164557,correct,put both the cream cheese box and the butter in the basket,2026080815,7180132,sha256:cc5d27847ca8ebb0,mps:0,0.2035714238882064,-0.1392857134342193,0.3883928656578064,0.0,0.0,-0.010714286006987,-1.0,0.1245560124516487,0.0506232008337974,0.2209808528423309,-0.00434883357957,0.1026707515120506,-0.0830145180225372,-1.0124030113220217,577.4661251343787,0.0790154114365577,0.1899089142680167,0.1674120128154755,0.00434883357957,0.1026707515120506,0.0723002320155502,0.012403011322021706,0.26520862165071923,0.12564839481288423,0.012403011322021706,0.08972273813560606,0.8749653939107694,True
8,132,2249,238,237,0.5569620253164557,paraphrase,place the cream cheese box and the butter together inside the basket,2026080815,7180132,sha256:cc5d27847ca8ebb0,mps:0,0.2035714238882064,-0.1392857134342193,0.3883928656578064,0.0,0.0,-0.010714286006987,-1.0,0.0748029723763465,0.0496173873543739,0.1685608327388763,-0.001806785352528,0.0825184062123298,-0.0750851556658744,-1.0163999795913696,584.2659580521286,0.1287684515118599,0.1889031007885932,0.2198320329189301,0.001806785352528,0.0825184062123298,0.0643708696588874,0.01639997959136963,0.3171621324962632,0.10467168049560803,0.01639997959136963,0.10037137514778542,0.8397421221191567,True
8,132,2249,238,237,0.5569620253164557,contradictory,put the cream cheese box in the basket but leave the butter outside the basket,2026080815,7180132,sha256:cc5d27847ca8ebb0,mps:0,0.2035714238882064,-0.1392857134342193,0.3883928656578064,0.0,0.0,-0.010714286006987,-1.0,0.1264508366584777,0.081234410405159,0.2871572077274322,-0.0051959562115371,0.1179500073194503,-0.0770710334181785,-1.018233060836792,561.9204579852521,0.0771205872297287,0.2205201238393783,0.1012356579303742,0.0051959562115371,0.1179500073194503,0.0663567474111915,0.018233060836791992,0.25460826465256126,0.13543419108409538,0.018233060836791992,0.08665887725406458,0.8446493313592766,True
8,132,2249,238,237,0.5569620253164557,unrelated,open the top drawer of the cabinet,2026080815,7180132,sha256:cc5d27847ca8ebb0,mps:0,0.2035714238882064,-0.1392857134342193,0.3883928656578064,0.0,0.0,-0.010714286006987,-1.0,0.0902114957571029,-0.0486492365598678,0.3197813034057617,-0.0030754159670323,0.1178927198052406,-0.0654842481017112,-1.023684024810791,576.7647500615567,0.1133599281311035,0.0906364768743515,0.06861156225204468,0.0030754159670323,0.1178927198052406,0.054769962094724206,0.023684024810791016,0.16053968581241837,0.13003038227393154,0.023684024810791016,0.0674328699907554,0.9665896187622676,True
8,151,2268,238,237,0.6371308016877637,correct,put both the cream cheese box and the butter in the basket,2026080815,7180151,sha256:1d09b8db2ab3914f,mps:0,0.3133928477764129,-0.8678571581840515,-0.3187499940395355,0.0289285723119974,-0.02357142791152,-0.0,-1.0,0.3219983279705047,-0.5171552300453186,-0.5204817652702332,-0.0028927109669893,-0.0297599993646144,0.0865441858768463,-1.0044132471084597,579.4055839069188,0.008605480194091797,0.3507019281387329,0.20173177123069763,0.0318212832789867,0.006188571453094399,0.0865441858768463,0.004413247108459695,0.40467468936600226,0.09241638704925494,0.004413247108459695,0.09857235246870134,0.9148845472247261,True
8,151,2268,238,237,0.6371308016877637,paraphrase,place the cream cheese box and the butter together inside the basket,2026080815,7180151,sha256:1d09b8db2ab3914f,mps:0,0.3133928477764129,-0.8678571581840515,-0.3187499940395355,0.0289285723119974,-0.02357142791152,-0.0,-1.0,0.0586790889501571,-0.3445407748222351,-0.7088252902030945,-0.0063736732117831,-0.0437671393156051,0.0959330573678016,-1.008490800857544,520.1520419213921,0.2547137588262558,0.5233163833618164,0.39007529616355896,0.0353022455237805,0.0201957114040851,0.0959330573678016,0.008490800857543945,0.700641044121296,0.10419820916921886,0.008490800857543945,0.18971817907212035,0.70425678186866,True
8,151,2268,238,237,0.6371308016877637,contradictory,put the cream cheese box in the basket but leave the butter outside the basket,2026080815,7180151,sha256:1d09b8db2ab3914f,mps:0,0.3133928477764129,-0.8678571581840515,-0.3187499940395355,0.0289285723119974,-0.02357142791152,-0.0,-1.0,-0.0391773730516433,-0.2140535116195678,-0.6886975169181824,-0.0030774911865592,-0.0186081081628799,0.0759185552597045,-1.006038784980774,540.046792011708,0.3525702208280562,0.6538036465644838,0.36994752287864685,0.0320060634985566,0.004963319748640102,0.0759185552597045,0.006038784980773926,0.829835006829555,0.08253877680412816,0.006038784980773926,0.21360687339412315,0.5574018406133787,True
8,151,2268,238,237,0.6371308016877637,unrelated,open the top drawer of the cabinet,2026080815,7180151,sha256:1d09b8db2ab3914f,mps:0,0.3133928477764129,-0.8678571581840515,-0.3187499940395355,0.0289285723119974,-0.02357142791152,-0.0,-1.0,-0.127346009016037,-0.1512178033590316,-0.4385048449039459,-0.0462801940739154,-0.0017369831912219,0.2188091427087783,-1.0155750513076782,547.6741660386324,0.4407388567924499,0.71663935482502,0.1197548508644104,0.0752087663859128,0.0218344447202981,0.2188091427087783,0.015575051307678223,0.8498022882272638,0.23240168340716696,0.015575051307678223,0.22979435251493538,0.4921533758627783,True
8,163,2280,238,237,0.6877637130801688,correct,put both the cream cheese box and the butter in the basket,2026080815,7180163,sha256:dc5aedcf44c7cc36,mps:0,-0.1285714358091354,0.1500000059604644,-0.8892857432365417,-0.0064285714179277,-0.0599999986588954,0.0642857179045677,-1.0,0.1876047253608703,0.1510466635227203,-0.4441533088684082,-0.0352590158581733,-0.0026947604492306,0.0419188365340232,-0.9961689114570618,550.003917189315,0.3161761611700057,0.0010466575622559149,0.44513243436813354,0.0288304444402456,0.0573052382096648,0.022366881370544503,0.0038310885429382324,0.545995736714816,0.06793645733428058,0.0038310885429382324,0.12495555795196978,0.8549659755842981,True
8,163,2280,238,237,0.6877637130801688,paraphrase,place the cream cheese box and the butter together inside the basket,2026080815,7180163,sha256:dc5aedcf44c7cc36,mps:0,-0.1285714358091354,0.1500000059604644,-0.8892857432365417,-0.0064285714179277,-0.0599999986588954,0.0642857179045677,-1.0,0.1041216254234314,0.1283777505159378,-0.433986097574234,-0.0359260812401771,-0.0079094804823398,0.0278194490820169,-0.9993751645088196,521.8511249404401,0.2326930612325668,0.02162225544452659,0.45529964566230774,0.0294975098222494,0.052090518176555606,0.0364662688225508,0.0006248354911804199,0.5117727523193418,0.07009503499859537,0.0006248354911804199,0.11832772780741962,0.9261454087731933,True
8,163,2280,238,237,0.6877637130801688,contradictory,put the cream cheese box in the basket but leave the butter outside the basket,2026080815,7180163,sha256:dc5aedcf44c7cc36,mps:0,-0.1285714358091354,0.1500000059604644,-0.8892857432365417,-0.0064285714179277,-0.0599999986588954,0.0642857179045677,-1.0,0.0630715638399124,0.1397643983364105,-0.3601683378219604,-0.0302992276847362,-0.0008939267136156,0.0181979443877935,-0.9919766187667848,541.0582078620791,0.1916429996490478,0.0102356076240539,0.5291174054145813,0.0238706562668085,0.0591060719452798,0.046087773516774205,0.008023381233215221,0.5628472578689327,0.07866014771879207,0.008023381233215221,0.12401198509282296,0.9342395751673783,True
8,163,2280,238,237,0.6877637130801688,unrelated,open the top drawer of the cabinet,2026080815,7180163,sha256:dc5aedcf44c7cc36,mps:0,-0.1285714358091354,0.1500000059604644,-0.8892857432365417,-0.0064285714179277,-0.0599999986588954,0.0642857179045677,-1.0,0.1895781755447387,0.617123007774353,-0.3430507183074951,-0.0458553731441497,0.0177554097026586,0.0534695535898208,-1.011623501777649,536.730624968186,0.3181496113538741,0.46712300181388866,0.5462350249290466,0.039426801726222,0.07775540836155401,0.010816164314746905,0.011623501777648926,0.7859998578164474,0.08784853803174215,0.011623501777648926,0.21016135918242587,0.5604728712898945,True
8,177,2294,238,237,0.7468354430379747,correct,put both the cream cheese box and the butter in the basket,2026080815,7180177,sha256:535f4d9c18943a3e,mps:0,0.0,-0.0401785708963871,0.0883928537368774,-0.0428571440279483,0.0214285720139741,-0.0,1.0,-0.1261518895626068,-0.164972186088562,-0.2084528505802154,0.0864292457699775,0.0099502494558691,-0.0160730630159378,0.9890307784080504,547.7318328339607,0.1261518895626068,0.12479361519217491,0.2968457043170928,0.1292863897979258,0.011478322558104999,0.0160730630159378,0.010969221591949574,0.3458397284935027,0.13078633655869187,0.010969221591949574,0.10222831514797039,-0.4129235493935046,True
8,177,2294,238,237,0.7468354430379747,paraphrase,place the cream cheese box and the butter together inside the basket,2026080815,7180177,sha256:535f4d9c18943a3e,mps:0,0.0,-0.0401785708963871,0.0883928537368774,-0.0428571440279483,0.0214285720139741,-0.0,1.0,-0.2304031252861023,-0.2270311415195465,-0.2764376401901245,0.0982851535081863,-0.0034507978707551,-0.0184513721615076,0.988719642162323,558.742584194988,0.2304031252861023,0.1868525706231594,0.3648304939270019,0.1411422975361346,0.024879369884729198,0.0184513721615076,0.011280357837677002,0.470213539351119,0.14450115686139808,0.011280357837677002,0.13969136960804457,-0.3706581259920508,True
8,177,2294,238,237,0.7468354430379747,contradictory,put the cream cheese box in the basket but leave the butter outside the basket,2026080815,7180177,sha256:535f4d9c18943a3e,mps:0,0.0,-0.0401785708963871,0.0883928537368774,-0.0428571440279483,0.0214285720139741,-0.0,1.0,-0.1601890921592712,-0.199803352355957,-0.1891269087791443,0.0817933827638626,0.0164275970309972,-0.0180942229926586,0.9916678071022034,627.3580831475556,0.1601890921592712,0.1596247814595699,0.2775197625160217,0.1246505267918109,0.0050009749829769,0.0180942229926586,0.00833219289779663,0.3579913891279733,0.1260561957460417,0.00833219289779663,0.10763022197144369,-0.2811174173740189,True
8,177,2294,238,237,0.7468354430379747,unrelated,open the top drawer of the cabinet,2026080815,7180177,sha256:535f4d9c18943a3e,mps:0,0.0,-0.0401785708963871,0.0883928537368774,-0.0428571440279483,0.0214285720139741,-0.0,1.0,-0.2141352593898773,-0.1869544982910156,-0.2933042347431183,0.0945439338684082,0.0049518821761012,-0.0081290630623698,0.99370139837265,531.7919170483947,0.2141352593898773,0.1467759273946285,0.38169708847999567,0.1374010778963565,0.0164766898378729,0.0081290630623698,0.0062986016273499645,0.46161645283788244,0.13862402093925164,0.0062986016273499645,0.13013052966977864,-0.46431866356809837,True
8,188,2305,238,237,0.7932489451476793,correct,put both the cream cheese box and the butter in the basket,2026080815,7180188,sha256:b33643157254a73d,mps:0,-0.1875,0.28125,0.9375,-0.0192857142537832,0.0,-0.0,1.0,0.1008951514959335,0.0944648459553718,0.891964852809906,0.005180275067687,0.0230986177921295,0.004746907390654,0.9951561093330384,631.0306668747216,0.28839515149593353,0.1867851540446282,0.045535147190093994,0.0244659893214702,0.0230986177921295,0.004746907390654,0.004843890666961559,0.346603385452972,0.03398034589524687,0.004843890666961559,0.08255297970026727,0.9381312753132945,True
8,188,2305,238,237,0.7932489451476793,paraphrase,place the cream cheese box and the butter together inside the basket,2026080815,7180188,sha256:b33643157254a73d,mps:0,-0.1875,0.28125,0.9375,-0.0192857142537832,0.0,-0.0,1.0,-0.0068276226520538,0.189281553030014,0.8969360589981079,0.0093030519783496,0.0130453538149595,-0.0007828650996088,0.9993159174919128,528.6645831074566,0.1806723773479462,0.09196844696998599,0.04056394100189209,0.0285887662321328,0.0130453538149595,0.0007828650996088,0.0006840825080871582,0.20675138810715338,0.03143424388461094,0.0006840825080871582,0.050900833282087506,0.9800955532118023,True
8,188,2305,238,237,0.7932489451476793,contradictory,put the cream cheese box in the basket but leave the butter outside the basket,2026080815,7180188,sha256:b33643157254a73d,mps:0,-0.1875,0.28125,0.9375,-0.0192857142537832,0.0,-0.0,1.0,0.0526039265096187,0.0137522593140602,0.6331052184104919,-0.0002236415166407,0.0298161916434764,-0.0072651291266083,0.9975840449333192,558.8409171905369,0.2401039265096187,0.2674977406859398,0.30439478158950806,0.019062072737142503,0.0298161916434764,0.0072651291266083,0.002415955066680797,0.4710213581742796,0.036126859846697376,0.002415955066680797,0.12436511390842495,0.9278032216868252,True
8,188,2305,238,237,0.7932489451476793,unrelated,open the top drawer of the cabinet,2026080815,7180188,sha256:b33643157254a73d,mps:0,-0.1875,0.28125,0.9375,-0.0192857142537832,0.0,-0.0,1.0,-0.0381802693009376,0.0219817608594894,0.1745316982269287,-0.0013890005648136,0.0225659757852554,0.0063459565863013,-1.012158989906311,582.433708012104,0.1493197306990624,0.2592682391405106,0.7629683017730713,0.0178967136889696,0.0225659757852554,0.0063459565863013,2.012158989906311,0.8195346431442333,0.02949214792111463,2.012158989906311,0.46150341536849737,0.9864803670459487,True
8,198,2315,238,237,0.8354430379746836,correct,put both the cream cheese box and the butter in the basket,2026080815,7180198,sha256:d4c49dc7bbf72acc,mps:0,-0.5089285969734192,0.7714285850524902,0.3267857134342193,-0.0342857129871845,0.0,-0.0,1.0,-0.0695521906018257,0.4854501187801361,0.6478366255760193,-0.0455305241048336,0.0534951090812683,8.622417226433754e-05,0.9924325346946716,564.3295000772923,0.4393764063715935,0.2859784662723541,0.3210509121418,0.011244811117649106,0.0534951090812683,8.622417226433754e-05,0.007567465305328369,0.6147430339862221,0.05466424706603285,0.007567465305328369,0.15982848492317966,0.7804242324810188,True
8,198,2315,238,237,0.8354430379746836,paraphrase,place the cream cheese box and the butter together inside the basket,2026080815,7180198,sha256:d4c49dc7bbf72acc,mps:0,-0.5089285969734192,0.7714285850524902,0.3267857134342193,-0.0342857129871845,0.0,-0.0,1.0,-0.1816007792949676,0.6494564414024353,0.3986069560050964,-0.037474513053894,0.0336808413267135,-0.0039620650932192,0.9926133751869202,515.1954579632729,0.3273278176784516,0.12197214365005493,0.07182124257087708,0.0031888000667095046,0.0336808413267135,0.0039620650932192,0.007386624813079834,0.35662164115088707,0.034062669862234884,0.007386624813079834,0.08133421931415794,0.942431545032947,True
8,198,2315,238,237,0.8354430379746836,contradictory,put the cream cheese box in the basket but leave the butter outside the basket,2026080815,7180198,sha256:d4c49dc7bbf72acc,mps:0,-0.5089285969734192,0.7714285850524902,0.3267857134342193,-0.0342857129871845,0.0,-0.0,1.0,0.0766512975096702,0.3286599516868591,0.7780105471611023,-0.0397737771272659,0.0511416867375373,-0.0142264626920223,0.9920513033866882,523.7944999244064,0.5855798944830894,0.44276863336563116,0.451224833726883,0.005488064140081406,0.0511416867375373,0.0142264626920223,0.007948696613311768,0.8617144109779923,0.0533664989585559,0.007948696613311768,0.22262546739407948,0.5638952535041963,True
8,198,2315,238,237,0.8354430379746836,unrelated,open the top drawer of the cabinet,2026080815,7180198,sha256:d4c49dc7bbf72acc,mps:0,-0.5089285969734192,0.7714285850524902,0.3267857134342193,-0.0342857129871845,0.0,-0.0,1.0,0.0338673405349254,0.0352466627955436,0.1501694321632385,-0.0626077353954315,0.0997965186834335,0.0026015425100922,1.0088132619857788,544.0774159505963,0.5427959375083445,0.7361819222569467,0.1766162812709808,0.028322022408247008,0.0997965186834335,0.0026015425100922,0.008813261985778809,0.9315495495374821,0.10377017932941021,0.008813261985778809,0.2278753552319748,0.3812986577622199,True
8,204,2321,238,237,0.8607594936708861,correct,put both the cream cheese box and the butter in the basket,2026080815,7180204,sha256:f25bfc50bc8fc169,mps:0,-0.3723214268684387,0.8357142806053162,-0.0,0.0,-0.0064285714179277,-0.0,1.0,-0.1585173904895782,0.6745580434799194,0.389400839805603,-0.0012487634085118,-0.0132935335859656,-0.000421866774559,1.0169095993041992,640.1990000158548,0.21380403637886053,0.16115623712539673,0.389400839805603,0.0012487634085118,0.0068649621680379,0.000421866774559,0.01690959930419922,0.4725637658323151,0.006990356728701794,0.01690959930419922,0.11282947213788116,0.8563653741346307,True
8,204,2321,238,237,0.8607594936708861,paraphrase,place the cream cheese box and the butter together inside the basket,2026080815,7180204,sha256:f25bfc50bc8fc169,mps:0,-0.3723214268684387,0.8357142806053162,-0.0,0.0,-0.0064285714179277,-0.0,1.0,-0.1770542860031128,0.7713587880134583,0.1324565112590789,-0.0006801859126426,-0.0251996703445911,-0.0010089352726936,1.021732211112976,542.8368751890957,0.19526714086532593,0.06435549259185791,0.1324565112590789,0.0006801859126426,0.0187710989266634,0.0010089352726936,0.021732211112976074,0.24457230649316414,0.018810495957704745,0.021732211112976074,0.06203879656303405,0.9678771851876986,True
8,204,2321,238,237,0.8607594936708861,contradictory,put the cream cheese box in the basket but leave the butter outside the basket,2026080815,7180204,sha256:f25bfc50bc8fc169,mps:0,-0.3723214268684387,0.8357142806053162,-0.0,0.0,-0.0064285714179277,-0.0,1.0,-0.0465926304459571,0.3699654936790466,0.3369166254997253,-0.0002596206031739,-0.0121090793982148,-0.0073719080537557,1.019515872001648,562.1144170872867,0.32572879642248165,0.4657487869262696,0.3369166254997253,0.0002596206031739,0.005680507980287099,0.0073719080537557,0.01951587200164795,0.6607071922419585,0.00931024178658782,0.01951587200164795,0.16588887392676305,0.7101869737528875,True
8,204,2321,238,237,0.8607594936708861,unrelated,open the top drawer of the cabinet,2026080815,7180204,sha256:f25bfc50bc8fc169,mps:0,-0.3723214268684387,0.8357142806053162,-0.0,0.0,-0.0064285714179277,-0.0,1.0,0.0301392637193202,0.0278199091553688,0.1852916181087494,-0.0054728556424379,0.005012672394514,-0.0082585345953702,-1.0020211935043335,559.5861249603331,0.4024606905877589,0.8078943714499474,0.1852916181087494,0.0054728556424379,0.011441243812441701,0.0082585345953702,2.0020211935043335,0.921412451961791,0.01513464907163778,2.0020211935043335,0.48897721538586275,0.06927497887458106,True
8,221,2338,238,237,0.9324894514767932,correct,put both the cream cheese box and the butter in the basket,2026080815,7180221,sha256:76f16c124875a7dc,mps:0,-0.2410714328289032,-0.09375,-0.0,0.0,0.0835714265704155,-0.0160714294761419,-1.0,-0.1180350556969642,-0.1467255353927612,0.2404366731643676,0.0728327482938766,0.0216974727809429,-0.0622264221310615,-0.984439492225647,576.9102079793811,0.123036377131939,0.0529755353927612,0.2404366731643676,0.0728327482938766,0.061873953789472594,0.0461549926549196,0.015560507774353027,0.2752347202847986,0.10612859524443287,0.015560507774353027,0.08755296974309854,0.5343425512660647,True
8,221,2338,238,237,0.9324894514767932,paraphrase,place the cream cheese box and the butter together inside the basket,2026080815,7180221,sha256:76f16c124875a7dc,mps:0,-0.2410714328289032,-0.09375,-0.0,0.0,0.0835714265704155,-0.0160714294761419,-1.0,-0.1736184656620025,-0.1921486854553222,0.1510441899299621,0.0924222841858863,0.0140304127708077,-0.0632195547223091,-0.9907038807868958,524.8848749324679,0.06745296716690069,0.09839868545532221,0.1510441899299621,0.0924222841858863,0.0695410137996078,0.0471481252461672,0.009296119213104248,0.19247480715811324,0.12490307013297247,0.009296119213104248,0.07647191214242152,0.772042504817689,True
8,221,2338,238,237,0.9324894514767932,contradictory,put the cream cheese box in the basket but leave the butter outside the basket,2026080815,7180221,sha256:76f16c124875a7dc,mps:0,-0.2410714328289032,-0.09375,-0.0,0.0,0.0835714265704155,-0.0160714294761419,-1.0,-0.0986608192324638,-0.1903377473354339,0.3452584743499756,0.0786574557423591,0.0391093902289867,-0.0820062607526779,-0.972784698009491,553.6006670445204,0.14241061359643942,0.0965877473354339,0.3452584743499756,0.0786574557423591,0.0444620363414288,0.065934831276536,0.027215301990509033,0.3857633859125575,0.11185378846938081,0.027215301990509033,0.11436092294752598,0.3960068307748959,True
8,221,2338,238,237,0.9324894514767932,unrelated,open the top drawer of the cabinet,2026080815,7180221,sha256:76f16c124875a7dc,mps:0,-0.2410714328289032,-0.09375,-0.0,0.0,0.0835714265704155,-0.0160714294761419,-1.0,-0.1344193816184997,-0.3882830440998077,0.4418486654758453,0.1110032871365547,0.0423761270940303,-0.064013622701168,-1.003374695777893,550.6377909332514,0.1066520512104035,0.2945330440998077,0.4418486654758453,0.1110032871365547,0.0411952994763852,0.0479421932250261,0.0033746957778930664,0.5416222089952287,0.12773893825022664,0.0033746957778930664,0.1495070337717022,0.4408714464813899,True
8,237,2354,238,237,1.0,correct,put both the cream cheese box and the butter in the basket,2026080815,7180237,sha256:32cfd21e8a11d32f,mps:0,0.1875,-0.0080357147380709,0.2410714328289032,0.0,0.0664285719394683,-0.0010714285308495,-1.0,0.1255382150411605,-0.0774902254343032,0.1689960062503814,-0.0011530104093253,0.0457614995539188,-0.008863165974617,-1.010848879814148,561.09116692096,0.0619617849588395,0.0694545106962323,0.07207542657852181,0.0011530104093253,0.020667072385549504,0.007791737443767499,0.01084887981414795,0.11772025725343284,0.02211715366827666,0.01084887981414795,0.03485034604091198,0.9469761991937926,True
8,237,2354,238,237,1.0,paraphrase,place the cream cheese box and the butter together inside the basket,2026080815,7180237,sha256:32cfd21e8a11d32f,mps:0,0.1875,-0.0080357147380709,0.2410714328289032,0.0,0.0664285719394683,-0.0010714285308495,-1.0,0.0775043591856956,-0.031299702823162,0.1057246550917625,-0.0009537137229926,0.0299474783241748,-0.0066821677610278,-1.0184427499771118,513.301458908245,0.1099956408143044,0.0232639880850911,0.1353467777371407,0.0009537137229926,0.0364810936152935,0.0056107392301783,0.018442749977111816,0.17595171037418106,0.03692235306616162,0.018442749977111816,0.0471563861688732,0.9780374487982046,True
8,237,2354,238,237,1.0,contradictory,put the cream cheese box in the basket but leave the butter outside the basket,2026080815,7180237,sha256:32cfd21e8a11d32f,mps:0,0.1875,-0.0080357147380709,0.2410714328289032,0.0,0.0664285719394683,-0.0010714285308495,-1.0,0.0978022366762161,-0.0217668786644935,0.2379905879497528,-0.0019614717457443,0.0524650998413562,-0.0156774930655956,-1.0076144933700562,525.0592909287661,0.0896977633237839,0.013731163926422598,0.0030808448791503906,0.0019614717457443,0.0139634720981121,0.0146060645347461,0.007614493370056152,0.09079496248819771,0.02030179907390663,0.007614493370056152,0.020665039125430794,0.961923984153974,True
8,237,2354,238,237,1.0,unrelated,open the top drawer of the cabinet,2026080815,7180237,sha256:32cfd21e8a11d32f,mps:0,0.1875,-0.0080357147380709,0.2410714328289032,0.0,0.0664285719394683,-0.0010714285308495,-1.0,0.1646931767463684,-0.1530806869268417,0.3693619668483734,-0.0039900178089737,0.0611144043505191,0.0071349889039993,-1.0257420539855957,565.1756660081446,0.022806823253631592,0.1450449721887708,0.12829053401947021,0.0039900178089737,0.0053141675889492035,0.0082064174348488,0.025742053985595703,0.19497860462923752,0.01055963571314635,0.025742053985595703,0.048484998040034276,0.9170723407403748,True
9,0,2355,257,256,0.0,correct,put both the cream cheese box and the butter in the basket,2026080816,7190000,sha256:0cafbab144beccf0,mps:0,0.208928570151329,-0.3723214268684387,-0.0,0.0010714285308495,0.0,0.0182142853736877,-1.0,-0.052982397377491,0.1037504449486732,-0.1258836239576339,0.0001181396946776,-0.0088059362024068,0.0160177983343601,-1.0110350847244265,550.3243750426918,0.26191096752882004,0.4760718718171119,0.1258836239576339,0.0009532888361718999,0.0088059362024068,0.0021964870393276006,0.011035084724426492,0.5577530536250235,0.00912566859577767,0.011035084724426492,0.12669389430084266,-0.6786879308848766,True
9,0,2355,257,256,0.0,paraphrase,place the cream cheese box and the butter together inside the basket,2026080816,7190000,sha256:0cafbab144beccf0,mps:0,0.208928570151329,-0.3723214268684387,-0.0,0.0010714285308495,0.0,0.0182142853736877,-1.0,0.0216846913099288,0.0160652473568916,-0.1679049134254455,-0.0003805286833085,-0.0108780926093459,0.0136069972068071,-1.0309836864471436,513.3404999505728,0.1872438788414002,0.3883866742253303,0.1679049134254455,0.001451957214158,0.0108780926093459,0.004607288166880599,0.030983686447143555,0.46270567192524464,0.011902444405328234,0.030983686447143555,0.11306521298995774,-0.01998333460239327,True
9,0,2355,257,256,0.0,contradictory,put the cream cheese box in the basket but leave the butter outside the basket,2026080816,7190000,sha256:0cafbab144beccf0,mps:0,0.208928570151329,-0.3723214268684387,-0.0,0.0010714285308495,0.0,0.0182142853736877,-1.0,-0.0585716366767883,0.1687294989824295,-0.1235121935606002,0.000111247645691,-0.0128584513440728,0.0049875201657414,-1.025324821472168,526.3592500705272,0.2675002068281173,0.5410509258508682,0.1235121935606002,0.0009601808851584999,0.0128584513440728,0.013226765207946299,0.02532482147216797,0.6160744492147994,0.01847184441701072,0.02532482147216797,0.14063336359270448,-0.8096046075701779,True
9,0,2355,257,256,0.0,unrelated,open the top drawer of the cabinet,2026080816,7190000,sha256:0cafbab144beccf0,mps:0,0.208928570151329,-0.3723214268684387,-0.0,0.0010714285308495,0.0,0.0182142853736877,-1.0,-0.1265853643417358,-0.2095645666122436,-0.2442870736122131,-0.002069731010124,0.0057579060085117,0.0307503212243318,-1.031639814376831,529.5096251647919,0.3355139344930648,0.16275686025619512,0.2442870736122131,0.0031411595409735,0.0057579060085117,0.012536035850644101,0.031639814376831055,0.4457976784747651,0.01414823521550791,0.031639814376831055,0.11366182630549049,0.3493053780214074,True
9,18,2373,257,256,0.0703125,correct,put both the cream cheese box and the butter in the basket,2026080816,7190018,sha256:c69e98add739793c,mps:0,0.6910714507102966,-0.4955357015132904,-0.1419642865657806,0.0,0.0417857132852077,-0.1071428582072258,-1.0,0.789717972278595,-0.3809887766838074,-0.3272377550601959,0.0070654796436429,-0.0119882272556424,-0.0187099687755107,-0.997380793094635,537.4833329115063,0.09864652156829834,0.11454692482948303,0.1852734684944153,0.0070654796436429,0.0537739405408501,0.0884328894317151,0.0026192069053649902,0.23912003749867364,0.1037397398161744,0.0026192069053649902,0.07862263305910996,0.9679381490594565,True
9,18,2373,257,256,0.0703125,paraphrase,place the cream cheese box and the butter together inside the basket,2026080816,7190018,sha256:c69e98add739793c,mps:0,0.6910714507102966,-0.4955357015132904,-0.1419642865657806,0.0,0.0417857132852077,-0.1071428582072258,-1.0,0.6653117537498474,-0.1719236075878143,-0.5665270090103149,0.0123540852218866,-0.0244940221309661,-0.0229120086878538,-1.0051395893096924,569.8173330165446,0.02575969696044922,0.3236120939254761,0.4245627224445343,0.0123540852218866,0.0662797354161738,0.084230849519372,0.005139589309692383,0.5344547264379276,0.1078909762642953,0.005139589309692383,0.13456268182822634,0.8145174716490395,True
9,18,2373,257,256,0.0703125,contradictory,put the cream cheese box in the basket but leave the butter outside the basket,2026080816,7190018,sha256:c69e98add739793c,mps:0,0.6910714507102966,-0.4955357015132904,-0.1419642865657806,0.0,0.0417857132852077,-0.1071428582072258,-1.0,0.4847658574581146,-0.0587436854839324,-0.5749297142028809,0.0098601626232266,-0.0292725190520286,-0.0114446654915809,-1.008704423904419,522.3629998508841,0.206305593252182,0.436792016029358,0.4329654276371002,0.0098601626232266,0.0710582323372363,0.09569819271564489,0.008704423904418945,0.6486974060400602,0.119602003657505,0.008704423904418945,0.18019772121416672,0.6854033973981615,True
9,18,2373,257,256,0.0703125,unrelated,open the top drawer of the cabinet,2026080816,7190018,sha256:c69e98add739793c,mps:0,0.6910714507102966,-0.4955357015132904,-0.1419642865657806,0.0,0.0417857132852077,-0.1071428582072258,-1.0,0.1913545131683349,-0.3367075026035309,-0.5103018283843994,0.001199884340167,-0.0145935816690325,0.0792679414153099,-1.0074628591537476,526.4000419992954,0.4997169375419617,0.15882819890975952,0.3683375418186188,0.001199884340167,0.0563792949542402,0.1864107996225357,0.007462859153747559,0.6407932265155568,0.19475382111239858,0.007462859153747559,0.18261935947729005,0.672696013770167,True
9,30,2385,257,256,0.1171875,correct,put both the cream cheese box and the butter in the basket,2026080816,7190030,sha256:0e4bd16a910897d8,mps:0,0.1017857119441032,-0.1392857134342193,-0.7285714149475098,0.0578571446239948,-0.0750000029802322,-0.0825000032782554,-1.0,0.2913725972175598,-0.184059739112854,-0.7057622075080872,0.0157802589237689,-0.0163371786475181,-0.0669120699167251,-1.0148323774337769,529.5221251435578,0.18958688527345663,0.0447740256786347,0.022809207439422607,0.0420768857002259,0.058662824332714095,0.01558793336153029,0.014832377433776855,0.19613301707559708,0.07385644816401786,0.014832377433776855,0.05547573417425158,0.9684370147601955,True
9,30,2385,257,256,0.1171875,paraphrase,place the cream cheese box and the butter together inside the basket,2026080816,7190030,sha256:0e4bd16a910897d8,mps:0,0.1017857119441032,-0.1392857134342193,-0.7285714149475098,0.0578571446239948,-0.0750000029802322,-0.0825000032782554,-1.0,0.0632840096950531,-0.114039346575737,-0.8044941425323486,0.0307714287191629,-0.0249383598566055,-0.0547956451773643,-1.0194752216339111,510.89729089289904,0.0385017022490501,0.025246366858482305,0.07592272758483887,0.0270857159048319,0.050061643123626695,0.027704358100891092,0.019475221633911133,0.08879200797115265,0.06330351946058792,0.019475221633911133,0.03771396220794744,0.9971395248550635,True
9,30,2385,257,256,0.1171875,contradictory,put the cream cheese box in the basket but leave the butter outside the basket,2026080816,7190030,sha256:0e4bd16a910897d8,mps:0,0.1017857119441032,-0.1392857134342193,-0.7285714149475098,0.0578571446239948,-0.0750000029802322,-0.0825000032782554,-1.0,-0.0349325686693191,-0.0579793900251388,-0.7386786341667175,0.0189915783703327,-0.0279328934848308,-0.0416315197944641,-1.009390115737915,537.9561251029372,0.13671828061342228,0.0813063234090805,0.010107219219207764,0.038865566253662095,0.047067109495401396,0.040868483483791296,0.009390115737915039,0.15938871465865329,0.07345800146161631,0.009390115737915039,0.0520461568874972,0.977171827815144,True
9,30,2385,257,256,0.1171875,unrelated,open the top drawer of the cabinet,2026080816,7190030,sha256:0e4bd16a910897d8,mps:0,0.1017857119441032,-0.1392857134342193,-0.7285714149475098,0.0578571446239948,-0.0750000029802322,-0.0825000032782554,-1.0,-0.147928774356842,-0.1068706959486007,-0.8534759283065796,0.0091959182173013,-0.0128357680514454,0.0249423272907733,-1.0039118528366089,519.6910421364009,0.24971448630094523,0.032415017485618605,0.12490451335906982,0.0486612264066935,0.062164234928786796,0.10744233056902869,0.003911852836608887,0.28108574400812997,0.13332727199560232,0.003911852836608887,0.08988766598382163,0.9513201685624488,True
9,50,2405,257,256,0.1953125,correct,put both the cream cheese box and the butter in the basket,2026080816,7190050,sha256:982da0b4826c3305,mps:0,0.0,0.0,-0.3401785790920257,0.0,0.0,-0.0,1.0,-0.1399251520633697,-0.0534708201885223,-0.4400115013122558,0.0155078889802098,-0.0462870374321937,0.0482391491532325,-0.9970176815986632,528.7972500082105,0.1399251520633697,0.0534708201885223,0.0998329222202301,0.0155078889802098,0.0462870374321937,0.0482391491532325,1.9970176815986633,0.1800133027046083,0.06862943949865558,1.9970176815986633,0.34289723594806026,0.9466481788904116,True
9,50,2405,257,256,0.1953125,paraphrase,place the cream cheese box and the butter together inside the basket,2026080816,7190050,sha256:982da0b4826c3305,mps:0,0.0,0.0,-0.3401785790920257,0.0,0.0,-0.0,1.0,-0.2698451578617096,-0.0450441241264343,-0.4912214279174804,0.0197475291788578,-0.045516237616539,0.0495980456471443,-0.9895477890968324,503.3022090792656,0.2698451578617096,0.0450441241264343,0.1510428488254547,0.0197475291788578,0.045516237616539,0.0495980456471443,1.9895477890968323,0.31250491919494283,0.07015453604330435,1.9895477890968323,0.3671916760504246,0.8736448438507581,True
9,50,2405,257,256,0.1953125,contradictory,put the cream cheese box in the basket but leave the butter outside the basket,2026080816,7190050,sha256:982da0b4826c3305,mps:0,0.0,0.0,-0.3401785790920257,0.0,0.0,-0.0,1.0,-0.1385939121246338,-0.0290843769907951,-0.0912666469812393,0.0020725179929286,-0.0124339843168854,0.0085186166688799,1.0306894779205322,528.2010410446674,0.1385939121246338,0.0290843769907951,0.24891193211078638,0.0020725179929286,0.0124339843168854,0.0085186166688799,0.030689477920532227,0.28637619211463466,0.015214010870736335,0.030689477920532227,0.06718640258934877,0.541722685709879,True
9,50,2405,257,256,0.1953125,unrelated,open the top drawer of the cabinet,2026080816,7190050,sha256:982da0b4826c3305,mps:0,0.0,0.0,-0.3401785790920257,0.0,0.0,-0.0,1.0,-0.3412914276123047,-0.0166177377104759,-0.3400324881076813,-0.0006694833864457,-0.0529186874628067,0.1374102681875229,-1.0039141178131104,522.9952079243958,0.3412914276123047,0.0166177377104759,0.0001460909843444269,0.0006694833864457,0.0529186874628067,0.1374102681875229,2.0039141178131104,0.34169578444990345,0.14724950761940736,2.0039141178131104,0.3647096875938587,0.7053794987010071,True
9,52,2407,257,256,0.203125,correct,put both the cream cheese box and the butter in the basket,2026080816,7190052,sha256:a880f1ebf6037144,mps:0,0.018750000745058,0.0,-0.1258928626775741,-0.0064285714179277,0.0,-0.0,1.0,-0.3271688520908355,-0.0283770412206649,-0.4332124292850494,-0.00023258238798,0.0343220606446266,0.0432813763618469,-0.9937243461608888,557.4894999153912,0.3459188528358935,0.0283770412206649,0.3073195666074753,0.0061959890299477,0.0343220606446266,0.0432813763618469,1.9937243461608887,0.4635843237594929,0.05558481507325987,1.9937243461608887,0.39416274755162056,0.6995579524969611,True
9,52,2407,257,256,0.203125,paraphrase,place the cream cheese box and the butter together inside the basket,2026080816,7190052,sha256:a880f1ebf6037144,mps:0,0.018750000745058,0.0,-0.1258928626775741,-0.0064285714179277,0.0,-0.0,1.0,-0.537224531173706,-0.0579977333545684,-0.5983191132545471,0.0016769885551184,0.0112133016809821,0.0420183613896369,-0.990814745426178,506.40116701833904,0.555974531918764,0.0579977333545684,0.472426250576973,0.0081055599730461,0.0112133016809821,0.0420183613896369,1.990814745426178,0.7318865891999752,0.044237777192525085,1.990814745426178,0.4483643549028784,0.635886650662467,True
9,52,2407,257,256,0.203125,contradictory,put the cream cheese box in the basket but leave the butter outside the basket,2026080816,7190052,sha256:a880f1ebf6037144,mps:0,0.018750000745058,0.0,-0.1258928626775741,-0.0064285714179277,0.0,-0.0,1.0,-0.1693966090679168,-0.0100495219230651,-0.0876222625374794,-0.0223916955292224,0.0441857352852821,0.0141395181417465,1.0071898698806765,521.0637089330703,0.1881466098129748,0.0100495219230651,0.0382706001400947,0.0159631241112947,0.0441857352852821,0.0141395181417465,0.007189869880676492,0.19226226491457174,0.04906247555285404,0.007189869880676492,0.04542071132787634,0.3231325651504275,True
9,52,2407,257,256,0.203125,unrelated,open the top drawer of the cabinet,2026080816,7190052,sha256:a880f1ebf6037144,mps:0,0.018750000745058,0.0,-0.1258928626775741,-0.0064285714179277,0.0,-0.0,1.0,-0.4815346002578735,-0.0191751420497894,-0.3738947510719299,-0.0076091508381068,0.0409539751708507,0.1122223883867263,-0.9998326897621156,521.7379580717534,0.5002846010029315,0.0191751420497894,0.24800188839435577,0.0011805794201791,0.0409539751708507,0.1122223883867263,1.9998326897621155,0.5587103943193276,0.11946751150535968,1.9998326897621155,0.4173787520267069,0.4900065878619533,True
9,64,2419,257,256,0.25,correct,put both the cream cheese box and the butter in the basket,2026080816,7190064,sha256:658562511d64b630,mps:0,0.3401785790920257,0.2839285731315613,0.9375,-0.0621428564190864,0.0385714285075664,0.0299999993294477,1.0,0.015064813196659,0.5384727716445923,0.9514706134796144,-0.0279928650707006,0.010113475844264,-0.0017962942365556,1.0095733404159546,536.9999171234667,0.3251137658953667,0.254544198513031,0.013970613479614369,0.0341499913483858,0.028457952663302404,0.0317962935660033,0.00957334041595459,0.41314269667066056,0.05465419712535396,0.00957334041595459,0.09965802226880831,0.926130534308757,True
9,64,2419,257,256,0.25,paraphrase,place the cream cheese box and the butter together inside the basket,2026080816,7190064,sha256:658562511d64b630,mps:0,0.3401785790920257,0.2839285731315613,0.9375,-0.0621428564190864,0.0385714285075664,0.0299999993294477,1.0,-0.0323129966855049,0.620529055595398,0.9414706230163574,-0.0280768945813179,0.0103537440299987,0.001731030177325,1.014134645462036,512.0627081487328,0.3724915757775306,0.33660048246383667,0.003970623016357422,0.0340659618377685,0.028217684477567704,0.0282689691521227,0.01413464546203591,0.502061375398719,0.05249630549030598,0.01413464546203591,0.11682142031245994,0.8957999394865696,True
9,64,2419,257,256,0.25,contradictory,put the cream cheese box in the basket but leave the butter outside the basket,2026080816,7190064,sha256:658562511d64b630,mps:0,0.3401785790920257,0.2839285731315613,0.9375,-0.0621428564190864,0.0385714285075664,0.0299999993294477,1.0,0.0896816328167915,0.4439875483512878,0.926655650138855,-0.0329943150281906,0.0206599831581115,-0.0134412981569767,1.0102403163909912,529.5757499989122,0.2504969462752342,0.1600589752197265,0.01084434986114502,0.029148541390895802,0.017911445349454904,0.043441297486424404,0.010240316390991211,0.2974646122911388,0.05529560260117706,0.010240316390991211,0.07459169599626744,0.9586479889394441,True
9,64,2419,257,256,0.25,unrelated,open the top drawer of the cabinet,2026080816,7190064,sha256:658562511d64b630,mps:0,0.3401785790920257,0.2839285731315613,0.9375,-0.0621428564190864,0.0385714285075664,0.0299999993294477,1.0,0.0580670535564422,0.191226989030838,0.4097479283809662,-0.0404832251369953,0.0387522242963314,0.0090101882815361,-1.007091999053955,526.2249999213964,0.2821115255355835,0.09270158410072327,0.5277520716190338,0.0216596312820911,0.00018079578876499525,0.020989811047911602,2.007091999053955,0.6055598613126364,0.030161970794701173,2.007091999053955,0.42178391691829475,0.9692413575855542,True
9,83,2438,257,256,0.32421875,correct,put both the cream cheese box and the butter in the basket,2026080816,7190083,sha256:2e3e7311ab021fa7,mps:0,-0.3107142746448517,0.7848214507102966,0.1446428596973419,0.0,0.0,0.0514285713434219,1.0,-0.2188656330108642,0.8078930377960205,-0.025794044137001,-0.0013682071585208,-0.0481512024998664,-0.0052291969768702,0.9987706542015076,543.7737910542637,0.09184864163398748,0.023071587085723877,0.1704369038343429,0.0013682071585208,0.0481512024998664,0.0566577683202921,0.0012293457984924316,0.1949800227954132,0.07436741896857564,0.0012293457984924316,0.056109093761603716,0.9737455886869448,True
9,83,2438,257,256,0.32421875,paraphrase,place the cream cheese box and the butter together inside the basket,2026080816,7190083,sha256:2e3e7311ab021fa7,mps:0,-0.3107142746448517,0.7848214507102966,0.1446428596973419,0.0,0.0,0.0514285713434219,1.0,-0.2001165449619293,0.8192551732063293,-0.0536416955292224,-0.0014836865011602,-0.0505077764391899,-0.0042912876233458,1.0015994310379028,509.3234998639673,0.11059772968292239,0.034433722496032715,0.1982845552265643,0.0014836865011602,0.0505077764391899,0.055719858966767705,0.001599431037902832,0.22963950857234255,0.07521927605169698,0.001599431037902832,0.06466096576436287,0.9636547407621188,True
9,83,2438,257,256,0.32421875,contradictory,put the cream cheese box in the basket but leave the butter outside the basket,2026080816,7190083,sha256:2e3e7311ab021fa7,mps:0,-0.3107142746448517,0.7848214507102966,0.1446428596973419,0.0,0.0,0.0514285713434219,1.0,-0.1505788564682006,0.7705387473106384,0.0286427959799766,-0.0014268758241087,-0.0528098233044147,-0.0179851353168487,0.9887260794639589,521.6754169669002,0.16013541817665108,0.014282703399658203,0.11600006371736529,0.0014268758241087,0.0528098233044147,0.06941370666027061,0.011273920536041149,0.1982507567537797,0.08723059144806382,0.011273920536041149,0.060763215945501395,0.9745124139137433,True
9,83,2438,257,256,0.32421875,unrelated,open the top drawer of the cabinet,2026080816,7190083,sha256:2e3e7311ab021fa7,mps:0,-0.3107142746448517,0.7848214507102966,0.1446428596973419,0.0,0.0,0.0514285713434219,1.0,-0.1931365728378296,0.2283163964748382,-0.2532830834388733,-0.0018610034603625,-0.0311533622443676,0.0111031085252761,1.0226901769638062,539.7312908899039,0.1175777018070221,0.5565050542354584,0.3979259431362152,0.0018610034603625,0.0311533622443676,0.0403254628181458,0.022690176963806152,0.6941667289439029,0.05099155091292997,0.022690176963806152,0.16686267209505395,0.6035518117669175,True
9,98,2453,257,256,0.3828125,correct,put both the cream cheese box and the butter in the basket,2026080816,7190098,sha256:baa649ce7a0098b8,mps:0,-0.1419642865657806,0.8919642567634583,-0.0,0.0,0.0,0.004285714123398,1.0,-0.1206291541457176,0.7413225173950195,0.2491240799427032,0.0052448753267526,0.0039044586010277,0.0081976447254419,0.9905378222465516,536.8672080803663,0.02133513242006302,0.15064173936843872,0.2491240799427032,0.0052448753267526,0.0039044586010277,0.0039119306020439,0.009462177753448375,0.29190911037963274,0.007619495731052347,0.009462177753448375,0.06337491343063965,0.9491441973110054,True
9,98,2453,257,256,0.3828125,paraphrase,place the cream cheese box and the butter together inside the basket,2026080816,7190098,sha256:baa649ce7a0098b8,mps:0,-0.1419642865657806,0.8919642567634583,-0.0,0.0,0.0,0.004285714123398,1.0,-0.1229872480034828,0.7938525676727295,0.1193159595131874,0.0067862700670957,-0.0046681659296154,0.005383500829339,0.9849873185157776,512.2827501036227,0.018977038562297807,0.09811168909072876,0.1193159595131874,0.0067862700670957,0.0046681659296154,0.001097786705941,0.015012681484222412,0.15563524576195245,0.00830965524084615,0.015012681484222412,0.03770994162186978,0.9891404773820784,True
9,98,2453,257,256,0.3828125,contradictory,put the cream cheese box in the basket but leave the butter outside the basket,2026080816,7190098,sha256:baa649ce7a0098b8,mps:0,-0.1419642865657806,0.8919642567634583,-0.0,0.0,0.0,0.004285714123398,1.0,-0.0251496285200119,0.7265394926071167,0.2745331227779388,0.0043379329144954,0.00070380885154,-0.0010165269486606,0.979353368282318,520.9368329960853,0.11681465804576871,0.16542476415634155,0.2745331227779388,0.0043379329144954,0.00070380885154,0.0053022410720586,0.020646631717681996,0.3411443278624722,0.006886709610285142,0.020646631717681996,0.083966165647975,0.9284207587931205,True
9,98,2453,257,256,0.3828125,unrelated,open the top drawer of the cabinet,2026080816,7190098,sha256:baa649ce7a0098b8,mps:0,-0.1419642865657806,0.8919642567634583,-0.0,0.0,0.0,0.004285714123398,1.0,0.0301811099052429,0.0424088239669799,0.4362939298152923,-0.0017197162378579,0.0371669232845306,0.0043506557121872,1.014577865600586,526.1293749790639,0.1721453964710235,0.8495554327964784,0.4362939298152923,0.0017197162378579,0.0371669232845306,6.494158878920034e-05,0.014577865600585938,0.9704281859642417,0.037206744385754706,0.014577865600585938,0.21593202939922257,0.08452162155737693,True
9,105,2460,257,256,0.41015625,correct,put both the cream cheese box and the butter in the basket,2026080816,7190105,sha256:71cdd1c446d0be85,mps:0,-0.0241071432828903,0.8223214149475098,-0.1928571462631225,-0.0225000008940696,0.0,-0.0,1.0,-0.450650155544281,0.8423122763633728,-0.1977189183235168,-0.0101199317723512,-0.0297099277377128,-0.0029056915082037,0.9967545866966248,558.4107919130474,0.4265430122613907,0.019990861415863037,0.004861772060394287,0.012380069121718398,0.0297099277377128,0.0029056915082037,0.003245413303375244,0.42703888895127146,0.03231700729924553,0.003245413303375244,0.07137667820123687,0.8997234034297557,True
9,105,2460,257,256,0.41015625,paraphrase,place the cream cheese box and the butter together inside the basket,2026080816,7190105,sha256:71cdd1c446d0be85,mps:0,-0.0241071432828903,0.8223214149475098,-0.1928571462631225,-0.0225000008940696,0.0,-0.0,1.0,-0.3979180157184601,0.8638687133789062,-0.2469478547573089,-0.0082118567079305,-0.0383365228772163,-0.0073129865340888,0.996537148952484,515.7582079991698,0.37381087243556976,0.041547298431396484,0.0540907084941864,0.014288144186139098,0.0383365228772163,0.0073129865340888,0.00346285104751598,0.3799823036713583,0.04156103731437647,0.00346285104751598,0.07612134057230184,0.924465667442909,True
9,105,2460,257,256,0.41015625,contradictory,put the cream cheese box in the basket but leave the butter outside the basket,2026080816,7190105,sha256:71cdd1c446d0be85,mps:0,-0.0241071432828903,0.8223214149475098,-0.1928571462631225,-0.0225000008940696,0.0,-0.0,1.0,-0.3707444071769714,0.8266361355781555,-0.2066188156604766,-0.0035030036233365,-0.0474187731742858,-0.0211318861693143,0.9888333678245544,526.5375408343971,0.34663726389408106,0.004314720630645752,0.013761669397354098,0.018996997270733097,0.0474187731742858,0.0211318861693143,0.011166632175445557,0.3469371601294641,0.05528094217478085,0.011166632175445557,0.06620399181597994,0.9278720252119544,True
9,105,2460,257,256,0.41015625,unrelated,open the top drawer of the cabinet,2026080816,7190105,sha256:71cdd1c446d0be85,mps:0,-0.0241071432828903,0.8223214149475098,-0.1928571462631225,-0.0225000008940696,0.0,-0.0,1.0,-0.2145474553108215,0.1866315603256225,0.0336054861545562,-0.0046437690034508,-0.0012098420411348,-0.0158759206533432,1.002423882484436,533.1469171214849,0.1904403120279312,0.6356898546218872,0.2264626324176787,0.017856231890618798,0.0012098420411348,0.0158759206533432,0.002423882484436035,0.7011807381809889,0.023923912549733545,0.002423882484436035,0.15570838230529,0.6288942486787719,True
9,123,2478,257,256,0.48046875,correct,put both the cream cheese box and the butter in the basket,2026080816,7190123,sha256:63ab99deca0b7ea7,mps:0,-0.1285714358091354,-0.0723214298486709,-0.0348214283585548,0.0085714282467961,-0.0139285717159509,-0.01178571395576,1.0,-0.1061824038624763,0.1391583532094955,-0.0874405726790428,0.0183438714593648,0.0186362192034721,0.0239603593945503,0.9152711629867554,540.2050830889493,0.022389031946659116,0.2114797830581664,0.052619144320488004,0.009772443212568701,0.032564790919423,0.0357460733503103,0.08472883701324463,0.21907474008396766,0.04933303167183605,0.08472883701324463,0.06418572911726574,0.2236446955576768,True
9,123,2478,257,256,0.48046875,paraphrase,place the cream cheese box and the butter together inside the basket,2026080816,7190123,sha256:63ab99deca0b7ea7,mps:0,-0.1285714358091354,-0.0723214298486709,-0.0348214283585548,0.0085714282467961,-0.0139285717159509,-0.01178571395576,1.0,-0.1229450777173042,0.1400897949934005,-0.3160602748394012,0.0632180348038673,0.0143583305180072,0.0295182969421148,1.0055756568908691,512.8919999115169,0.005626358091831207,0.2124112248420714,0.2812388464808464,0.054646606557071195,0.0282869022339581,0.0413040108978748,0.005575656890869141,0.35248471330564624,0.07411087479208837,0.005575656890869141,0.0898699437135032,0.29994390538040083,True
9,123,2478,257,256,0.48046875,contradictory,put the cream cheese box in the basket but leave the butter outside the basket,2026080816,7190123,sha256:63ab99deca0b7ea7,mps:0,-0.1285714358091354,-0.0723214298486709,-0.0348214283585548,0.0085714282467961,-0.0139285717159509,-0.01178571395576,1.0,-0.0261278972029685,0.0335141122341156,0.1745605170726776,0.00570560246706,0.0130937192589044,-0.0035948606673628,-0.9993156790733336,548.4612921718508,0.10244353860616691,0.1058355420827865,0.2093819454312324,0.0028658257797361,0.027022290974855298,0.0081908532883972,1.9993156790733337,0.25600124929905727,0.028381459520637645,1.9993156790733337,0.3507222393195012,-0.1888638525253632,True
9,123,2478,257,256,0.48046875,unrelated,open the top drawer of the cabinet,2026080816,7190123,sha256:63ab99deca0b7ea7,mps:0,-0.1285714358091354,-0.0723214298486709,-0.0348214283585548,0.0085714282467961,-0.0139285717159509,-0.01178571395576,1.0,-0.0048749968409538,-0.1739967167377472,0.3739893138408661,0.0171272363513708,0.023007147014141,0.0311360340565443,-0.9939481019973756,528.1732499133795,0.12369643896818161,0.10167528688907629,0.4088107421994209,0.008555808104574701,0.036935718730091896,0.0429217480123043,1.9939481019973755,0.4390499925008841,0.05726888878669217,1.9939481019973755,0.3880776921287179,0.0030009709002434375,True
9,137,2492,257,256,0.53515625,correct,put both the cream cheese box and the butter in the basket,2026080816,7190137,sha256:b935f2236c2f5005,mps:0,0.0589285716414451,0.0,0.109821431338787,-0.0257142856717109,0.0171428564935922,-0.0,-1.0,-0.0192937850952148,-0.0295772701501846,0.0496533289551734,4.040304338559508e-05,0.0117865912616252,-0.0047285701148211,-1.0066276788711548,543.5787918977439,0.07822235673665989,0.0295772701501846,0.06016810238361359,0.025754688715096494,0.005356265231967,0.0047285701148211,0.006627678871154785,0.10302306803536425,0.026727381902787943,0.006627678871154785,0.03006213317192821,0.5683546622474206,True
9,137,2492,257,256,0.53515625,paraphrase,place the cream cheese box and the butter together inside the basket,2026080816,7190137,sha256:b935f2236c2f5005,mps:0,0.0589285716414451,0.0,0.109821431338787,-0.0257142856717109,0.0171428564935922,-0.0,-1.0,-0.0336940214037895,-0.0270521566271781,0.0109588950872421,0.000214818486711,0.0044654803350567,-0.0055982088670134,-1.016558289527893,511.23391604050994,0.0926225930452346,0.0270521566271781,0.0988625362515449,0.0259291041584219,0.0126773761585355,0.0055982088670134,0.016558289527893066,0.1381468964352531,0.029400242367062276,0.016558289527893066,0.039900037805117354,-0.14075503277977627,True
9,137,2492,257,256,0.53515625,contradictory,put the cream cheese box in the basket but leave the butter outside the basket,2026080816,7190137,sha256:b935f2236c2f5005,mps:0,0.0589285716414451,0.0,0.109821431338787,-0.0257142856717109,0.0171428564935922,-0.0,-1.0,0.0029018446803092,-0.0221578553318977,0.1584841012954712,-0.000145420897752,0.0275330506265163,-0.0119908265769481,-1.0054017305374146,526.0026250034571,0.0560267269611359,0.0221578553318977,0.048662669956684196,0.025568864773958897,0.0103901941329241,0.0119908265769481,0.005401730537414551,0.07744688589091335,0.030091575265301273,0.005401730537414551,0.025742695467280495,0.8811014574168524,True
9,137,2492,257,256,0.53515625,unrelated,open the top drawer of the cabinet,2026080816,7190137,sha256:b935f2236c2f5005,mps:0,0.0589285716414451,0.0,0.109821431338787,-0.0257142856717109,0.0171428564935922,-0.0,-1.0,0.0109436176717281,-0.1944353282451629,0.2448727190494537,-0.0019034114666283,0.0365761257708072,0.010360699146986,-1.0005275011062622,536.1962080933154,0.047984953969717,0.1944353282451629,0.1350512877106667,0.0238108742050826,0.019433269277214997,0.010360699146986,0.000527501106262207,0.2415502080098243,0.03243383683786691,0.000527501106262207,0.06165770195158464,0.706192965711657,True
9,149,2504,257,256,0.58203125,correct,put both the cream cheese box and the butter in the basket,2026080816,7190149,sha256:9beaa5aaad025a5a,mps:0,0.4741071462631225,-0.7124999761581421,0.0589285716414451,0.0,0.0,-0.0364285707473754,-1.0,0.4917133152484894,-0.4915675520896911,0.0620713457465171,-0.0066384207457304,-0.0393497608602047,-0.0732247456908226,-1.0115365982055664,560.569291934371,0.017606168985366877,0.22093242406845098,0.0031427741050720007,0.0066384207457304,0.0393497608602047,0.0367961749434472,0.011536598205566406,0.22165511548389463,0.05428103536430945,0.011536598205566406,0.04800033170197694,0.9802988793593121,True
9,149,2504,257,256,0.58203125,paraphrase,place the cream cheese box and the butter together inside the basket,2026080816,7190149,sha256:9beaa5aaad025a5a,mps:0,0.4741071462631225,-0.7124999761581421,0.0589285716414451,0.0,0.0,-0.0364285707473754,-1.0,0.3547076880931854,-0.4185169339179992,-0.00465027987957,-0.0018113455735147,-0.0589977838099002,-0.0717554464936256,-1.00774347782135,539.5041250158101,0.11939945816993708,0.2939830422401429,0.0635788515210151,0.0018113455735147,0.0589977838099002,0.0353268757462502,0.007743477821350098,0.32361169647708266,0.06878958945405485,0.007743477821350098,0.08297726212601575,0.9903238564118275,True
9,149,2504,257,256,0.58203125,contradictory,put the cream cheese box in the basket but leave the butter outside the basket,2026080816,7190149,sha256:9beaa5aaad025a5a,mps:0,0.4741071462631225,-0.7124999761581421,0.0589285716414451,0.0,0.0,-0.0364285707473754,-1.0,0.1069153994321823,-0.0288760513067245,0.2099447846412658,-0.006749119143933,-0.015923399478197,-0.0723758563399314,-0.9988923668861388,525.9932498447597,0.3671917468309402,0.6836239248514175,0.1510162129998207,0.006749119143933,0.015923399478197,0.03594728559255601,0.001107633113861195,0.7905550873650875,0.039891259714805095,0.001107633113861195,0.18022276028724654,0.4107370744235044,True
9,149,2504,257,256,0.58203125,unrelated,open the top drawer of the cabinet,2026080816,7190149,sha256:9beaa5aaad025a5a,mps:0,0.4741071462631225,-0.7124999761581421,0.0589285716414451,0.0,0.0,-0.0364285707473754,-1.0,0.1496198624372482,-0.1311263740062713,0.2564321160316467,-0.017870046198368,-0.0080754673108458,-0.0745693519711494,-1.007485270500183,531.7435830365866,0.32448728382587433,0.5813736021518707,0.19750354439020157,0.017870046198368,0.0080754673108458,0.038140781223774005,0.0074852705001831055,0.6944745587063845,0.042886721905272,0.0074852705001831055,0.16784799937158823,0.6446140812214428,True
9,166,2521,257,256,0.6484375,correct,put both the cream cheese box and the butter in the basket,2026080816,7190166,sha256:24264baf09880e94,mps:0,0.0830357149243354,-0.375,-0.5223214030265808,0.0825000032782554,0.0,-0.0,-1.0,0.0206499621272087,-0.4660788774490356,-0.6536230444908142,0.0232646707445383,0.0116830030456185,0.0751065164804458,-0.9977831244468688,545.648125000298,0.0623857527971267,0.09107887744903559,0.1313016414642334,0.05923533253371709,0.0116830030456185,0.0751065164804458,0.0022168755531312145,0.1715443532170113,0.09636548136325294,0.0022168755531312145,0.06185828561761547,0.994724758469,True
9,166,2521,257,256,0.6484375,paraphrase,place the cream cheese box and the butter together inside the basket,2026080816,7190166,sha256:24264baf09880e94,mps:0,0.0830357149243354,-0.375,-0.5223214030265808,0.0825000032782554,0.0,-0.0,-1.0,-0.1394711136817932,-0.2459486722946167,-0.8018621802330017,0.0244297571480274,0.0008283271454274,0.0636179819703102,-0.9939146041870116,535.0070837885141,0.2225068286061286,0.1290513277053833,0.2795407772064209,0.058070246130227994,0.0008283271454274,0.0636179819703102,0.006085395812988392,0.3798770591652636,0.0861399282647706,0.006085395812988392,0.10852869779669812,0.9060884394982326,True
9,166,2521,257,256,0.6484375,contradictory,put the cream cheese box in the basket but leave the butter outside the basket,2026080816,7190166,sha256:24264baf09880e94,mps:0,0.0830357149243354,-0.375,-0.5223214030265808,0.0825000032782554,0.0,-0.0,-1.0,-0.2197945713996887,-0.2153700590133667,-0.7361516952514648,0.0244312640279531,0.0131169352680444,0.0339600592851638,-0.993587613105774,537.383999908343,0.3028302863240241,0.1596299409866333,0.21383029222488403,0.058068739250302294,0.0131169352680444,0.0339600592851638,0.006412386894225963,0.4036227127497482,0.06853698341477764,0.006412386894225963,0.11254980574761111,0.8641511621143466,True
9,166,2521,257,256,0.6484375,unrelated,open the top drawer of the cabinet,2026080816,7190166,sha256:24264baf09880e94,mps:0,0.0830357149243354,-0.375,-0.5223214030265808,0.0825000032782554,0.0,-0.0,-1.0,-0.1976555585861206,-0.0081980153918266,-0.5419266819953918,4.9319176468998194e-05,0.0304996818304061,0.0651065707206726,-1.001628279685974,540.2857498265803,0.280691273510456,0.3668019846081734,0.019605278968811035,0.0824506841017864,0.0304996818304061,0.0651065707206726,0.001628279685973899,0.4622939042436761,0.10939475056699256,0.001628279685973899,0.12096910763232563,0.7211263701186851,True
9,173,2528,257,256,0.67578125,correct,put both the cream cheese box and the butter in the basket,2026080816,7190173,sha256:63206468ba5ed1fd,mps:0,0.0,0.0,-0.7526785731315613,0.0792857110500335,0.0182142853736877,0.0139285717159509,-1.0,-0.2807032763957977,0.2238287329673767,-0.7305964231491089,-0.025666706264019,-0.0468869917094707,0.0119043719023466,-1.000244140625,555.7867500465363,0.2807032763957977,0.2238287329673767,0.022082149982452393,0.1049524173140525,0.0651012770831584,0.0020241998136042993,0.000244140625,0.3596960556205257,0.12352037711570746,0.000244140625,0.099848027740206,0.8974920334621346,True
9,173,2528,257,256,0.67578125,paraphrase,place the cream cheese box and the butter together inside the basket,2026080816,7190173,sha256:63206468ba5ed1fd,mps:0,0.0,0.0,-0.7526785731315613,0.0792857110500335,0.0182142853736877,0.0139285717159509,-1.0,-0.3778888583183288,0.2215144336223602,-0.7188088893890381,-0.0194148477166891,-0.0513933487236499,-0.0056068585254251,-0.993567705154419,515.3238328639418,0.3778888583183288,0.2215144336223602,0.03386968374252319,0.0987005587667226,0.0696076340973376,0.019535430241376002,0.006432294845581055,0.43933562229915246,0.122346459124111,0.006432294845581055,0.11822127051917564,0.8539387095871842,True
9,173,2528,257,256,0.67578125,contradictory,put the cream cheese box in the basket but leave the butter outside the basket,2026080816,7190173,sha256:63206468ba5ed1fd,mps:0,0.0,0.0,-0.7526785731315613,0.0792857110500335,0.0182142853736877,0.0139285717159509,-1.0,-0.3633413016796112,0.2358924746513366,-0.6556740403175354,-0.0119014820083975,-0.0405407659709453,-0.0179068371653556,-0.9958081245422364,526.5037908684462,0.3633413016796112,0.2358924746513366,0.09700453281402588,0.091187193058431,0.058755051344633005,0.031835408881306496,0.004191875457763561,0.443927967681507,0.11305199465301793,0.004191875457763561,0.12602969112672968,0.8343431024047921,True
9,173,2528,257,256,0.67578125,unrelated,open the top drawer of the cabinet,2026080816,7190173,sha256:63206468ba5ed1fd,mps:0,0.0,0.0,-0.7526785731315613,0.0792857110500335,0.0182142853736877,0.0139285717159509,-1.0,-0.2339553534984588,0.888414740562439,-0.4674000144004822,-0.0197869576513767,-0.0209684893488883,0.0028891190886497,-1.0151541233062744,523.7070000730455,0.2339553534984588,0.888414740562439,0.2852785587310791,0.0990726687014102,0.039182774722576,0.0110394526273012,0.015154123306274414,0.9619769824433931,0.10711000435482183,0.015154123306274414,0.2245853817356484,0.45344917820287906,True
9,186,2541,257,256,0.7265625,correct,put both the cream cheese box and the butter in the basket,2026080816,7190186,sha256:9fa0ccc88b0d8cd2,mps:0,-0.4017857015132904,0.28125,-0.4205357134342193,-0.0696428567171096,0.0,0.1382142901420593,-1.0,-0.1205668374896049,-0.1657437086105346,-0.215139627456665,0.0159571133553981,0.0617749169468879,0.030215224251151,0.9710981249809264,539.9807079229504,0.2812188640236855,0.4469937086105346,0.2053960859775543,0.08559997007250769,0.0617749169468879,0.1079990658909083,1.9710981249809265,0.5666347828672985,0.1510208378784791,1.9710981249809265,0.451440105214715,0.48081139735550593,True
9,186,2541,257,256,0.7265625,paraphrase,place the cream cheese box and the butter together inside the basket,2026080816,7190186,sha256:9fa0ccc88b0d8cd2,mps:0,-0.4017857015132904,0.28125,-0.4205357134342193,-0.0696428567171096,0.0,0.1382142901420593,-1.0,-0.213003933429718,-0.2151220440864563,-0.2677149474620819,0.0239096451550722,0.050739612430334,0.0259811002761125,0.9817754626274108,528.7502910941839,0.18878176808357242,0.4963720440864563,0.1528207659721374,0.0935525018721818,0.050739612430334,0.1122331898659468,1.9817754626274109,0.5526101235261959,0.1546701903522807,1.9817754626274109,0.43946790641971994,0.5272652738407949,True
9,186,2541,257,256,0.7265625,contradictory,put the cream cheese box in the basket but leave the butter outside the basket,2026080816,7190186,sha256:9fa0ccc88b0d8cd2,mps:0,-0.4017857015132904,0.28125,-0.4205357134342193,-0.0696428567171096,0.0,0.1382142901420593,-1.0,-0.1235620155930519,-0.176347404718399,-0.1761624068021774,0.0107213743031024,0.0792178213596344,0.0118045359849929,0.9783787131309508,527.7105839923024,0.2782236859202385,0.457597404718399,0.2443733066320419,0.08036423102021199,0.0792178213596344,0.1264097541570664,1.978378713130951,0.5886612924308305,0.16944998906605724,1.978378713130951,0.4635092738483633,0.41243932506609227,True
9,186,2541,257,256,0.7265625,unrelated,open the top drawer of the cabinet,2026080816,7190186,sha256:9fa0ccc88b0d8cd2,mps:0,-0.4017857015132904,0.28125,-0.4205357134342193,-0.0696428567171096,0.0,0.1382142901420593,-1.0,-0.1777313947677612,-0.1107444018125534,-0.2169483304023742,0.0009830102790147,0.0614285320043563,0.0257292166352272,0.9865652918815612,524.3616660591215,0.2240543067455292,0.3919944018125534,0.2035873830318451,0.0706258669961243,0.0614285320043563,0.1124850735068321,1.9865652918815613,0.495285539818554,0.14633649372252255,1.9865652918815613,0.43582012228268596,0.6750282489344517,True
9,203,2558,257,256,0.79296875,correct,put both the cream cheese box and the butter in the basket,2026080816,7190203,sha256:29f717d135c3a953,mps:0,0.2919642925262451,0.0053571430034935,0.9375,-0.0364285707473754,0.01178571395576,-0.0,1.0,0.0871566012501716,0.1247981488704681,0.9190990924835204,-0.0024623561184853,0.0020792542491108,-0.0518234148621559,0.995266854763031,540.9947498701513,0.2048076912760735,0.11944100586697459,0.018400907516479603,0.0339662146288901,0.0097064597066492,0.0518234148621559,0.004733145236968994,0.23780441056839155,0.06271830214720224,0.004733145236968994,0.06326840558488456,0.9704737011627023,True
9,203,2558,257,256,0.79296875,paraphrase,place the cream cheese box and the butter together inside the basket,2026080816,7190203,sha256:29f717d135c3a953,mps:0,0.2919642925262451,0.0053571430034935,0.9375,-0.0364285707473754,0.01178571395576,-0.0,1.0,-0.0056802853941917,0.1652915775775909,0.9023648500442504,-0.0008334729936905,-0.0094482395797967,-0.0553949475288391,0.9939256310462952,517.089958069846,0.2976445779204368,0.1599344345740974,0.03513514995574962,0.0355950977536849,0.0212339535355567,0.0553949475288391,0.006074368953704834,0.3397142871449245,0.06918447787305619,0.006074368953704834,0.08728750431743848,0.9382549410663676,True
9,203,2558,257,256,0.79296875,contradictory,put the cream cheese box in the basket but leave the butter outside the basket,2026080816,7190203,sha256:29f717d135c3a953,mps:0,0.2919642925262451,0.0053571430034935,0.9375,-0.0364285707473754,0.01178571395576,-0.0,1.0,0.0372983664274215,0.0542364940047264,0.7207271456718445,-0.0032076286152005,0.0034548221156001,-0.0610540881752967,0.98920077085495,562.8034169785678,0.2546659260988236,0.048879351001232904,0.21677285432815552,0.0332209421321749,0.0083308918401599,0.0610540881752967,0.010799229145050049,0.3379857914819038,0.07000454583752873,0.010799229145050049,0.09053189753155622,0.9665320765016857,True
9,203,2558,257,256,0.79296875,unrelated,open the top drawer of the cabinet,2026080816,7190203,sha256:29f717d135c3a953,mps:0,0.2919642925262451,0.0053571430034935,0.9375,-0.0364285707473754,0.01178571395576,-0.0,1.0,-0.0702608153223991,0.0617340952157974,0.1740782260894775,-0.0083194877952337,0.0036699399352073,-0.0460263788700103,1.0008198022842407,559.7343330737203,0.3622251078486442,0.0563769522123039,0.7634217739105225,0.0281090829521417,0.008115774020552701,0.0460263788700103,0.0008198022842407227,0.8468755483407223,0.0545381873942359,0.0008198022842407227,0.1807278388712023,0.7370358561652923,True
9,209,2564,257,256,0.81640625,correct,put both the cream cheese box and the butter in the basket,2026080816,7190209,sha256:1131d93bde8cee4a,mps:0,0.09375,0.1848214268684387,0.9375,0.0,0.0653571411967277,-0.0,1.0,0.1576058268547058,0.2961467504501343,0.8779906630516052,-0.0044948598369956,-0.0185311622917652,-0.0235826540738344,1.0067366361618042,534.5217089634389,0.06385582685470581,0.11132532358169558,0.059509336948394775,0.0044948598369956,0.0838883034884929,0.0235826540738344,0.006736636161804199,0.14146467925918815,0.08725590409993965,0.006736636161804199,0.05048470584941761,0.9891388152682661,True
9,209,2564,257,256,0.81640625,paraphrase,place the cream cheese box and the butter together inside the basket,2026080816,7190209,sha256:1131d93bde8cee4a,mps:0,0.09375,0.1848214268684387,0.9375,0.0,0.0653571411967277,-0.0,1.0,0.0397031307220459,0.4554415047168731,0.8344036340713501,-0.0034282049164175,-0.0314919985830783,-0.0249173603951931,1.0078481435775757,506.0857501812279,0.0540468692779541,0.27062007784843445,0.1030963659286499,0.0034282049164175,0.096849139779806,0.0249173603951931,0.007848143577575684,0.29459319625737296,0.1000618974140571,0.007848143577575684,0.08011516596057582,0.9525402279704078,True
9,209,2564,257,256,0.81640625,contradictory,put the cream cheese box in the basket but leave the butter outside the basket,2026080816,7190209,sha256:1131d93bde8cee4a,mps:0,0.09375,0.1848214268684387,0.9375,0.0,0.0653571411967277,-0.0,1.0,0.2375261783599853,0.231738805770874,0.8645225167274475,-0.0085379788652062,-0.0143116181716322,-0.0360632613301277,1.0023874044418335,519.6331669576466,0.1437761783599853,0.0469173789024353,0.07297748327255249,0.0085379788652062,0.0796687593683599,0.0360632613301277,0.002387404441833496,0.16792421794271564,0.08786675776516069,0.002387404441833496,0.05576120636292863,0.9847964277489456,True
9,209,2564,257,256,0.81640625,unrelated,open the top drawer of the cabinet,2026080816,7190209,sha256:1131d93bde8cee4a,mps:0,0.09375,0.1848214268684387,0.9375,0.0,0.0653571411967277,-0.0,1.0,0.0896680802106857,0.0954531133174896,0.1606140434741974,-0.0096332477405667,-0.0151776643469929,-0.0259948223829269,-0.9999755024909972,527.8644999489188,0.004081919789314298,0.0893683135509491,0.7768859565258026,0.0096332477405667,0.0805348055437206,0.0259948223829269,1.9999755024909973,0.7820199146972655,0.08517267846390614,1.9999755024909973,0.42663922400346826,0.8876545728942776,True
9,228,2583,257,256,0.890625,correct,put both the cream cheese box and the butter in the basket,2026080816,7190228,sha256:abc06a69ae82f8de,mps:0,-0.3053571283817291,0.6401785612106323,-0.0535714291036129,0.0814285725355148,-0.0032142857089638,-0.0,1.0,-0.1630506217479705,0.0865401551127433,-0.3195806741714477,-0.0209242459386587,0.0118255317211151,0.0819939598441124,1.0015369653701782,558.6728330235928,0.14230650663375863,0.5536384060978891,0.2660092450678348,0.1023528184741735,0.0150398174300789,0.0819939598441124,0.0015369653701782227,0.6304978548722228,0.13200494312280558,0.0015369653701782227,0.1661253884168608,0.46592247359069866,True
9,228,2583,257,256,0.890625,paraphrase,place the cream cheese box and the butter together inside the basket,2026080816,7190228,sha256:abc06a69ae82f8de,mps:0,-0.3053571283817291,0.6401785612106323,-0.0535714291036129,0.0814285725355148,-0.0032142857089638,-0.0,1.0,-0.209442526102066,0.0761091634631156,-0.4215500056743622,-0.0012513226829469,0.0025707953609526,0.0653167441487312,1.014689564704895,517.4503331072628,0.09591460227966311,0.5640693977475167,0.3679785765707493,0.08267989521846171,0.0057850810699164,0.0653167441487312,0.01468956470489502,0.6802809193419634,0.10552587029971429,0.01468956470489502,0.17091912310570478,0.3988074098534727,True
9,228,2583,257,256,0.890625,contradictory,put the cream cheese box in the basket but leave the butter outside the basket,2026080816,7190228,sha256:abc06a69ae82f8de,mps:0,-0.3053571283817291,0.6401785612106323,-0.0535714291036129,0.0814285725355148,-0.0032142857089638,-0.0,1.0,-0.0474553108215332,0.0356290973722934,-0.0416016168892383,-0.0145223401486873,0.0017829283606261,0.0144013948738574,-0.9928386807441713,523.3799999114126,0.2579018175601959,0.604549463838339,0.011969812214374598,0.09595091268420211,0.0049972140695899,0.0144013948738574,1.9928386807441711,0.6573710353617074,0.09715425861845403,1.9928386807441711,0.4260870422835329,0.7668172470353474,True
9,228,2583,257,256,0.890625,unrelated,open the top drawer of the cabinet,2026080816,7190228,sha256:abc06a69ae82f8de,mps:0,-0.3053571283817291,0.6401785612106323,-0.0535714291036129,0.0814285725355148,-0.0032142857089638,-0.0,1.0,-0.0524229407310485,0.0068716257810592,-0.0549007728695869,-0.0231892652809619,0.0106575675308704,0.0426483750343322,-1.0053107738494873,526.1262089479715,0.25293418765068065,0.6333069354295732,0.0013293437659740032,0.10461783781647671,0.0138718532398342,0.0426483750343322,2.0053107738494873,0.6819495178534518,0.11382532317007131,2.0053107738494873,0.4362884723980512,0.4306545928804398,True
9,242,2597,257,256,0.9453125,correct,put both the cream cheese box and the butter in the basket,2026080816,7190242,sha256:d0b6df2d1391f536,mps:0,0.0,0.1017857119441032,0.1258928626775741,-0.0074999998323619,-0.0385714285075664,-0.0,-1.0,0.0256130322813987,0.0392748937010765,-0.097418189048767,0.0003628634731285,0.058084063231945,-0.0254683457314968,-0.9864238500595092,541.5189999621361,0.0256130322813987,0.0625108182430267,0.2233110517263411,0.0078628633054904,0.0966554917395114,0.0254683457314968,0.013576149940490834,0.23330549852754282,0.10026337984063093,0.013576149940490834,0.06499967899539372,-0.4722964181459524,True
9,242,2597,257,256,0.9453125,paraphrase,place the cream cheese box and the butter together inside the basket,2026080816,7190242,sha256:d0b6df2d1391f536,mps:0,0.0,0.1017857119441032,0.1258928626775741,-0.0074999998323619,-0.0385714285075664,-0.0,-1.0,-0.0109414309263229,0.0141573622822761,-0.1446927338838577,0.0004408230888657,0.0452734753489494,-0.0267231743782758,-0.991199553012848,513.0755421705544,0.0109414309263229,0.0876283496618271,0.2705855965614318,0.0079408229212276,0.0838449038565158,0.0267231743782758,0.008800446987151989,0.28463135393290184,0.08835809312239828,0.008800446987151989,0.070923532184679,-0.7106998867973953,True
9,242,2597,257,256,0.9453125,contradictory,put the cream cheese box in the basket but leave the butter outside the basket,2026080816,7190242,sha256:d0b6df2d1391f536,mps:0,0.0,0.1017857119441032,0.1258928626775741,-0.0074999998323619,-0.0385714285075664,-0.0,-1.0,0.055144365876913,0.013917751610279,-0.0088280290365219,0.0003045180346816,0.0709721893072128,-0.0385051518678665,-0.9891003966331482,590.8726661000401,0.055144365876913,0.0878679603338242,0.134720891714096,0.0078045178670435,0.1095436178147792,0.0385051518678665,0.010899603366851807,0.17003352082878992,0.1163759486468526,0.010899603366851807,0.06349801554876774,0.0327594270179826,True
9,242,2597,257,256,0.9453125,unrelated,open the top drawer of the cabinet,2026080816,7190242,sha256:d0b6df2d1391f536,mps:0,0.0,0.1017857119441032,0.1258928626775741,-0.0074999998323619,-0.0385714285075664,-0.0,-1.0,0.0775925070047378,-0.0062149763107299,-0.034986738115549,-0.001346664270386,0.0929859280586242,-0.02962576597929,-0.9960853457450868,535.8008330222219,0.0775925070047378,0.1080006882548331,0.1608796007931231,0.0061533355619759,0.1315573565661906,0.02962576597929,0.003914654254913219,0.20872707480859445,0.13499217612543976,0.003914654254913219,0.0739605583450091,-0.3645819275479425,True
9,256,2611,257,256,1.0,correct,put both the cream cheese box and the butter in the basket,2026080816,7190256,sha256:edc258eef2f04081,mps:0,0.0321428589522838,0.0,0.0026785715017467,0.0096428571268916,-0.063214287161827,-0.0278571434319019,-1.0,-0.0001085698604583,-0.1629426628351211,0.0830802097916603,0.0472160950303077,-0.0266495160758495,-0.0423895567655563,-1.004127860069275,571.1653751786798,0.032251428812742094,0.1629426628351211,0.08040163828991359,0.0375732379034161,0.036564771085977506,0.0145324133336544,0.004127860069274902,0.18453966910115946,0.05440516270003075,0.004127860069274902,0.0526277160471571,0.03713076578075774,True
9,256,2611,257,256,1.0,paraphrase,place the cream cheese box and the butter together inside the basket,2026080816,7190256,sha256:edc258eef2f04081,mps:0,0.0321428589522838,0.0,0.0026785715017467,0.0096428571268916,-0.063214287161827,-0.0278571434319019,-1.0,-0.0347256064414978,-0.1559757590293884,0.0046090334653854,0.0518542826175689,-0.0371571891009807,-0.0456097945570945,-1.0088982582092283,564.2972090281546,0.0668684653937816,0.1559757590293884,0.0019304619636386997,0.0422114254906773,0.0260570980608463,0.017752651125192597,0.008898258209228294,0.16971610339713278,0.052687127681060424,0.008898258209228294,0.045670588467536175,-0.21407904608980727,True
9,256,2611,257,256,1.0,contradictory,put the cream cheese box in the basket but leave the butter outside the basket,2026080816,7190256,sha256:edc258eef2f04081,mps:0,0.0321428589522838,0.0,0.0026785715017467,0.0096428571268916,-0.063214287161827,-0.0278571434319019,-1.0,-0.0070934444665908,-0.1542055457830429,0.168442040681839,0.0445592366158962,-0.0062407916411757,-0.0557242631912231,-1.0039430856704712,564.3379997927696,0.039236303418874595,0.1542055457830429,0.1657634691800923,0.0349163794890046,0.056973495520651306,0.027867119759321202,0.003943085670471191,0.22977459731407113,0.07239964856366504,0.003943085670471191,0.06898648554592259,0.03028473192188981,True
9,256,2611,257,256,1.0,unrelated,open the top drawer of the cabinet,2026080816,7190256,sha256:edc258eef2f04081,mps:0,0.0321428589522838,0.0,0.0026785715017467,0.0096428571268916,-0.063214287161827,-0.0278571434319019,-1.0,-0.0329280793666839,-0.2670686542987823,0.1238025054335594,0.0574586987495422,-0.0337605886161327,-0.0501675084233284,-1.0138401985168457,554.499999852851,0.0650709383189677,0.2670686542987823,0.1211239339318127,0.0478158416226506,0.029453698545694303,0.0223103649914265,0.013840198516845703,0.3003845876435599,0.06042869727334612,0.013840198516845703,0.0809548043180257,-0.07607283205679613,True
