episode_id,frame_index,global_index,task_progress,comparison_condition,comparison_label,noise_seed,noise_id,translation_language_distance,rotation_language_distance,gripper_language_difference,full_action_language_distance,signed_diff_x,signed_diff_y,signed_diff_z,signed_diff_roll,signed_diff_pitch,signed_diff_yaw,signed_diff_gripper
0,0,0,0.0,paraphrase,Paraphrase,7100000,sha256:eb82f8a65a178801,0.19775342972553414,0.01144603655346143,0.007564783096313588,0.19822879877628583,0.17944392561912542,-0.06094899773597712,-0.0564935058355331,0.0012877334374934,-0.008130088448524496,-0.0079533110838383,-0.007564783096313588
0,0,0,0.0,contradictory,Contradictory,7100000,sha256:eb82f8a65a178801,0.2994808609360676,0.010969408406065048,0.005149364471435547,0.29972592470830245,-0.17656576633453372,0.239739827811718,0.032220043241977706,0.0020114594371989,0.005721710622310701,-0.0091402395628392,-0.005149364471435547
0,0,0,0.0,unrelated,Unrelated,7100000,sha256:eb82f8a65a178801,0.3004567682105943,0.031212051726885816,0.0005258321762086071,0.3020740608460682,-0.1443113386631012,-0.2627532184123993,-0.020230010151863098,-0.0009072450920940001,0.004281181842088699,0.0309037305414676,-0.0005258321762086071
0,13,13,0.0505836575875486,paraphrase,Paraphrase,7100013,sha256:5bac18bc2b7d1d9a,0.11241583394795039,0.016128058028404266,0.005148530006408691,0.113683513928835,0.02213263511657715,0.05383080244064331,-0.09617541730403899,0.0006397659890354001,-0.011610354296863001,-0.011176073923707005,-0.005148530006408691
0,13,13,0.0505836575875486,contradictory,Contradictory,7100013,sha256:5bac18bc2b7d1d9a,0.07902904792657676,0.010933414323781256,0.0020929574966430664,0.07980921272659809,-0.028758525848388672,0.07267558574676514,0.0116960182785988,2.5012530386499948e-05,-0.0054237323347479,-0.009493263438343998,0.0020929574966430664
0,13,13,0.0505836575875486,unrelated,Unrelated,7100013,sha256:5bac18bc2b7d1d9a,0.3943972610305185,0.05849804086546335,0.01879483461380005,0.3991546894396112,-0.38069641590118414,-0.026120662689208984,-0.09968525171279909,-0.00925036938861,-0.016070504672825302,0.0554814413189887,0.01879483461380005
0,27,27,0.1050583657587548,paraphrase,Paraphrase,7100027,sha256:6357e83ab1d4d19b,0.3301870285073889,0.02201177239016133,0.001474618911743164,0.33092320320465657,-0.23768720030784607,0.1481976211071015,-0.1748305857181549,-4.2569357901800324e-05,-0.0219444120302796,0.0017202012240887,-0.001474618911743164
0,27,27,0.1050583657587548,contradictory,Contradictory,7100027,sha256:6357e83ab1d4d19b,0.5980319507188989,0.033900518502906686,0.015204370021820068,0.5991849731954048,-0.47637431323528295,0.2865009903907776,-0.22051510214805603,-0.0027386939618737,-0.030280807055532898,0.0149939132388681,0.015204370021820068
0,27,27,0.1050583657587548,unrelated,Unrelated,7100027,sha256:6357e83ab1d4d19b,0.540365716729515,0.08203329628854936,0.023000001907348633,0.5470407385234718,-0.5282079949975015,0.07295498251914978,-0.08757278323173523,-0.0097942054271697,-4.9937050789599854e-05,0.08144650235772119,0.023000001907348633
0,42,42,0.1634241245136186,paraphrase,Paraphrase,7100042,sha256:b1476c39145043fc,0.11673337663578928,0.010548971389559634,0.003379225730895996,0.1172577553286397,-0.11515650153160101,0.017472743988037095,-0.007769465446472168,0.0009316659998148996,-0.0027590245008467934,-0.0101390620693565,-0.003379225730895996
0,42,42,0.1634241245136186,contradictory,Contradictory,7100042,sha256:b1476c39145043fc,0.20764132795958695,0.018218150075229828,0.007791996002197266,0.208584604586922,-0.1723514199256897,0.00525847822427751,0.1156817078590393,0.0015256849583238999,0.009944401681423201,-0.015188224148005199,0.007791996002197266
0,42,42,0.1634241245136186,unrelated,Unrelated,7100042,sha256:b1476c39145043fc,0.20348623909914654,0.0668675043207658,2.7418136596901732e-05,0.21419130091709346,-0.15136748552322393,0.1068128943443299,0.08417564630508423,-0.0045362629462033,0.021434437483549104,0.0631763432174921,-2.7418136596901732e-05
0,53,53,0.2062256809338521,paraphrase,Paraphrase,7100053,sha256:a36ab5aa7b125337,0.1879712786516244,0.00937901550541093,0.0027735233306884766,0.18822555607951658,-0.16961494088172913,-0.01967038214206701,-0.07859420776367188,0.0012679463834501,-0.0077596371993422005,-0.0051133427768945,0.0027735233306884766
0,53,53,0.2062256809338521,contradictory,Contradictory,7100053,sha256:a36ab5aa7b125337,0.3189421493666916,0.029892151988814643,2.0254781246185303,2.0506533760490497,0.08516886830329898,0.036677643656730596,0.3051640689373017,-0.0137700492632575,0.0234250463545322,-0.012457676231861,2.0254781246185303
0,53,53,0.2062256809338521,unrelated,Unrelated,7100053,sha256:a36ab5aa7b125337,0.18493259510786456,0.04536271032770579,0.011451601982116477,0.1907589563023491,-0.18120023608207703,0.02051730453968051,0.030750274658203125,-0.0031610185396857,0.0004355749115348001,0.045250345021486296,0.011451601982116477
0,76,76,0.2957198443579766,paraphrase,Paraphrase,7100076,sha256:e07fb71def398fe0,0.08929484106766285,0.002736139609692501,0.0036808252334594727,0.0894125470818395,0.007550925016403198,0.044916629791259766,-0.07680526375770569,-0.0003545812796802001,-0.002160973846912405,-0.0016404036432504003,0.0036808252334594727
0,76,76,0.2957198443579766,contradictory,Contradictory,7100076,sha256:e07fb71def398fe0,0.14183991359028467,0.02146705853475084,0.006821811199188232,0.14361731371067768,0.08610213547945021,-0.056063055992126465,0.09778505563735962,-4.584039561460001e-05,0.012519855052232697,-0.0174380540847777,-0.006821811199188232
0,76,76,0.2957198443579766,unrelated,Unrelated,7100076,sha256:e07fb71def398fe0,0.8593472372422968,0.04943468139337669,2.0169140100479126,2.1929121245065852,0.15856797248125082,-0.7528367415070533,-0.3828455470502376,-7.138866931200006e-05,0.0492958948016165,0.0037009976804256994,-2.0169140100479126
0,81,81,0.3151750972762646,paraphrase,Paraphrase,7100081,sha256:f12d6efbcf1788aa,0.055923192927792624,0.0052256524971899055,0.004533529281616211,0.05634947949189747,0.0068743675947190025,0.030269086360931396,-0.04651805013418199,-0.0016990308649837997,-0.004813365638256101,-0.0011190394870937,0.004533529281616211
0,81,81,0.3151750972762646,contradictory,Contradictory,7100081,sha256:f12d6efbcf1788aa,0.06428271039075556,0.013577447587861193,0.006487369537353516,0.06602045063233855,0.0471517145633698,-0.016455769538879395,0.04047456383705131,0.0005549755878745998,-0.0018795579671860019,-0.0134352650493382,-0.006487369537353516
0,81,81,0.3151750972762646,unrelated,Unrelated,7100081,sha256:f12d6efbcf1788aa,1.1068455102956345,0.04305982349170234,1.9974491596221924,2.2840237033218687,0.1211651191115379,-0.9977586269378661,-0.4635770916938782,-0.004602804780006401,-0.008498281240463298,0.0419611940160394,-1.9974491596221924
0,95,95,0.3696498054474708,paraphrase,Paraphrase,7100095,sha256:245f686859a37d64,0.04334356003739198,0.0066822629596677285,0.0015527009963989258,0.04388311423954969,0.03659126162528986,0.007893502712249756,-0.02185031771659851,0.0024047698825598006,-0.004188079386949501,-0.0046184100210667,0.0015527009963989258
0,95,95,0.3696498054474708,contradictory,Contradictory,7100095,sha256:245f686859a37d64,0.13753691136882448,0.01639429650000376,0.0004907846450805664,0.13851142846773967,0.11103495955467219,-0.02874547243118286,0.07590347528457639,0.006695285905152601,-0.004335705190896901,-0.014322980307042599,0.0004907846450805664
0,95,95,0.3696498054474708,unrelated,Unrelated,7100095,sha256:245f686859a37d64,1.023330067530983,0.08584254070298868,2.023375988006592,2.2690579009247345,0.18737047910690308,-1.005239486694336,-0.03987862914800641,0.0061182598583401,0.0852973535656929,0.007474634796381,-2.023375988006592
0,114,114,0.4435797665369649,paraphrase,Paraphrase,7100114,sha256:09314ed5e6d9d815,0.09326768056703598,0.02749634740553227,0.008401155471801869,0.09759861050374521,0.038460835814476096,0.0005488544702529907,-0.08496659994125372,0.0213968129828572,-0.013764964416623102,-0.0104283876717091,0.008401155471801869
0,114,114,0.4435797665369649,contradictory,Contradictory,7100114,sha256:09314ed5e6d9d815,0.1262442298536445,0.030559123469137955,0.002774834632873535,0.12991984184789343,0.058006197214126594,-0.0757812261581421,0.082644373178482,-0.0028267586603760997,-0.015619987621903402,-0.026112936437129995,-0.002774834632873535
0,114,114,0.4435797665369649,unrelated,Unrelated,7100114,sha256:09314ed5e6d9d815,0.873292508361467,0.029104735167061323,0.010219097137451283,0.8738371248211606,0.2178546115756034,-0.5222024470567703,0.6651945412158965,-0.0060250533279030995,-0.0022194692865014,-0.028387643396854498,0.010219097137451283
0,128,128,0.4980544747081712,paraphrase,Paraphrase,7100128,sha256:d418642eb340f5fc,0.08455451327503302,0.005484092201085042,0.012544870376587136,0.08565579230392484,-0.0132036283612251,0.013239137828350095,-0.0824612341821194,0.00017013080650940006,-0.004932795651257,-0.0023903660476207976,-0.012544870376587136
0,128,128,0.4980544747081712,contradictory,Contradictory,7100128,sha256:d418642eb340f5fc,0.09986786363863874,0.011797607516407625,0.003927469253540039,0.10063895242695266,0.0349659696221351,0.001825947314500899,0.0935288034379481,-2.213992411269995e-05,0.005505395121872399,-0.0104342550039292,0.003927469253540039
0,128,128,0.4980544747081712,unrelated,Unrelated,7100128,sha256:d418642eb340f5fc,0.1082471127646851,0.01562382754135145,0.00116455554962136,0.10937503187912906,0.0479278527200221,-0.0502011775970459,0.0830674432218073,-0.0005810949951409,0.0144651229493319,-0.005875928327441198,-0.00116455554962136
0,139,139,0.5408560311284046,paraphrase,Paraphrase,7100139,sha256:e9eb12ec54db9a06,0.09070177280270994,0.017322825035048416,0.005534768104553223,0.09250689441722974,-0.0483700707554817,0.058339357376098716,-0.0498364046216011,0.0012791404151357999,-0.015238385647535303,0.00813852995634079,-0.005534768104553223
0,139,139,0.5408560311284046,contradictory,Contradictory,7100139,sha256:e9eb12ec54db9a06,0.09538954656015412,0.008649183999977519,0.001284956932067871,0.095789483196928,-0.0332578942179679,0.0834396481513977,0.0321076810359955,0.0009932618122548,0.008275769650936196,0.0023094266653060913,-0.001284956932067871
0,139,139,0.5408560311284046,unrelated,Unrelated,7100139,sha256:e9eb12ec54db9a06,0.19929688890016686,0.024335567089630764,0.0037200450897217907,0.20081162438048486,-0.06562463939189911,-0.16346034407615656,0.09323825687170031,-0.0032547274604440004,0.024050258100032793,-0.0017921105027198098,0.0037200450897217907
0,141,141,0.5486381322957199,paraphrase,Paraphrase,7100141,sha256:5cd54132bdc70b74,0.05901085319573081,0.012695988843148787,0.0013453960418701172,0.06037614610177542,-0.0264660865068435,0.027537755668163202,-0.0449833199381828,-0.0001042349031195,-0.011654596775770198,0.005034644156694398,-0.0013453960418701172
0,141,141,0.5486381322957199,contradictory,Contradictory,7100141,sha256:5cd54132bdc70b74,0.06886793903810047,0.009911373131610675,0.0020226240158081055,0.06960689155980794,-0.014046922326087903,0.0429229848086833,0.0519912913441657,2.6215915568099965e-05,0.007871226407587601,-0.006023157387971902,-0.0020226240158081055
0,141,141,0.5486381322957199,unrelated,Unrelated,7100141,sha256:5cd54132bdc70b74,0.06604032658167779,0.010389279943925701,0.01296699047088623,0.06809849274866492,0.005529474467039101,0.0157211571931839,0.063903011381626,-0.0022278264514171,0.009809874929487702,-0.0025962051004171025,-0.01296699047088623
0,156,156,0.6070038910505836,paraphrase,Paraphrase,7100156,sha256:267889625d077da4,0.32351471561439377,0.02897814217178359,0.007769286632537842,0.3249028558778281,-0.2085060179233551,0.15453308820724487,-0.19314900040626531,0.005118483677506402,-0.028516933321952792,-0.0005642361938953001,-0.007769286632537842
0,156,156,0.6070038910505836,contradictory,Contradictory,7100156,sha256:267889625d077da4,0.5757357892906854,0.01887410413865911,0.004306137561798096,0.57606117183673,-0.3849288821220397,0.3608498871326447,-0.23041009902954113,-0.005593894049525299,-0.010431244969367995,-0.0147013361565767,-0.004306137561798096
0,156,156,0.6070038910505836,unrelated,Unrelated,7100156,sha256:267889625d077da4,0.8074018548926133,0.08934217563655598,0.02591615915298462,0.8127431494246805,-0.6081044077873229,0.5030517578125,0.1704280301928519,-0.0321689201518892,0.026069582439959,0.0791679341346026,-0.02591615915298462
0,169,169,0.6575875486381323,paraphrase,Paraphrase,7100169,sha256:4902698f89371e4e,0.15266043280377553,0.018263829612426192,0.006894409656524436,0.15390356753649273,-0.14572903513908392,0.002660393714904813,-0.045400202274322565,9.816698729990005e-05,-0.015519496053457302,-0.009628243744373297,-0.006894409656524436
0,169,169,0.6575875486381323,contradictory,Contradictory,7100169,sha256:4902698f89371e4e,0.17135371267598085,0.017685960166624933,0.007700443267822155,0.17243603121557569,-0.1706611812114716,0.007975116372108515,-0.013162583112716675,0.0010935147292912002,-0.012893646955490105,-0.012056171894073497,-0.007700443267822155
0,169,169,0.6575875486381323,unrelated,Unrelated,7100169,sha256:4902698f89371e4e,0.24152801306215935,0.06619861966950405,0.013369500637054443,0.2507923082695848,0.0267339944839477,0.21623212844133372,0.10423406958580012,-0.008552437648177,0.0588005632162094,0.029182303231209402,-0.013369500637054443
0,191,191,0.7431906614785992,paraphrase,Paraphrase,7100191,sha256:4e179b9d1881514c,0.23151398838779247,0.011958046892494453,0.005928337574005127,0.23189839777604623,-0.1118117272853852,0.0031592100858688996,-0.2026989981532097,0.0055741965770721,-0.010459635406732497,0.0015872130170465001,0.005928337574005127
0,191,191,0.7431906614785992,contradictory,Contradictory,7100191,sha256:4e179b9d1881514c,0.39143770199367495,0.004772853223747151,0.014916956424713135,0.39175090332883894,-0.1483883932232856,-0.0038230493664741013,-0.3622012473642825,0.0029769674874841993,-0.0024108774960040977,0.0028470093384385994,0.014916956424713135
0,191,191,0.7431906614785992,unrelated,Unrelated,7100191,sha256:4e179b9d1881514c,0.49021245066897906,0.010085601928480847,0.008078396320343018,0.49038273485539285,-0.1606290191411971,0.0187821090221404,-0.4627675414085387,-0.0008922033011913005,-0.0029401145875453984,0.009606199339032201,0.008078396320343018
0,196,196,0.7626459143968871,paraphrase,Paraphrase,7100196,sha256:659d6cd84b993457,0.12447685920100422,0.012518916166352895,0.0007838010787963867,0.12510725831324865,-0.1047640852630139,0.0347021594643592,-0.05757373571395874,0.00048417225480075694,-0.012234793044626699,-0.0026074275374412953,-0.0007838010787963867
0,196,196,0.7626459143968871,contradictory,Contradictory,7100196,sha256:659d6cd84b993457,0.5513624186954,0.003494926606334364,0.007250547409057617,0.5514211654437616,-0.1310148760676384,-0.0497889518737793,-0.5332510471343994,-0.0008689794340170431,-0.003385111689567499,-2.0138919353498985e-05,-0.007250547409057617
0,196,196,0.7626459143968871,unrelated,Unrelated,7100196,sha256:659d6cd84b993457,0.6840507688438355,0.00975643846166698,1.9906415343284607,2.104916711093545,-0.1638681292533874,-0.006131745874881699,-0.6641047298908234,-0.0018273958703502432,-0.006925031542778,0.0066251531243324,-1.9906415343284607
0,212,212,0.8249027237354085,paraphrase,Paraphrase,7100212,sha256:2d7b5f488a91b599,0.2183067741830347,0.015431542917361745,0.01017487049102761,0.219087900534288,-0.029307223856449197,0.0768730640411377,-0.2022114396095276,0.0047064959071576,-0.014589583268389099,-0.0017679007723928,-0.01017487049102761
0,212,212,0.8249027237354085,contradictory,Contradictory,7100212,sha256:2d7b5f488a91b599,0.11887671887067523,0.005881493082061908,0.006780147552490123,0.1192150856694128,0.10713682323694229,-0.02341383695602417,0.04588210582733154,-5.191052332520008e-05,-0.0038648080080747986,-0.004433116875588901,-0.006780147552490123
0,212,212,0.8249027237354085,unrelated,Unrelated,7100212,sha256:2d7b5f488a91b599,0.6449298845211837,0.03381280434197563,0.011142075061798207,0.6459117645024426,0.2633424028754233,-0.5865003466606141,0.05101644992828369,-0.0026707114302554,0.033633161336183506,-0.002232374623417901,0.011142075061798207
0,221,221,0.8599221789883269,paraphrase,Paraphrase,7100221,sha256:c18750e28cb0d952,0.07589119002991496,0.012071412271156948,0.00524216890335083,0.07702384081041506,0.026821784675121293,-0.01819789409637451,-0.06862143427133559,0.0080401860177517,-0.0083612045273183,-0.003341356292367,0.00524216890335083
0,221,221,0.8599221789883269,contradictory,Contradictory,7100221,sha256:c18750e28cb0d952,0.40994712846664955,0.026156664243068554,0.004689455032348633,0.41080750992511894,0.1182962507009505,-0.3690170496702194,-0.13374999910593027,0.022965205833315797,0.0031338734552264994,-0.0121222622692584,-0.004689455032348633
0,221,221,0.8599221789883269,unrelated,Unrelated,7100221,sha256:c18750e28cb0d952,0.7046702025298315,0.033153007916925825,2.0036900639533997,2.124248829269526,0.1456273868679999,-0.6267668083310127,0.2872562035918235,-0.0156986359506846,0.020190304145217,-0.021095648407936,-2.0036900639533997
0,241,241,0.9377431906614786,paraphrase,Paraphrase,7100241,sha256:a91e6b02da5296b8,0.28221866065995205,0.021776228513504088,2.0661072731018066,2.0854066367299096,-0.024757988750934587,0.12374772131443021,-0.2524300217628479,0.019690502842422502,-0.002699178643524699,0.0088995876722037,2.0661072731018066
0,241,241,0.9377431906614786,contradictory,Contradictory,7100241,sha256:a91e6b02da5296b8,0.2045964165031825,0.015101443334758517,0.05476421117782604,0.21233668091657218,0.0741267278790474,-0.0679896026849747,0.1781637892127036,-0.0006160602206364,-0.000844346359372198,-0.015065229497849901,0.05476421117782604
0,241,241,0.9377431906614786,unrelated,Unrelated,7100241,sha256:a91e6b02da5296b8,0.13624756941283359,0.0075668002462684954,0.04872500896453835,0.1448957664511499,0.0606825277209282,-0.07207804173231129,0.0984163954854011,-0.0013186915894039,0.002991270273923801,-0.0068242084234953,0.04872500896453835
0,257,257,1.0,paraphrase,Paraphrase,7100257,sha256:471c4bc442003180,0.05311523195742496,0.014338608162371357,0.005894720554351807,0.055331467361158765,-0.0334092453122139,0.016659036278724587,-0.037782624363899196,0.005994503386318699,-0.0123433023691178,0.004159867763519301,-0.005894720554351807
0,257,257,1.0,contradictory,Contradictory,7100257,sha256:471c4bc442003180,0.055010686274023564,0.013681309960302208,0.0035869479179382324,0.0567998243125356,-0.016870126128196702,0.02760146558284758,0.044494196772575406,-0.001064626500010499,0.010436952114105204,-0.008781505748629601,0.0035869479179382324
0,257,257,1.0,unrelated,Unrelated,7100257,sha256:471c4bc442003180,0.3189352836467162,0.04063433280522934,0.010465264320373646,0.3216836736836869,0.0909142941236496,-0.2665195167064667,0.1497386172413826,0.009036325849592701,0.039390847086906405,0.004225515760481401,0.010465264320373646
1,0,258,0.0,paraphrase,Paraphrase,7110000,sha256:1100a948a22e2328,0.21163232726209127,0.03806968674148779,0.0030497312545777477,0.21505079365510152,0.15587538480758673,-0.04447886347770699,-0.1360615193843842,0.0019515941385179,-0.023699801415204995,-0.029728971421718597,-0.0030497312545777477
1,0,258,0.0,contradictory,Contradictory,7110000,sha256:1100a948a22e2328,0.21242382563246567,0.006298412079671567,0.0011429786682130016,0.21252025336728148,-0.12036842107772827,0.1670807898044586,-0.05214723944663999,0.0005340051720849999,-0.005864508450031294,0.0022343620657920976,-0.0011429786682130016
1,0,258,0.0,unrelated,Unrelated,7110000,sha256:1100a948a22e2328,0.3754416502419875,0.02293045997115447,0.0011104941368101917,0.3761428876479569,-0.19941272586584088,-0.31133976578712474,-0.0652575492858887,0.00175228290027,0.0088350959122181,0.0210873559117317,-0.0011104941368101917
1,24,282,0.095617529880478,paraphrase,Paraphrase,7110024,sha256:7e9dc6c0733dec32,0.0944033110634591,0.011335185601411824,0.005796492099761963,0.09525791774453858,0.016636312007904053,0.03820157051086426,-0.0847104378044604,0.009578683413565199,-0.005880237556993901,-0.0014690347015857991,-0.005796492099761963
1,24,282,0.095617529880478,contradictory,Contradictory,7110024,sha256:7e9dc6c0733dec32,0.19317204787858536,0.015174629256854835,0.0010998845100403942,0.19377027429568472,0.06308579444885254,0.1822485327720642,0.011004313826561002,-0.008846237324178201,0.0060899751260877,-0.0107203386723995,0.0010998845100403942
1,24,282,0.095617529880478,unrelated,Unrelated,7110024,sha256:7e9dc6c0733dec32,0.3805658946123176,0.07215552213454603,0.008116304874420166,0.38743088921948016,-0.3713798820972443,0.0007634758949279785,-0.0831071622669696,-0.0032166298478842007,0.011797391809523,0.0711118429899216,0.008116304874420166
1,32,290,0.1274900398406374,paraphrase,Paraphrase,7110032,sha256:92dc72fac1c9766d,0.3636679713796979,0.02338912096142642,0.002748548984527699,0.3644296899379815,-0.17709010839462286,0.2105387002229691,-0.23783805966377264,0.0194266978651285,-0.011303685605525898,0.0064715594053269,-0.002748548984527699
1,32,290,0.1274900398406374,contradictory,Contradictory,7110032,sha256:92dc72fac1c9766d,0.5303509080449776,0.014784140087844518,0.0006298422813414417,0.5305573043164787,-0.34951877593994146,0.3149750828742981,-0.24474355578422552,0.0100720766931773,-0.007050111889839197,0.0082109677605331,-0.0006298422813414417
1,32,290,0.1274900398406374,unrelated,Unrelated,7110032,sha256:92dc72fac1c9766d,0.6328970138532504,0.11423563247390663,0.008177757263183594,0.643175936727215,-0.5925746783614159,0.08010122179985049,-0.20735880732536321,0.004407147876918299,0.006920874118805001,0.1139405909925699,0.008177757263183594
1,45,303,0.1792828685258964,paraphrase,Paraphrase,7110045,sha256:3d9b185f15a743da,0.15399014682886206,0.011192757326244446,0.0018593072891235352,0.15440757805410357,-0.15153217315673834,-0.003517746925354004,-0.027177035808563232,0.008171882480382999,-0.0037914738059044023,-0.006642505526542594,0.0018593072891235352
1,45,303,0.1792828685258964,contradictory,Contradictory,7110045,sha256:3d9b185f15a743da,0.24226140567084717,0.0412972649026789,0.007662773132324219,0.24587551902972019,-0.2349357306957245,0.008393153548240703,0.058526456356048584,-0.0009630043059587028,0.004151273518800701,-0.04107680171728129,0.007662773132324219
1,45,303,0.1792828685258964,unrelated,Unrelated,7110045,sha256:3d9b185f15a743da,0.24583951444581473,0.14037909656449232,0.026020169258117676,0.2842893012820533,-0.2430135309696198,0.030951038002967807,0.02057969570159912,-0.007550150156021101,-0.006659083068370798,0.14001765102148062,0.026020169258117676
1,53,311,0.2111553784860557,paraphrase,Paraphrase,7110053,sha256:3636b05450547aa4,0.12351345503811251,0.002832442837786877,0.00361478328704834,0.1235987984006863,-0.11989283561706551,-0.011351525783538798,-0.027430355548858643,0.00032876466866578973,-0.0009138220921158001,0.0026607471518219,0.00361478328704834
1,53,311,0.2111553784860557,contradictory,Contradictory,7110053,sha256:3636b05450547aa4,0.17937956477208258,0.009972133698356886,0.0029218196868896484,0.17968029591082707,-0.1578367650508881,-0.0163127481937409,0.083656907081604,0.0006991010159253001,0.0034380191937088997,-0.009334598667919601,0.0029218196868896484
1,53,311,0.2111553784860557,unrelated,Unrelated,7110053,sha256:3636b05450547aa4,0.17164380896093176,0.06112150084502265,0.0035240650177001953,0.18223571015147916,-0.1398142874240876,0.09871718287467951,0.012979984283447266,-0.0037883485783823,0.0105256251990795,0.0600890796631574,0.0035240650177001953
1,64,322,0.2549800796812749,paraphrase,Paraphrase,7110064,sha256:cee87adbbefe914a,0.230728440806165,0.017799103893109035,0.03510749340057395,0.23406186701193557,-0.1551367416977882,-0.025933034718036596,-0.16880664229393,0.0044200103147886,-0.0165152624249457,0.004951536655426095,0.03510749340057395
1,64,322,0.2549800796812749,contradictory,Contradictory,7110064,sha256:cee87adbbefe914a,0.12008353553019628,0.03285171440533412,0.0010480880737306908,0.12450055876746836,0.006753250956535395,-0.010842025279998696,0.1194022595882416,-0.0081308333319612,0.00013422593474389857,-0.0318293366581201,0.0010480880737306908
1,64,322,0.2549800796812749,unrelated,Unrelated,7110064,sha256:cee87adbbefe914a,0.28670268604151405,0.0782782177385645,2.0376663208007812,2.0592255691112467,-0.127313919365406,0.1668497174978257,-0.1953222155570984,-0.0007672312785871001,-0.0179921966046094,0.0761785507202149,-2.0376663208007812
1,87,345,0.3466135458167331,paraphrase,Paraphrase,7110087,sha256:9fbcb2df8e332182,0.11519799951190202,0.004551053116904481,0.004116773605346236,0.11536134101567448,0.0058123022317886006,0.06817054748535156,-0.09267994761466986,0.00012729526497420006,-0.0032400838099421003,-0.003193389624357201,0.004116773605346236
1,87,345,0.3466135458167331,contradictory,Contradictory,7110087,sha256:9fbcb2df8e332182,0.12736498726762502,0.019285192250896525,0.0012265443801877662,0.12882260295830422,0.0804369375109671,-0.0332910418510437,0.09297013282775879,-0.0027234826120547,0.0047473711892961,-0.018492261879146002,0.0012265443801877662
1,87,345,0.3466135458167331,unrelated,Unrelated,7110087,sha256:9fbcb2df8e332182,0.9252007738509178,0.04593902370455746,0.0110126733779905,0.9264060366859638,0.19025570899248112,-0.9053840041160583,0.00889056921005249,0.0100063330028206,0.0079881218262015,0.044118670746684095,0.0110126733779905
1,91,349,0.3625498007968127,paraphrase,Paraphrase,7110091,sha256:978a27db81ba5a7d,0.04564551602903662,0.003850469969679423,0.0037485361099242054,0.045960752555978104,0.013230457901954693,0.00802081823348999,-0.0429433882236481,-0.0006074472912588001,-0.0038014901801943,7.615238428120008e-05,0.0037485361099242054
1,91,349,0.3625498007968127,contradictory,Contradictory,7110091,sha256:978a27db81ba5a7d,0.09395923463781598,0.013507048473648134,0.0025044679641722523,0.09495815126663537,0.0575128346681595,-0.0392727255821228,0.0630734860897064,-0.0005828738794662001,-0.0027740104123949,-0.0132062667980789,0.0025044679641722523
1,91,349,0.3625498007968127,unrelated,Unrelated,7110091,sha256:978a27db81ba5a7d,0.8726488454496892,0.042995414042008226,0.0050601959228515625,0.8737220488668562,0.1710159927606582,-0.851446434855461,-0.0854898020625114,0.040109163557644795,0.015468860976398002,0.0007582660764456003,-0.0050601959228515625
1,107,365,0.4262948207171315,paraphrase,Paraphrase,7110107,sha256:2f689176417a4236,0.05581309631231543,0.008411709829190369,0.008533179759979359,0.05708479428914864,0.0107779428362846,0.012990415096282959,-0.053199499845504594,-0.0005996130639686,-0.008356500416994098,-0.0007524807006119997,0.008533179759979359
1,107,365,0.4262948207171315,contradictory,Contradictory,7110107,sha256:2f689176417a4236,0.10008809227086725,0.010018323201762394,0.0022602081298828125,0.10061362509614191,0.0842377245426177,-0.02993398904800415,0.04500653594732291,-0.0008626387570984,-0.006005864590406397,-0.0079719661734998,0.0022602081298828125
1,107,365,0.4262948207171315,unrelated,Unrelated,7110107,sha256:2f689176417a4236,0.8076483183382783,0.07774930693301503,2.0126481652259827,2.1700445612546133,0.0751887932419776,-0.7631553113460541,-0.2534490525722503,0.0079539625439793,0.0758188031613827,-0.015270831529051,-2.0126481652259827
1,119,377,0.4741035856573705,paraphrase,Paraphrase,7110119,sha256:cee94ad1bf070f86,0.14753120515987414,0.03561477755609578,0.007145524024963379,0.15193724819768978,-0.023460477590560913,0.09776103496551514,-0.10797148942947388,0.0242865066975356,-0.024594515562057398,-0.008584158495068602,0.007145524024963379
1,119,377,0.4741035856573705,contradictory,Contradictory,7110119,sha256:cee94ad1bf070f86,0.05744260477937613,0.04737647388345658,0.01041567325592041,0.07518423618580922,0.02681267261505127,-0.017677068710327204,0.04762619733810433,0.0156254246830941,-0.0347973043099045,-0.028098469600081402,0.01041567325592041
1,119,377,0.4741035856573705,unrelated,Unrelated,7110119,sha256:cee94ad1bf070f86,0.9608990576625392,0.0375555007756223,0.02006542682647694,0.9618420015828963,0.20020201802253718,-0.686607301235199,0.6417293548583984,-4.5143067836699025e-05,-0.0271111577749252,-0.025988434441387702,0.02006542682647694
1,132,390,0.5258964143426295,paraphrase,Paraphrase,7110132,sha256:61fd27d8c1b60fb1,0.12019973480151352,0.02208410360830738,0.006234467029571422,0.12237055388319304,-0.0385241284966468,-0.004651308059692411,-0.11376393586397171,0.0169686132576317,-0.014027409255504608,-0.0017336625605821991,0.006234467029571422
1,132,390,0.5258964143426295,contradictory,Contradictory,7110132,sha256:61fd27d8c1b60fb1,0.15318638581636257,0.020267822035435725,0.0005758404731749378,0.1545224417416128,0.060418389737606104,-0.0290417671203613,0.1377398371696472,0.005275036208331599,-0.010544575750827803,-0.016485464060679,0.0005758404731749378
1,132,390,0.5258964143426295,unrelated,Unrelated,7110132,sha256:61fd27d8c1b60fb1,0.45801468356265346,0.015044239186984361,0.014043390750884899,0.45847682200466233,0.08636007457971581,-0.2194469571113586,0.3926352262496948,0.0108577851206064,-0.007827654480934212,-0.0068677114322782,0.014043390750884899
1,144,402,0.5737051792828686,paraphrase,Paraphrase,7110144,sha256:879b4edbb1a65d78,0.03545493872021343,0.006375152808536824,0.0038172006607053444,0.03622521599480635,-0.011069335043430299,0.0007995665073394984,-0.033673182129859903,-3.698270302260006e-05,-0.0062717869877814995,0.001142757013440198,-0.0038172006607053444
1,144,402,0.5737051792828686,contradictory,Contradictory,7110144,sha256:879b4edbb1a65d78,0.05638802049213458,0.013737909686663123,0.0007238388061521217,0.058041906931092416,-0.0074932649731635995,0.0097888261079788,0.055023983120918295,7.74980289862e-05,0.0104824230074882,-0.008879356086254103,-0.0007238388061521217
1,144,402,0.5737051792828686,unrelated,Unrelated,7110144,sha256:879b4edbb1a65d78,0.06781997985155098,0.016181861315224758,0.011950850486755149,0.07074054799085688,-0.0379081964492798,-0.0133515596389771,0.05462832748889929,-0.0003630763967521001,0.015156354755163201,-0.005657359957695004,-0.011950850486755149
1,162,420,0.6454183266932271,paraphrase,Paraphrase,7110162,sha256:530bdbefd1f2013b,0.38787692319726946,0.020408265512260614,0.007849574089050293,0.3884927549692258,-0.2001531422138213,0.20296841859817505,-0.2630419135093689,0.003647409379482297,-0.0196389965713024,-0.004183720797300297,0.007849574089050293
1,162,420,0.6454183266932271,contradictory,Contradictory,7110162,sha256:530bdbefd1f2013b,0.45893142709077556,0.023160480102220347,0.006046652793884277,0.45955524653750934,-0.312798261642456,0.23956841230392456,-0.2353343963623047,-0.0071066692471504,-0.005944952368736302,-0.0212264135479927,0.006046652793884277
1,162,420,0.6454183266932271,unrelated,Unrelated,7110162,sha256:530bdbefd1f2013b,0.5740963696235759,0.05387174282094284,0.0003376007080078125,0.5766185223037613,-0.4568033516407012,0.24791884422302246,0.2438310608267784,-0.0400949134491384,0.0347790503874421,0.0092184729874134,-0.0003376007080078125
1,173,431,0.6892430278884463,paraphrase,Paraphrase,7110173,sha256:b49a9de477117410,0.10625675334418988,0.004927153689348383,0.007826089859008789,0.10665843687776297,-0.1059979796409607,0.00017675757408149723,0.007409095764160156,0.0039257234893739,0.0026089549064635953,-0.0014348842669278,0.007826089859008789
1,173,431,0.6892430278884463,contradictory,Contradictory,7110173,sha256:b49a9de477117410,0.18384454586750162,0.02676363294624651,0.008675694465637207,0.18598488317110726,-0.1827985942363739,0.010178983211517396,0.01672959327697754,0.0026096203364431997,0.0245576575398445,-0.0103152017109096,0.008675694465637207
1,173,431,0.6892430278884463,unrelated,Unrelated,7110173,sha256:b49a9de477117410,0.24623070352563226,0.011063533385109597,0.007832050323486328,0.2466035322982233,-0.21768969297409058,0.1084187924861907,0.03855025768280029,-0.0068341700243763,0.008451543748378698,0.0020657442510127,-0.007832050323486328
1,183,441,0.7290836653386454,paraphrase,Paraphrase,7110183,sha256:ad3313c5e724f6a1,0.10910867346840981,0.019838491241029085,0.0012267827987669788,0.11090434327289357,-0.0895863920450211,-0.0444150380790234,-0.04366102814674383,0.0003339807153679,-0.0196459405124187,-0.002737008035182901,0.0012267827987669788
1,183,441,0.7290836653386454,contradictory,Contradictory,7110183,sha256:ad3313c5e724f6a1,0.19014172474576665,0.015210611125802583,1.9655901789665222,1.9748240402197255,-0.0321066007018089,-0.069924134761095,0.1738782823085785,-0.0016886093653739002,0.013977419584989603,-0.0057569984346628016,1.9655901789665222
1,183,441,0.7290836653386454,unrelated,Unrelated,7110183,sha256:ad3313c5e724f6a1,0.1626663231182605,0.019482906898596598,0.007858037948608398,0.16401727073218686,-0.12418233603239061,0.07042562589049339,-0.07796993851661688,-0.001966159325093,-0.007336281239986399,0.017941484227776597,-0.007858037948608398
1,194,452,0.7729083665338645,paraphrase,Paraphrase,7110194,sha256:060d2a57d3ec9bde,0.4030303410647551,0.022414713723439825,2.0165144205093384,2.0565179997588614,-0.1690292507410048,-0.009744249284267502,-0.3657425567507744,0.0155287720263005,-0.0156617825850845,0.0039981491863726945,-2.0165144205093384
1,194,452,0.7729083665338645,contradictory,Contradictory,7110194,sha256:060d2a57d3ec9bde,0.304705436620853,0.008956335716851643,0.00016868114471413342,0.3048370835530123,-0.0945931747555732,-0.020081862807273903,-0.2889537215232849,0.007477529346942895,-0.0004407092928886986,0.004910018295049598,0.00016868114471413342
1,194,452,0.7729083665338645,unrelated,Unrelated,7110194,sha256:060d2a57d3ec9bde,0.5076303889088216,0.030550100710809942,1.9972721934318545,2.060999304961856,-0.2118355557322501,0.05032382160425179,-0.4585649594664573,0.021686438471078893,-0.020075998269021497,-0.007743470370769501,-1.9972721934318545
1,210,468,0.8366533864541833,paraphrase,Paraphrase,7110210,sha256:ad799d2950fc866e,0.23920836998100503,0.009539716042135311,0.005803108215332031,0.23946884247453323,-0.04462017863988879,0.14127212762832642,-0.1878080666065216,0.0039107333868742,-0.0079291919246316,-0.0035833311267196998,0.005803108215332031
1,210,468,0.8366533864541833,contradictory,Contradictory,7110210,sha256:ad799d2950fc866e,0.27422790718317597,0.016296258790829528,0.00035703182220458984,0.2747119229308483,0.1835100203752516,-0.15233492851257324,0.13534802198410034,-0.0066641038283706,0.0051312679424882005,-0.0139580750837921,-0.00035703182220458984
1,210,468,0.8366533864541833,unrelated,Unrelated,7110210,sha256:ad799d2950fc866e,0.767395072083068,0.006874202871266318,2.007817029953003,2.1494817229024745,0.112348012626171,-0.40005812793970114,-0.6451562717556953,-0.006546578370034701,-0.0014338549226523,0.0015300447121262997,-2.007817029953003
1,223,481,0.8884462151394422,paraphrase,Paraphrase,7110223,sha256:e241a344e6f20c10,0.1787472543201292,0.025051432027062597,0.005579948425292747,0.18058042805913493,-0.0494512245059013,0.06756916642189031,-0.1579226553440094,0.018604114651680003,-0.015416122972965296,-0.006618482992053001,-0.005579948425292747
1,223,481,0.8884462151394422,contradictory,Contradictory,7110223,sha256:e241a344e6f20c10,0.24975308682702405,0.042289836423294494,2.000213921070099,2.0161896648596715,0.09735441952943791,-0.22704468667507166,0.03673461079597479,0.0060642845928669045,-0.024715855717658997,-0.0337754525244235,-2.000213921070099
1,223,481,0.8884462151394422,unrelated,Unrelated,7110223,sha256:e241a344e6f20c10,0.3508043813166722,0.02526038319154303,1.9935099482536316,2.0242983265062873,0.1657451093196868,-0.2878159321844578,0.11293476819992071,0.0134992823004722,-0.005942426621913896,-0.020507167093455802,-1.9935099482536316
1,226,484,0.900398406374502,paraphrase,Paraphrase,7110226,sha256:56242195aa890f9e,0.11299674817918529,0.029990149154575117,0.008650898933410645,0.11722846155153603,-0.009125716984272,0.02618220448493952,-0.10954213142395028,0.0215396690182387,-0.020494364202022497,-0.003928452730178798,-0.008650898933410645
1,226,484,0.900398406374502,contradictory,Contradictory,7110226,sha256:56242195aa890f9e,0.18589792893243479,0.0323742931497475,0.0003582239151002087,0.18869621925912483,0.0702731385827064,-0.1443280279636383,0.09375044703483582,-0.0039054660592229,-0.02112641930580131,-0.0242181047797203,0.0003582239151002087
1,226,484,0.900398406374502,unrelated,Unrelated,7110226,sha256:56242195aa890f9e,0.364025098228289,0.052065935158950825,0.021199524402618408,0.36834026874479625,0.0773091316223144,-0.223410151898861,0.2768130674958228,-0.0075309732928872,-0.03780171275138851,-0.0350025221705437,0.021199524402618408
1,251,509,1.0,paraphrase,Paraphrase,7110251,sha256:70dd9d2606f7b962,0.035243267065681,0.01052392891881027,0.005512714385986328,0.037191813255776425,-0.018727913498878507,0.0014465749263762873,-0.02982047200202939,0.007964782416820602,-0.006671786308288519,-0.0016740933060645918,-0.005512714385986328
1,251,509,1.0,contradictory,Contradictory,7110251,sha256:70dd9d2606f7b962,0.05305704710231572,0.027693866227965065,0.0016916990280151367,0.05987371977312885,-0.0012806579470635016,0.0038437694311141968,0.05290213227272039,-1.605227589599606e-05,0.027133226394653376,-0.005544185638427693,-0.0016916990280151367
1,251,509,1.0,unrelated,Unrelated,7110251,sha256:70dd9d2606f7b962,0.08980613752077306,0.018873620484264834,0.003010272979736328,0.09181730572172435,-0.021277278661727905,-0.08623073995113381,0.013292074203491211,0.010133430361747804,0.015082031488418579,0.005104847252369003,-0.003010272979736328
2,0,510,0.0,paraphrase,Paraphrase,7120000,sha256:41f7325164d8c6d3,0.10669049095937673,0.0040078170619139075,0.009858250617980957,0.10721990749856827,0.0979406349360943,-0.022043872624635703,-0.036118701100349496,0.00020060909446330006,-0.002578262239694599,-0.0030618486925959995,-0.009858250617980957
2,0,510,0.0,contradictory,Contradictory,7120000,sha256:41f7325164d8c6d3,0.14777489380547498,0.008882886714643143,0.004822731018066406,0.14812016625050492,-0.018298171460628496,0.1459661424160004,0.014017183333635302,0.00030806194990880005,-0.0011891573667525968,-0.0087975382339209,-0.004822731018066406
2,0,510,0.0,unrelated,Unrelated,7120000,sha256:41f7325164d8c6d3,0.19131956022057572,0.015511892657760741,0.0020772218704225853,0.19195860956862384,-0.0634381659328936,-0.179198309779167,-0.021604143083095606,-0.0015952311805448997,0.0049994774162769005,0.014597235247492799,-0.0020772218704225853
2,22,532,0.0897959183673469,paraphrase,Paraphrase,7120022,sha256:9b19536562290df4,0.31096387987081553,0.027155591042585317,0.008049488067627175,0.31225110883283347,-0.1680125892162323,0.1410975754261017,-0.22036737203598022,0.0014139613776933,-0.0270345322787761,0.0021356269717216006,-0.008049488067627175
2,22,532,0.0897959183673469,contradictory,Contradictory,7120022,sha256:9b19536562290df4,0.49193269551880736,0.034445655727429525,0.00858128070831321,0.49321183937278623,-0.3484982252120972,0.2594839334487915,-0.2306834459304809,0.0022720217239111003,-0.0341923274099826,0.0034965500235557,-0.00858128070831321
2,22,532,0.0897959183673469,unrelated,Unrelated,7120022,sha256:9b19536562290df4,0.5624302453076819,0.10335028703546237,0.005002260208130105,0.5718689406449362,-0.5516437292098998,-0.07359030842781067,-0.08124926686286921,-0.0011299734469503002,-0.015460330992936998,0.10218112915754299,-0.005002260208130105
2,31,541,0.1265306122448979,paraphrase,Paraphrase,7120031,sha256:d86c98c395a789de,0.24209547676593757,0.01347280504110025,0.00624668598175071,0.24255052552397555,-0.2185479216277599,0.059988871216774,-0.08513730764389038,0.0016778004355729,0.006456293165683802,0.011705457698553797,0.00624668598175071
2,31,541,0.1265306122448979,contradictory,Contradictory,7120031,sha256:d86c98c395a789de,0.341866032699943,0.012666700426303825,0.005040526390075906,0.3421377449507395,-0.3370261266827582,0.0560553520917893,0.011982142925262451,0.0015801335684954999,0.012260228395461994,0.0027632005512713987,0.005040526390075906
2,31,541,0.1265306122448979,unrelated,Unrelated,7120031,sha256:d86c98c395a789de,0.4498273308798651,0.16537124119551966,0.01581442356109619,0.47952306619558993,-0.44936031103134144,0.013355553150177002,-0.015542447566986084,-0.0029104554560034,0.009243153035640689,0.1650870703160762,0.01581442356109619
2,39,549,0.1591836734693877,paraphrase,Paraphrase,7120039,sha256:b519c81e16495423,0.1311863184048197,0.007122909297289288,0.003001689910888894,0.13141383532866424,-0.1263951882719993,0.010944247245788602,-0.03338158130645752,0.0020613335072994024,-0.0026989388279616998,0.006261187605559799,0.003001689910888894
2,39,549,0.1591836734693877,contradictory,Contradictory,7120039,sha256:b519c81e16495423,0.17132443095026562,0.01481304783060352,0.005817770957946777,0.17206200476974343,-0.1408887729048729,0.007470414042472895,0.0971936583518982,-0.007074527442455299,0.0058733378536998,-0.0116138430312275,0.005817770957946777
2,39,549,0.1591836734693877,unrelated,Unrelated,7120039,sha256:b519c81e16495423,0.17881505770998618,0.0994145481767327,0.007266879081726074,0.2047214810043099,-0.1471661552786827,0.06372696161270139,0.07909375429153442,-0.024937923066318,0.0107007795013486,0.0956391431391239,0.007266879081726074
2,60,570,0.2448979591836734,paraphrase,Paraphrase,7120060,sha256:8d523294b18e3765,0.10488669816844093,0.006361237495042203,0.00284057855606068,0.10511780858484024,-0.091488242149353,0.0428615510463715,-0.028178155422210804,0.003391372505575501,-0.003070328384637895,0.004420069977641102,0.00284057855606068
2,60,570,0.2448979591836734,contradictory,Contradictory,7120060,sha256:8d523294b18e3765,0.20745900382263355,0.018776480127403714,0.0029488205909727894,0.20832784263254878,-0.06365317106246948,-0.0337233096361159,-0.19455140829086315,-0.007226548157632299,0.0165804922580719,-0.005041873082518598,0.0029488205909727894
2,60,570,0.2448979591836734,unrelated,Unrelated,7120060,sha256:8d523294b18e3765,0.6687988205798441,0.01889121121819145,2.0073354840278625,2.115902759038717,-0.19511249661445618,-0.099226951599121,-0.6319628059864045,0.0070879347622395,0.0155001990497112,0.008147568441927402,-2.0073354840278625
2,63,573,0.2571428571428571,paraphrase,Paraphrase,7120063,sha256:16d7218b6bd3fb96,0.1430445247420842,0.005477076421775204,0.006179153919219971,0.14328264503412866,-0.092953622341156,0.10789626836776739,-0.013407289981842041,0.0020895316265524006,0.0036174058914184987,0.0035421177744865973,0.006179153919219971
2,63,573,0.2571428571428571,contradictory,Contradictory,7120063,sha256:16d7218b6bd3fb96,0.09686393666883539,0.02788149531542778,0.004854261875152366,0.10091364559047965,0.023018807172775324,-0.08820843696594233,-0.03274184465408325,0.0019089076668024002,0.012624450027942685,-0.0247862283140421,0.004854261875152366
2,63,573,0.2571428571428571,unrelated,Unrelated,7120063,sha256:16d7218b6bd3fb96,0.6915377385087609,0.0403556879193816,1.9928678274154663,2.109828240136362,-0.10027375817298889,-0.3507392443716526,-0.5874960422515869,0.002122606616467301,0.040020890533924186,-0.004733329638838699,-1.9928678274154663
2,75,585,0.3061224489795918,paraphrase,Paraphrase,7120075,sha256:b5bcf08a551918ce,0.049382956198879904,0.0052447441144658595,0.004310250282287598,0.04984738670444696,-0.008786410093307495,0.024624764919281006,-0.041893869638443076,-0.0032141637057066,-0.0041101197712122995,-0.0005323607474565003,0.004310250282287598
2,75,585,0.3061224489795918,contradictory,Contradictory,7120075,sha256:b5bcf08a551918ce,0.12321624496234299,0.016497889944367752,0.000635385513305553,0.12431744491416763,0.054176680743694305,-0.052290380001068115,0.09753382205963135,4.0542334318199175e-05,-0.00017649307847019974,-0.0164968960452823,-0.000635385513305553
2,75,585,0.3061224489795918,unrelated,Unrelated,7120075,sha256:b5bcf08a551918ce,1.1307923168554601,0.06226896836161419,0.009560108184814342,1.1325458418751377,0.1281469613313675,-1.11606964468956,-0.12906652688980108,0.051033601164817796,0.020919283851981198,0.028902933001518298,-0.009560108184814342
2,86,596,0.3510204081632653,paraphrase,Paraphrase,7120086,sha256:2044d658ac355c05,0.049149823337745445,0.005520212921485854,0.004472374916076549,0.04966064862866853,-0.0029985606670380194,0.02569371461868286,-0.041791707277297994,-0.0053085526451468,-0.0011020107194781,0.0010380712337791,0.004472374916076549
2,86,596,0.3510204081632653,contradictory,Contradictory,7120086,sha256:2044d658ac355c05,0.08170096626221009,0.010948562848976566,0.010928153991699219,0.08315253132829495,0.07392314821481699,-0.026679575443267822,0.022329717874527005,0.001026324927806901,-0.0027026077732444,-0.0105599998496473,-0.010928153991699219
2,86,596,0.3510204081632653,unrelated,Unrelated,7120086,sha256:2044d658ac355c05,0.689382015651959,0.08443743575677619,0.0014835596084593616,0.6945354166712087,0.14181256294250488,-0.6005329489707947,-0.3074035421013831,0.079273471608758,0.0288570150732993,0.0035594855435191,0.0014835596084593616
2,103,613,0.4204081632653061,paraphrase,Paraphrase,7120103,sha256:725d76a12d21e001,0.11273884018646364,0.028594338406767193,0.0048545002937316895,0.11640982969067325,0.03621178865432739,0.09980171918869019,-0.0379258394241333,0.015615910291671697,0.0009024739265442033,-0.023936688899993903,0.0048545002937316895
2,103,613,0.4204081632653061,contradictory,Contradictory,7120103,sha256:725d76a12d21e001,0.2537960763615581,0.046918196330873456,0.007282614707946777,0.25819915181977,0.15379205346107488,-0.1881544142961502,-0.0732008814811706,0.026075828820467,-0.012499410659074797,-0.036947706714272506,-0.007282614707946777
2,103,613,0.4204081632653061,unrelated,Unrelated,7120103,sha256:725d76a12d21e001,0.9364280416229426,0.030241229578803208,0.004758477210998535,0.9369283068674918,0.3951383531093598,-0.7030255198478699,0.4759393632411956,0.0043311901390551966,0.012198247015476199,-0.027330853044986704,-0.004758477210998535
2,112,622,0.4571428571428571,paraphrase,Paraphrase,7120112,sha256:a9554b97ec8e8120,0.153758408126361,0.016347198848348194,0.01637190580368042,0.15548928670292567,-0.035825781524181304,-0.0161358267068863,-0.1486532762646675,0.011046009836718499,-0.012049309909343699,-0.0001752357929944992,-0.01637190580368042
2,112,622,0.4571428571428571,contradictory,Contradictory,7120112,sha256:a9554b97ec8e8120,0.06872594491908453,0.014037382430456822,0.0030834078788756214,0.07021261293149152,0.004184804856777198,0.008847735822200801,0.06802543997764571,-0.0007621569093317,-0.0008665621280670027,-0.013989863917231497,0.0030834078788756214
2,112,622,0.4571428571428571,unrelated,Unrelated,7120112,sha256:a9554b97ec8e8120,0.2363542308644637,0.013918363050389994,0.00628429651260376,0.2368470723065687,0.0546811856329441,-0.1807637512683868,0.1421188116073607,0.0049576067831367,0.002354245632886897,-0.012790640816092498,-0.00628429651260376
2,127,637,0.5183673469387755,paraphrase,Paraphrase,7120127,sha256:14f5f2550b1ed20b,0.08255780116181302,0.022279496665045792,0.001440882682800293,0.0855233456269505,-0.0415122359991074,-0.016169078648090404,-0.06950601190328598,0.0189322042278946,-0.011585034430026899,-0.0019325092434882979,-0.001440882682800293
2,127,637,0.5183673469387755,contradictory,Contradictory,7120127,sha256:14f5f2550b1ed20b,0.08901156383900814,0.011191451331476369,0.004702627658843994,0.08983552630707047,0.024877220392227194,0.022044308483600603,0.08257257938385013,-0.003023684024810798,-0.0010964581742882,-0.0107193142175675,0.004702627658843994
2,127,637,0.5183673469387755,unrelated,Unrelated,7120127,sha256:14f5f2550b1ed20b,0.10047357313077307,0.02128182065673244,0.0010818243026733398,0.10270844722783022,0.0341064929962158,-0.0591901801526547,0.07367637753486642,0.012811335735023001,0.0161513555794955,-0.005283869802951799,-0.0010818243026733398
2,146,656,0.5959183673469388,paraphrase,Paraphrase,7120146,sha256:8e2624749b759c83,0.35410951388851464,0.03895627618902824,0.006524085998535156,0.35630563141633376,-0.22508439421653748,0.13591891527175903,-0.23718476295471191,0.0010676651727408002,-0.03668473660945891,-0.013064518570899991,0.006524085998535156
2,146,656,0.5959183673469388,contradictory,Contradictory,7120146,sha256:8e2624749b759c83,0.4746493682170346,0.03179680230349059,0.00400853157043457,0.47573009964780294,-0.35646259039640427,0.1926127672195435,-0.24723827838897705,0.0010148372966796,-0.0250449329614639,-0.019564203917980194,0.00400853157043457
2,146,656,0.5959183673469388,unrelated,Unrelated,7120146,sha256:8e2624749b759c83,0.5264860574943303,0.02686085432525249,0.005430817604064941,0.5271987936356213,-0.44469545036554325,0.1292542815208435,0.2504533007740975,-0.013726544333621898,0.022744618356227896,-0.003971122205257499,0.005430817604064941
2,149,659,0.6081632653061224,paraphrase,Paraphrase,7120149,sha256:ee6ce3eebfb5e9bc,0.2925150143010161,0.01494021840487949,0.004077255725860485,0.2929246792808063,-0.2286108955740928,0.09247213602066029,-0.15732449293136597,0.013952460139989797,-0.005275208503007903,0.0008433014154433996,0.004077255725860485
2,149,659,0.6081632653061224,contradictory,Contradictory,7120149,sha256:ee6ce3eebfb5e9bc,0.43199996619377296,0.04388259706698954,0.0051370859146120385,0.43425343149877216,-0.3850064575672149,0.12767865508794768,-0.14863431453704834,0.0403428627178073,0.0093488767743111,0.014516688883304603,-0.0051370859146120385
2,149,659,0.6081632653061224,unrelated,Unrelated,7120149,sha256:ee6ce3eebfb5e9bc,0.7520053273844345,0.05681349635334605,0.0029654502868652344,0.7541542147849245,-0.34767094254493713,0.6316023170948027,0.2138116955757141,0.009030751883983598,0.0419245650991796,0.0372632490471006,-0.0029654502868652344
2,167,677,0.6816326530612244,paraphrase,Paraphrase,7120167,sha256:85ddd5fa1c902331,0.07287263867533389,0.014384181922149656,0.005869925022125244,0.07451028235646834,-0.056059166789054905,-0.0463605299592018,-0.004300296306610107,0.007227590307593401,-0.010241255164146396,-0.0070557296276093015,-0.005869925022125244
2,167,677,0.6816326530612244,contradictory,Contradictory,7120167,sha256:85ddd5fa1c902331,0.13148108922485577,0.009484139625197171,0.0046381354331967994,0.13190427600529633,-0.007753089070320102,-0.0384652242064476,0.1254894137382508,-0.007268169894814502,0.0060885027050971985,0.00022966414690019782,0.0046381354331967994
2,167,677,0.6816326530612244,unrelated,Unrelated,7120167,sha256:85ddd5fa1c902331,0.22682653417284115,0.013429954975004288,0.024029433727264515,0.2284908181541366,0.07957040518522249,0.15986188501119603,0.13986781239509588,0.0006993133574723989,0.009848751127719893,0.0091036669909954,-0.024029433727264515
2,180,690,0.7346938775510204,paraphrase,Paraphrase,7120180,sha256:a296e5c5e3d3676e,0.1286382632812085,0.014998962556295261,0.012086272239685059,0.13007247838963648,-0.10062510520219808,-0.0377198308706283,-0.07070788741111761,0.011434592306613901,-0.0096963457763195,-0.0004470515996218005,0.012086272239685059
2,180,690,0.7346938775510204,contradictory,Contradictory,7120180,sha256:a296e5c5e3d3676e,0.0622211759567716,0.012175994215124076,0.002378225326538308,0.06344592601794109,-0.029777586460113595,-0.025581806898117,0.04827360808849329,0.0085010007023811,0.003436841070652001,-0.008010989055037502,0.002378225326538308
2,180,690,0.7346938775510204,unrelated,Unrelated,7120180,sha256:a296e5c5e3d3676e,0.2911671405522842,0.03892515814695432,2.01547110080719,2.0367663660476882,-0.2137499526143075,0.06277214735746381,-0.18748044967651367,0.0365007650107145,-0.0075784996151925,0.011199483647942498,-2.01547110080719
2,194,704,0.7918367346938775,paraphrase,Paraphrase,7120194,sha256:44fa8cb1291e7ece,0.1830290463269196,0.007098021514849559,0.008902549743652344,0.18338284843655675,-0.1329085230827331,0.1258367002010346,-0.0002849102020263672,0.0034227920696139006,-0.006213515996933001,0.00024212151765819895,0.008902549743652344
2,194,704,0.7918367346938775,contradictory,Contradictory,7120194,sha256:44fa8cb1291e7ece,0.0667166570222203,0.010285600347102204,0.003140568733215332,0.0675778741208166,0.04453733563423162,-0.024546116590499822,-0.04318594932556152,-0.0045249341055750986,0.0029595158994197013,-0.008749846369028102,-0.003140568733215332
2,194,704,0.7918367346938775,unrelated,Unrelated,7120194,sha256:44fa8cb1291e7ece,0.6427613944649966,0.017623944246760864,2.000979006290436,2.1017539811406234,-0.1416236758232117,-0.131655965000391,-0.6129858493804932,-0.0020437249913811996,0.0168437361717224,0.0047660414129495,-2.000979006290436
2,205,715,0.8367346938775511,paraphrase,Paraphrase,7120205,sha256:285882c46155890d,0.11828772479771675,0.011508354311301658,0.003390073776244895,0.11889457791246501,-0.015576511621475164,0.03314816951751709,-0.1124746948480607,-0.000491376791615,-0.011197078973054799,-0.002612697891891,0.003390073776244895
2,205,715,0.8367346938775511,contradictory,Contradictory,7120205,sha256:285882c46155890d,0.8114618381807959,0.005166471812482266,2.0221279859542847,2.178875535415981,0.04596230387687683,-0.5552559196949005,-0.5899564772844316,0.0050385891809128,0.0007549561560153996,0.0008573746308684001,-2.0221279859542847
2,205,715,0.8367346938775511,unrelated,Unrelated,7120205,sha256:285882c46155890d,0.7334092427623778,0.025725612046754793,2.0154709219932556,2.1449181713727,0.18642175197601324,-0.6140094250440599,-0.35514570772647863,6.563274655490008e-05,0.0253645011689513,-0.0042947512120009,-2.0154709219932556
2,217,727,0.8857142857142857,paraphrase,Paraphrase,7120217,sha256:0d96645364721fc6,0.19187831765258037,0.030796755107025457,1.999044954776764,2.0084686853741935,0.0012239217758178988,0.0338877290487289,-0.18885818123817444,0.027580915018916102,-0.013339377939701098,0.0031295763328671997,1.999044954776764
2,217,727,0.8857142857142857,contradictory,Contradictory,7120217,sha256:0d96645364721fc6,0.13148887972396836,0.02718061531402623,0.010559499263763428,0.13468338562946328,0.0018058717250823975,-0.03978341817855839,0.12531298398971558,-0.0019208062440156971,-0.008973494172096197,-0.0255846194922923,0.010559499263763428
2,217,727,0.8857142857142857,unrelated,Unrelated,7120217,sha256:0d96645364721fc6,0.27205289154890805,0.025166088575153393,0.014451265335083008,0.2735963210353519,-0.026086062192916898,-0.22341598570346838,0.15302807092666626,0.0036965217441320003,0.0200897492468357,-0.0146993100643156,0.014451265335083008
2,225,735,0.9183673469387756,paraphrase,Paraphrase,7120225,sha256:24df01371cb47e79,0.10577855950964309,0.015459370581195286,0.0050542354583742455,0.10702168512395288,-0.029317848384380396,-0.0205308422446251,-0.0995391979813576,0.0132958916947246,-0.0078469174914062,0.000798303633928299,-0.0050542354583742455
2,225,735,0.9183673469387756,contradictory,Contradictory,7120225,sha256:24df01371cb47e79,0.10210624134213989,0.011366309500917122,0.009708702564239391,0.10319465305029532,-0.00036878883838659116,-0.000484585762023898,0.1021044254302978,-0.0035722029861063004,-0.0016966043040156,-0.010656166821718202,0.009708702564239391
2,225,735,0.9183673469387756,unrelated,Unrelated,7120225,sha256:24df01371cb47e79,0.22198520739468838,0.017835630388530806,0.011209964752197266,0.2229825224612113,0.039604589343071,-0.07575485110282901,0.2048660814762115,0.004656760022044199,0.016424297355115497,-0.005163986235857003,0.011209964752197266
2,245,755,1.0,paraphrase,Paraphrase,7120245,sha256:67abb70802a45bb0,0.04615087944211452,0.007707292374081153,0.0003211498260498047,0.04679112272889944,-0.023040309548378,0.013546578586101497,-0.0376236364245415,0.0010718274861575006,-0.0076193884015083,0.0004454907029866999,-0.0003211498260498047
2,245,755,1.0,contradictory,Contradictory,7120245,sha256:67abb70802a45bb0,0.12377855240462927,0.012231633329386444,0.0022115707397460938,0.12440110101774426,-0.0178019851446151,0.0288865491747856,0.11903691291809088,-0.004710687324404699,0.0075205322355031,-0.0084180682897568,0.0022115707397460938
2,245,755,1.0,unrelated,Unrelated,7120245,sha256:67abb70802a45bb0,0.11221521676228662,0.013725100723201083,0.011408209800720215,0.11362561557028518,-0.0265114977955818,0.03568195551633829,0.1030349135398865,-0.009642801247536999,-0.0017667757347226,0.009605898056179299,-0.011408209800720215
3,0,756,0.0,paraphrase,Paraphrase,7130000,sha256:756b9c187ec8e24f,0.11556362676113835,0.0033361944631936373,0.06482696533203114,0.13254666143605542,0.11026639491319651,0.019120454788208008,-0.028821557760238703,0.00016100588254630002,-0.0005738595500588998,-0.0032825227826833994,-0.06482696533203114
3,0,756,0.0,contradictory,Contradictory,7130000,sha256:756b9c187ec8e24f,0.24267585809738623,0.009074193064679754,1.9762955904006954,1.9911600070612887,-0.039287216961383896,0.1429629921913147,0.1921188943088055,0.0002774309832602,-0.003915503621101399,-0.0081812494900077,1.9762955904006954
3,0,756,0.0,unrelated,Unrelated,7130000,sha256:756b9c187ec8e24f,0.18757668152205004,0.02109365174245931,0.06360030174255382,0.1991857223206539,-0.0588529631495476,-0.00456613302230835,-0.178046315908432,-0.0009564016945660999,0.0134474080987273,0.0162232751026749,-0.06360030174255382
3,22,778,0.0766550522648083,paraphrase,Paraphrase,7130022,sha256:e0aad1ccdcd98dc3,0.24544525119323032,0.017005961786359318,0.006923079490661621,0.24613106894340067,-0.09168791770935059,0.1543505191802978,-0.167369693517685,0.0027319239452482007,-0.0157980956137179,0.0056709349155426025,-0.006923079490661621
3,22,778,0.0766550522648083,contradictory,Contradictory,7130022,sha256:e0aad1ccdcd98dc3,0.36834591436043185,0.01475357022188845,0.0008504390716552734,0.36864224351928165,-0.24134224653244019,0.23699495196342463,-0.1458287537097931,-0.0012397158425300997,-0.0146464630961417,0.0012696683406830042,0.0008504390716552734
3,22,778,0.0766550522648083,unrelated,Unrelated,7130022,sha256:e0aad1ccdcd98dc3,0.5587761760785906,0.12080794222724864,0.013437509536743053,0.5718443324198855,-0.479229211807251,0.16782876849174494,-0.2332459688186646,-0.0057341333013027,-0.00013555400073530025,0.1206717044115066,0.013437509536743053
3,38,794,0.1324041811846689,paraphrase,Paraphrase,7130038,sha256:20f78d499b78c367,0.20240361750817343,0.014695859787584803,0.009663105010986328,0.20316635615609357,-0.163476787507534,0.09849441051483163,-0.06739002466201782,0.0051763802766800066,-0.011055901646613991,-0.0081817125901579,0.009663105010986328
3,38,794,0.1324041811846689,contradictory,Contradictory,7130038,sha256:20f78d499b78c367,0.29041793463785137,0.01159793158870855,0.015001535415649414,0.2910363118947164,-0.2572397589683532,0.13407945632934573,0.013891816139221191,-0.007258301600813897,0.008905425667762812,-0.001588228158652701,0.015001535415649414
3,38,794,0.1324041811846689,unrelated,Unrelated,7130038,sha256:20f78d499b78c367,0.40793404653037235,0.10848394437398007,0.01896101236343395,0.4225381314099677,-0.3934630751609802,0.09723582863807681,-0.0462837815284729,-0.014847418293356895,0.02540229260921481,0.10441764164716,0.01896101236343395
3,44,800,0.1533101045296167,paraphrase,Paraphrase,7130044,sha256:c1f2765665b50c8e,0.14427157937550186,0.020317978697324286,0.0003314018249511719,0.14569563720652803,-0.14220425486564636,0.011860568076372105,-0.02125006914138794,0.0012295231572350999,-0.009914148598909399,-0.017692320048809,-0.0003314018249511719
3,44,800,0.1533101045296167,contradictory,Contradictory,7130044,sha256:c1f2765665b50c8e,0.17090543170928876,0.010895890333604441,0.010524511337280273,0.17157550044452394,-0.15028825402259827,0.026765745133161503,0.07684856653213501,0.0003957052831537999,0.0005578249692917009,-0.0108744045719503,0.010524511337280273
3,44,800,0.1533101045296167,unrelated,Unrelated,7130044,sha256:c1f2765665b50c8e,0.18703076628523588,0.06329556617140396,0.009561419486999512,0.1976822120900297,-0.11750546097755432,0.13157511502504352,0.06213665008544922,-0.0117116884794086,0.03539186343550681,0.051152527332305894,-0.009561419486999512
3,71,827,0.2473867595818815,paraphrase,Paraphrase,7130071,sha256:f0d40877179d5471,0.0919215341902981,0.00636462964370367,0.0025557279586791992,0.0921770508521423,-0.07187251374125479,0.057220488786697415,0.0031186342239379883,0.0006719534285367004,-0.001994837075471899,-0.006006464362144505,-0.0025557279586791992
3,71,827,0.2473867595818815,contradictory,Contradictory,7130071,sha256:f0d40877179d5471,0.04452547703063869,0.02317038072927607,0.005082964897155762,0.0504501851343606,-0.019664667546749198,-0.0040335804224014005,-0.03974354267120361,-0.0022296542301773995,-0.00046766363084319897,-0.0230581108480692,0.005082964897155762
3,71,827,0.2473867595818815,unrelated,Unrelated,7130071,sha256:f0d40877179d5471,0.8695720565243815,0.10159429262661561,0.0042726993560789905,0.8754971260616061,-0.264151893556118,-0.11814456433057789,-0.8200129270553589,-0.014755999203771299,-0.0085684361401946,0.1001510992646217,-0.0042726993560789905
3,73,829,0.2543554006968641,paraphrase,Paraphrase,7130073,sha256:35b819b4db1b177d,0.08848460960329133,0.0012402038130292015,0.00431501865386974,0.08859844032559475,-0.0629372969269752,0.06217021495103829,-0.001813054084777943,0.00029377324972300003,0.0011000651866196996,0.0004915886092930997,0.00431501865386974
3,73,829,0.2543554006968641,contradictory,Contradictory,7130073,sha256:35b819b4db1b177d,0.05128948501481146,0.011529942782413878,0.014619410037994274,0.05456443900114171,-0.0176872611045837,-0.0008822157979012021,-0.04813516139984142,-0.00019775470718739997,0.004818506538867898,-0.010472939815372301,0.014619410037994274
3,73,829,0.2543554006968641,unrelated,Unrelated,7130073,sha256:35b819b4db1b177d,0.7699955127804525,0.01852721173290148,0.018647491931915394,0.7704440772904797,-0.1562579572200774,-0.07053022831678381,-0.7506677210330965,-0.0027531196246854996,0.010511379688978199,0.0150062921456991,0.018647491931915394
3,95,851,0.3310104529616725,paraphrase,Paraphrase,7130095,sha256:862dd7670abe81e6,0.12661994626180692,0.014874741407156675,0.0036017894744874157,0.12754152896484808,0.006811767816543496,0.048228919506073,-0.11687678098678583,0.0011656819842756003,-0.012466210871934905,-0.008030734956264503,0.0036017894744874157
3,95,851,0.3310104529616725,contradictory,Contradictory,7130095,sha256:862dd7670abe81e6,0.10797039606081169,0.024673163839681263,0.001998424530029408,0.11077168022554555,0.1052206978201866,-0.005059361457824707,0.023677289485931396,0.0049275478813797,-0.013040386140346603,-0.0203576181083918,0.001998424530029408
3,95,851,0.3310104529616725,unrelated,Unrelated,7130095,sha256:862dd7670abe81e6,0.6551785398733323,0.08375297846200533,0.04274648427963257,0.6618917905746208,0.1655272617936134,-0.6310870051383972,0.059906899929046686,-0.004185105673968799,0.06593586504459378,0.051473371684551204,0.04274648427963257
3,106,862,0.3693379790940767,paraphrase,Paraphrase,7130106,sha256:3ee6dd6a377b9231,0.07440918108272751,0.0058186507360994105,0.005783081054687611,0.07486004910682287,0.03468179702758789,0.0055571794509887695,-0.0655973851680754,-0.0024182647466659997,-0.005040954798460001,-0.0016116658225655,0.005783081054687611
3,106,862,0.3693379790940767,contradictory,Contradictory,7130106,sha256:3ee6dd6a377b9231,0.10773793984679053,0.013921604787420803,0.0042819976806639515,0.10871803100877518,0.09952633082866669,-0.038631975650787354,0.014475621283054397,0.0017668846994637992,-0.008780276402831001,-0.0106581398285924,-0.0042819976806639515
3,106,862,0.3693379790940767,unrelated,Unrelated,7130106,sha256:3ee6dd6a377b9231,0.7077518381004453,0.05524386209744336,0.018378734588623047,0.7101424691701513,0.0482303351163864,-0.6726897954940796,-0.214650735259056,0.0513206031173468,0.020422994159162,-0.0009906082414091,0.018378734588623047
3,115,871,0.4006968641114982,paraphrase,Paraphrase,7130115,sha256:a078afaece9649c1,0.07792717124254553,0.01333107093911394,0.0026671886444092907,0.07910420573846608,0.04301671683788301,0.0028899312019348145,-0.0649142079055309,-0.0002588806673883997,-0.0128512755036354,-0.0035348481032997,-0.0026671886444092907
3,115,871,0.4006968641114982,contradictory,Contradictory,7130115,sha256:a078afaece9649c1,0.134419566913774,0.025604382307602484,0.005596518516540638,0.13695081373305676,0.1122828871011734,-0.03569138050079346,0.0647093392908573,0.0015579137834721,-0.022313848137855502,-0.012459914898499801,-0.005596518516540638
3,115,871,0.4006968641114982,unrelated,Unrelated,7130115,sha256:a078afaece9649c1,1.1738327894507743,0.1098029105987151,0.005752265453338512,1.178971240244469,0.2429778948426246,-1.0215855836868286,0.524602759629488,-0.0008491652552037997,0.10433986783027649,-0.0341928366106003,0.005752265453338512
3,141,897,0.4912891986062718,paraphrase,Paraphrase,7130141,sha256:731b96fc43778bc7,0.18497952486308203,0.007154224699784599,0.004271388053894043,0.18516709293374334,-0.0956571251153946,0.1501342058181763,-0.050267875194549505,-0.0022156876511871997,-0.0067489519715309,0.0008516493253409847,-0.004271388053894043
3,141,897,0.4912891986062718,contradictory,Contradictory,7130141,sha256:731b96fc43778bc7,0.2724098294033621,0.026654298274901927,0.0020182132720949486,0.27371817615370003,-0.091866634786129,0.2507427781820298,0.05381166934967041,-0.0043126551900059,0.0248928964138031,-0.0084968423470854,-0.0020182132720949486
3,141,897,0.4912891986062718,unrelated,Unrelated,7130141,sha256:731b96fc43778bc7,0.1797613024723434,0.03559599729323651,0.008202552795410156,0.18343522770235524,-0.1610671430826186,0.07010447978973389,0.03816887736320501,-0.0083786547766066,0.014088124036788885,0.031597435474395696,-0.008202552795410156
3,144,900,0.5017421602787456,paraphrase,Paraphrase,7130144,sha256:68fb8f90726110e8,0.09335601059856456,0.02904310993518696,0.005999684333801492,0.09795327029605452,-0.0476658940315246,-0.00873023271560669,-0.0797940492630003,0.009296879172325107,-0.02744336426258079,0.001982934772968299,0.005999684333801492
3,144,900,0.5017421602787456,contradictory,Contradictory,7130144,sha256:68fb8f90726110e8,0.19314972660594185,0.024812075659913693,0.013549089431762917,0.19520766842246046,-0.14926238358020782,0.08483052253723145,0.08849485963582998,0.003488123416900607,0.016284324228763608,-0.0183927398175001,0.013549089431762917
3,144,900,0.5017421602787456,unrelated,Unrelated,7130144,sha256:68fb8f90726110e8,0.30415714415163153,0.042570403317172954,0.012956142425537331,0.30739497263880866,-0.2734751924872397,0.09382873773574829,0.09444075077772149,-0.010062959045171793,-0.02047323435544969,0.0359419360756874,0.012956142425537331
3,160,916,0.5574912891986062,paraphrase,Paraphrase,7130160,sha256:deae463731ed7c13,0.1150979909969834,0.017961322319982705,0.006601274013519287,0.11667790471904071,-0.11274617910385132,0.012228548526763902,-0.01965475082397461,0.007074827328324297,0.007816061377525302,-0.0145418397150932,-0.006601274013519287
3,160,916,0.5574912891986062,contradictory,Contradictory,7130160,sha256:deae463731ed7c13,0.19954109981372842,0.06317803704054147,0.018501877784729004,0.21012004749839888,-0.18974855542182922,0.0574559643864632,0.022604167461395264,0.0221563065424562,0.05697156488895411,-0.0159625574015079,-0.018501877784729004
3,160,916,0.5574912891986062,unrelated,Unrelated,7130160,sha256:deae463731ed7c13,0.44144628689921883,0.05425957593348331,0.04115694761276245,0.4466685797483281,-0.1567516028881073,0.2953191697597503,0.2882539629936218,0.013058308511972497,0.0526545494794845,-0.0010395087301731,-0.04115694761276245
3,178,934,0.6202090592334495,paraphrase,Paraphrase,7130178,sha256:fff4b947e197a405,0.07290550381038756,0.014748235292747667,0.00012505054473888055,0.07438238076141031,-0.060499195009469896,-0.030058890581130995,-0.0274139195680618,0.0044613610953091985,-0.0119795547798276,-0.0073550641536712005,-0.00012505054473888055
3,178,934,0.6202090592334495,contradictory,Contradictory,7130178,sha256:fff4b947e197a405,0.040749011670218604,0.004907838384451827,0.00038731098175037726,0.041045326646332043,-0.031034648418426493,-0.022998787462711306,0.012976452708244393,0.004443725571036301,0.0015240423381329,-0.0014203786849974996,0.00038731098175037726
3,178,934,0.6202090592334495,unrelated,Unrelated,7130178,sha256:fff4b947e197a405,0.04155375564536029,0.01578096161914646,0.00656735897064209,0.044931988178897216,-0.0006887763738631925,0.03484091907739641,-0.022635161876678397,0.0026159677654504984,0.012758668512106,-0.0089113321155309,-0.00656735897064209
3,192,948,0.6689895470383276,paraphrase,Paraphrase,7130192,sha256:60111792f7665bca,0.1498094764480067,0.00908735365258553,0.0028477907180786133,0.15011185543456257,-0.0919923298060894,0.0072640478610992015,-0.11801493167877197,0.0014052614569664001,-0.008905742317438195,0.001137097366154199,0.0028477907180786133
3,192,948,0.6689895470383276,contradictory,Contradictory,7130192,sha256:60111792f7665bca,0.31854562284509136,0.007940997321945423,0.008890986442565807,0.31876860402517093,-0.1239019110798835,0.008877843618392903,-0.2933271452784539,0.007711112499237005,-0.0018945224583148956,-9.469501674170058e-05,0.008890986442565807
3,192,948,0.6689895470383276,unrelated,Unrelated,7130192,sha256:60111792f7665bca,0.4620383998036599,0.025363347797719094,0.007609844207763783,0.4627965989865323,-0.1424583420157432,0.0373640209436416,-0.4379372484982013,0.014887351542711202,0.020281553268432603,-0.003213218413293301,0.007609844207763783
3,208,964,0.7247386759581882,paraphrase,Paraphrase,7130208,sha256:3a9e85495d0a8362,0.2604606842522239,0.015052055850532053,0.00502365827560447,0.26094361377304154,-0.14355170726776123,0.002151817083358709,-0.21732014417648315,0.009501287247985601,-0.011329221539199399,-0.0028175637125969002,0.00502365827560447
3,208,964,0.7247386759581882,contradictory,Contradictory,7130208,sha256:3a9e85495d0a8362,0.10637056226014457,0.007262233472685762,0.002913832664489857,0.10665799065868313,-0.07447284460067749,-0.0253432244062424,-0.07159757614135742,0.0025701872073113996,-0.004914602264761999,-0.0046883746981621,0.002913832664489857
3,208,964,0.7247386759581882,unrelated,Unrelated,7130208,sha256:3a9e85495d0a8362,0.2577008795869433,0.017916150489577915,0.0051517486572263405,0.25837428723167616,-0.16323250532150269,0.1932954341173172,-0.0490078330039978,-0.0040856674313545,-0.0170707870274782,-0.003589428961277001,-0.0051517486572263405
3,218,974,0.759581881533101,paraphrase,Paraphrase,7130218,sha256:7ceb5a06cec3439b,0.1180327734308608,0.015845626195456798,0.00390946865081776,0.11915579473294109,-0.09174889326095581,-0.06113454699516299,-0.04214787483215332,0.0119909550994634,-0.010325107723474503,0.000832475721836097,-0.00390946865081776
3,218,974,0.759581881533101,contradictory,Contradictory,7130218,sha256:7ceb5a06cec3439b,0.07695420001365577,0.022381900446046103,0.001967787742614635,0.0801671413729992,-0.03477039933204651,-0.03555306792259219,0.05872774124145508,-0.004753493703901799,0.012307167053222698,-0.0180800277739763,0.001967787742614635
3,218,974,0.759581881533101,unrelated,Unrelated,7130218,sha256:7ceb5a06cec3439b,0.12721423844875301,0.016039150374095208,0.023148179054260254,0.1302941096226039,-0.126007080078125,-0.016620725393295316,-0.005424916744232178,-0.010146529413759799,-0.0118243657052517,-0.0038061346858740026,0.023148179054260254
3,236,992,0.8222996515679443,paraphrase,Paraphrase,7130236,sha256:b5e98b38dfddef2f,0.10537636001192249,0.0077345406729499785,0.010395288467407227,0.10616996934681872,-0.09072750806808472,0.053310543298721286,-0.0055391788482666016,0.004075918346643399,-0.006258931010961501,0.0020089279860258,0.010395288467407227
3,236,992,0.8222996515679443,contradictory,Contradictory,7130236,sha256:b5e98b38dfddef2f,0.09313537273506746,0.003826361826889602,0.003117084503173606,0.09326604374117169,-0.06473493576049805,0.014563083648681585,-0.06535673141479492,-0.0025827251374721943,0.0025853067636490007,-0.0011343564838171005,0.003117084503173606
3,236,992,0.8222996515679443,unrelated,Unrelated,7130236,sha256:b5e98b38dfddef2f,0.3909991158758646,0.014244914887437773,1.9628981351852417,2.001512506913099,-0.1564510464668274,0.0374613702297211,-0.35637062788009644,-0.00043378025293359934,0.010425895452499397,0.009696913883089998,-1.9628981351852417
3,252,1008,0.8780487804878049,paraphrase,Paraphrase,7130252,sha256:eea64bbfbcc94f7c,0.2878783149646012,0.015269272831328246,0.003437042236328236,0.2883034654300742,-0.0271290987730027,0.08432477712631226,-0.2739110589027405,0.01135074486956,-0.0102016618475318,0.00048721581697469974,-0.003437042236328236
3,252,1008,0.8780487804878049,contradictory,Contradictory,7130252,sha256:eea64bbfbcc94f7c,0.23447774610457592,0.014224936891396223,0.0011810064315795898,0.2349118069064167,0.1631539091467856,-0.11111891269683838,0.12654328346252441,-0.006508937862236002,0.0107431132346392,-0.0066759325563906,0.0011810064315795898
3,252,1008,0.8780487804878049,unrelated,Unrelated,7130252,sha256:eea64bbfbcc94f7c,0.7631340503156783,0.032307950944690265,1.9822335243225098,2.1243039159671797,0.1254764348268508,-0.6077050119638444,-0.4442115053534508,-0.0090511585585772,0.029530679807066904,-0.0094772977754473,-1.9822335243225098
3,271,1027,0.9442508710801394,paraphrase,Paraphrase,7130271,sha256:4e62ff205e999f05,0.15314704683541933,0.008553923407503668,0.004564166069030762,0.15345363851006352,-0.044976606965065,0.053685292601585416,-0.136194758117199,0.0010086116380989,-0.007948744110762998,0.0029949583113193998,-0.004564166069030762
3,271,1027,0.9442508710801394,contradictory,Contradictory,7130271,sha256:4e62ff205e999f05,0.17469115067802593,0.030848307833019034,2.0119974613189697,2.019802564751157,0.040952704846859,-0.16240713000297552,0.04963666200637809,0.0001995166530833,-0.008396107703447299,-0.029683053493499603,-2.0119974613189697
3,271,1027,0.9442508710801394,unrelated,Unrelated,7130271,sha256:4e62ff205e999f05,0.17635939599413514,0.012724080939993814,2.0124324560165405,2.0201853699153323,0.040314912796020605,-0.1614006832242012,0.05854198336601249,-0.0006469580112025,-0.0001960545778273981,-0.0127061104867606,-2.0124324560165405
3,287,1043,1.0,paraphrase,Paraphrase,7130287,sha256:4b0bcb6641e6e384,0.04964449165467427,0.013546340342687719,0.0037904977798459694,0.05159890271846843,-0.0240777730941772,0.007211759686470004,-0.0428115278482437,0.0050460738129914,-0.011354083195328702,0.005396783351898207,-0.0037904977798459694
3,287,1043,1.0,contradictory,Contradictory,7130287,sha256:4b0bcb6641e6e384,0.0348486740073182,0.012084128964685262,0.0006415843963621937,0.03688994284952385,-0.0070878490805626,0.032435446977615405,0.010589346289634795,-0.002833953127265,0.007822100073099098,-0.008764110505580888,-0.0006415843963621937
3,287,1043,1.0,unrelated,Unrelated,7130287,sha256:4b0bcb6641e6e384,0.03245131865009526,0.013472051677433903,0.009868860244750866,0.03649628283893983,-0.0281775146722794,0.01363721489906311,-0.008552316576242405,-0.009068439248949199,0.009357620030641497,-0.003419727087020888,-0.009868860244750866
4,0,1044,0.0,paraphrase,Paraphrase,7140000,sha256:e6c81482d64a9c72,0.06853461978513545,0.004562764188349433,0.00011140108108520508,0.06868642759914385,0.0522952377796173,0.02686241269111639,-0.035222336649894714,0.0012246345286257138,-0.004192404448986,-0.0013201637193561,-0.00011140108108520508
4,0,1044,0.0,contradictory,Contradictory,7140000,sha256:e6c81482d64a9c72,0.08804873827773414,0.010745053535299068,0.0027787089347839355,0.08874546586232795,0.0317902341485024,0.07071748375892645,0.0417252779006958,0.0009108107187785137,-0.003219202160835299,-0.0102109420113266,0.0027787089347839355
4,0,1044,0.0,unrelated,Unrelated,7140000,sha256:e6c81482d64a9c72,0.2596978111139093,0.024655492204340212,0.024161100387573242,0.2619820703123258,-0.06840730458498001,-0.2159812450408935,-0.126946821808815,-0.0007054682355373863,0.0161915803328156,0.018580321222543703,-0.024161100387573242
4,15,1059,0.0617283950617283,paraphrase,Paraphrase,7140015,sha256:2034d4e55961d2e6,0.12133268055393315,0.00758005788350146,0.010127246379852184,0.12199031833370323,0.013627469539642334,0.049788475036621094,-0.1098044589161873,0.0045863017439842,-0.0047180419787765,-0.003763401880860301,-0.010127246379852184
4,15,1059,0.0617283950617283,contradictory,Contradictory,7140015,sha256:2034d4e55961d2e6,0.15607511138509528,0.001368500419275381,0.002885878086089977,0.1561077880171109,-0.026382803916931152,0.15077966451644897,-0.030477546155452798,-0.00046093761920929996,-0.00019437912851569955,-0.0012737922370434016,-0.002885878086089977
4,15,1059,0.0617283950617283,unrelated,Unrelated,7140015,sha256:2034d4e55961d2e6,0.34475453679147927,0.052673527652026104,0.005921423435211293,0.3488054678601172,-0.33516231179237366,-0.037802934646606445,-0.0713642314076424,-0.0029636099934577994,0.0129752140492201,0.0509643144905566,0.005921423435211293
4,34,1078,0.139917695473251,paraphrase,Paraphrase,7140034,sha256:2a8cd84398ceee9c,0.15307634485001698,0.00993121202474574,0.0012184381484986462,0.15340300165395554,-0.1515897810459137,0.0180379748344422,-0.011293232440948486,0.005406825803220201,0.008330013602971996,7.797684520489999e-05,0.0012184381484986462
4,34,1078,0.139917695473251,contradictory,Contradictory,7140034,sha256:2a8cd84398ceee9c,0.23562565943632874,0.020446409049946462,0.010409176349639893,0.23674006416346263,-0.220151036977768,0.024761185050010695,0.08024871349334717,-0.0025474959984422008,0.018386524170637096,-0.0085733095183967,0.010409176349639893
4,34,1078,0.139917695473251,unrelated,Unrelated,7140034,sha256:2a8cd84398ceee9c,0.26108648095884146,0.10252848479204624,0.015635013580322266,0.28093183227053714,-0.214021235704422,0.1492256671190261,-0.00963127613067627,-0.0094593628309667,0.023073632270097698,0.0994495758786798,0.015635013580322266
4,44,1088,0.1810699588477366,paraphrase,Paraphrase,7140044,sha256:6b070088ce538b6a,0.13186114250065228,0.00498638796071646,0.0009327530860900879,0.13195868669697997,-0.1268969476222992,0.00020772218704220857,-0.03583967685699463,0.0025499302428215,-0.0017477264627814252,-0.0039124637842178,0.0009327530860900879
4,44,1088,0.1810699588477366,contradictory,Contradictory,7140044,sha256:6b070088ce538b6a,0.1779238140979806,0.00571191518114131,0.003450334072113037,0.1780489101438661,-0.1389822661876678,0.007953763008117606,0.11080411076545721,-0.00041908770799640007,0.0017804659437387997,-0.005411125719547199,0.003450334072113037
4,44,1088,0.1810699588477366,unrelated,Unrelated,7140044,sha256:6b070088ce538b6a,0.18135036143767305,0.04891722825479887,0.003174304962158203,0.18785879012092974,-0.1671358346939087,0.0672659426927566,0.020708918571472168,-0.00411172141321,0.009441257454454899,0.0478210374712944,0.003174304962158203
4,57,1101,0.2345679012345679,paraphrase,Paraphrase,7140057,sha256:2427e2ae1d0fa049,0.10505086723264846,0.005699960006710422,0.018214046955108643,0.10677043484454175,-0.09323921799659729,0.0483816117048263,0.0011630058288574219,0.0029640384018420965,-0.003714367747306803,-0.003147616982460001,0.018214046955108643
4,57,1101,0.2345679012345679,contradictory,Contradictory,7140057,sha256:2427e2ae1d0fa049,0.09885839844580163,0.014769295846782398,0.014360606670379639,0.10098188979723052,-0.09171661734580988,-0.00902283191680911,-0.035771965980529674,0.00022094324231140133,0.0019228495657444,-0.014641923829913105,0.014360606670379639
4,57,1101,0.2345679012345679,unrelated,Unrelated,7140057,sha256:2427e2ae1d0fa049,0.3468812777458964,0.03268880322586241,1.9773374199867249,2.0077994051166375,-0.19400730729103088,-0.08733014762401581,-0.2739730477333069,-0.0084163621068001,0.017438400536775596,0.026336759328842198,-1.9773374199867249
4,65,1109,0.2674897119341564,paraphrase,Paraphrase,7140065,sha256:1df0e7e4f0dd8910,0.09926575554611389,0.0021990976579159332,0.0053838491439817115,0.09943596978083458,-0.0647721886634827,0.07176937162876129,-0.022525787353515514,-0.0018065795302391052,-0.0006580650806427002,-0.0010673571377992994,0.0053838491439817115
4,65,1109,0.2674897119341564,contradictory,Contradictory,7140065,sha256:1df0e7e4f0dd8910,0.25451570883022595,0.022581473706652172,0.0018203258514404297,0.25552198062460696,-0.0625959932804108,-0.0574580878019333,-0.2399136424064635,-0.018880750983953504,0.010015421546995602,-0.0072891376912594,-0.0018203258514404297
4,65,1109,0.2674897119341564,unrelated,Unrelated,7140065,sha256:1df0e7e4f0dd8910,0.6995470243337163,0.018683512332577357,2.020738959312439,2.138481015714275,-0.2277722097933293,-0.0939734242856503,-0.6547173857688903,-0.005470629781484604,0.0030073942616582004,0.0176096968352794,-2.020738959312439
4,83,1127,0.3415637860082304,paraphrase,Paraphrase,7140083,sha256:8975ed223e71eee5,0.07112412404213442,0.010434359437977232,0.002666294574737549,0.07193487335361828,0.01665627956390381,0.025360107421875,-0.06432786583900452,0.00036253011785449983,-0.0103420689702034,-0.0013364274054765996,-0.002666294574737549
4,83,1127,0.3415637860082304,contradictory,Contradictory,7140083,sha256:8975ed223e71eee5,0.11329616081325738,0.015530418411490325,0.0037809014320373535,0.11441813303274188,0.0561392605304718,-0.0446467399597168,0.08769875764846796,0.001441442174837,-0.0074252448976040025,-0.013563991989940299,-0.0037809014320373535
4,83,1127,0.3415637860082304,unrelated,Unrelated,7140083,sha256:8975ed223e71eee5,1.132568797131258,0.04174730771995053,0.006869256496429332,1.1333587713614883,0.2352347150444984,-1.107811838388443,-0.011385947465896606,0.0007102063391357999,0.0415248647332191,-0.0042448695749044,-0.006869256496429332
4,90,1134,0.3703703703703703,paraphrase,Paraphrase,7140090,sha256:e892be108eeddd1e,0.053702924572684926,0.003175771304301991,0.000564575195312389,0.053799706097597565,0.018730968236923218,0.008282244205474854,-0.049644328653812395,0.002268640324473402,-0.0022099055349826986,-0.00023475941270590002,-0.000564575195312389
4,90,1134,0.3703703703703703,contradictory,Contradictory,7140090,sha256:e892be108eeddd1e,0.08561615648772185,0.013056274749698707,0.004119753837585449,0.0867038922641423,0.0705908164381981,-0.0326077938079834,0.03583008050918579,0.0057102534919977015,-0.0052363872528076,-0.010509022977203073,-0.004119753837585449
4,90,1134,0.3703703703703703,unrelated,Unrelated,7140090,sha256:e892be108eeddd1e,0.44248505604108457,0.03028144769162348,0.0034407377243041992,0.4435333466269134,0.1455405205488205,-0.38003715872764593,-0.1737318038940428,0.009853044524788902,0.0148282842710614,0.0244950111955404,-0.0034407377243041992
4,107,1151,0.4403292181069959,paraphrase,Paraphrase,7140107,sha256:b7351d033c811f6d,0.06708226874193243,0.014195433396871102,0.004259824752807617,0.06869997973663806,0.028225362300872803,0.05865311622619629,-0.01622256636619568,0.0065565723925829,-0.0060733035206794045,-0.0110289016738534,-0.004259824752807617
4,107,1151,0.4403292181069959,contradictory,Contradictory,7140107,sha256:b7351d033c811f6d,0.07526666078444029,0.03237201702481541,0.007817387580871582,0.08230509862994215,0.0752459466457367,0.0011000633239746094,-0.001381158828735296,0.008602941408753402,-0.0235673561692238,-0.020457678474485902,-0.007817387580871582
4,107,1151,0.4403292181069959,unrelated,Unrelated,7140107,sha256:b7351d033c811f6d,0.9008625509583055,0.0390158390939018,2.0055941939353943,2.1989733154739897,0.3033057823777199,-0.7300158590078353,0.4320136383175849,-0.004484526813030201,0.0334409922361374,-0.019591446034610303,-2.0055941939353943
4,120,1164,0.4938271604938271,paraphrase,Paraphrase,7140120,sha256:dd0fccb729516aad,0.16245313172380277,0.03445997386085012,0.0013169050216674805,0.16607300817471146,-0.016707144677639008,-0.0326991304755211,-0.15824872255325317,0.0298741757869721,-0.017083968501538,-0.0017780438065528002,0.0013169050216674805
4,120,1164,0.4938271604938271,contradictory,Contradictory,7140120,sha256:dd0fccb729516aad,0.3317236220370873,0.033110229122330644,2.0063264966011047,2.0338345212070723,0.04958695173263549,-0.10633189231157299,0.3102824911475181,-0.017675766721367798,-0.008669309318065602,-0.0266213752329349,-2.0063264966011047
4,120,1164,0.4938271604938271,unrelated,Unrelated,7140120,sha256:dd0fccb729516aad,0.7676347229273326,0.023082651118619738,2.0050477385520935,2.1470939221420315,0.1700973585247993,-0.4636093303561211,0.5877043008804321,-0.002962339669465998,0.0203217640519142,-0.0105384644120931,-2.0050477385520935
4,127,1171,0.522633744855967,paraphrase,Paraphrase,7140127,sha256:f31e9fd3103091da,0.07896166791484843,0.018699977841691376,0.008050322532653809,0.0815441099286411,-0.025908451527357098,-0.014265947043895708,-0.07321324944496149,0.014814764261245804,-0.010571006685495297,-0.0042971791699528,-0.008050322532653809
4,127,1171,0.522633744855967,contradictory,Contradictory,7140127,sha256:f31e9fd3103091da,0.12552650067508409,0.014587778869037924,0.007079899311065563,0.12656946961380008,0.034225732088088996,-0.0011378377676009993,0.1207650899887085,0.0050865449011326044,0.004021186381578501,-0.013067532796412599,0.007079899311065563
4,127,1171,0.522633744855967,unrelated,Unrelated,7140127,sha256:f31e9fd3103091da,0.2725683650822704,0.05732587594755809,0.009570658206939697,0.27869583275551624,0.141259491443634,-0.1128548085689545,0.20396828651428228,0.0130472853779793,0.0558039024472237,0.0013960190117359005,-0.009570658206939697
4,138,1182,0.5679012345679012,paraphrase,Paraphrase,7140138,sha256:939b4a88c43bdeed,0.13122156104377075,0.02208328878360396,0.0007318258285522461,0.13306879910522765,-0.1074678897857666,0.03193044662475586,-0.06819235533475869,0.011507322080433402,-0.018616214394569397,-0.0029478371143340926,-0.0007318258285522461
4,138,1182,0.5679012345679012,contradictory,Contradictory,7140138,sha256:939b4a88c43bdeed,0.2650187173564022,0.024034239435752176,0.007751107215881348,0.2662191669988465,-0.1644970178604126,0.20085257291793823,0.0532343462109566,0.0034719258546829,0.019951820373535205,-0.0129427686333657,0.007751107215881348
4,138,1182,0.5679012345679012,unrelated,Unrelated,7140138,sha256:939b4a88c43bdeed,0.2334163503353154,0.01518161941463883,0.011964023113250843,0.23421531124365896,-0.2308617793023586,-0.028304874897003174,0.0196179896593094,2.164673060179971e-05,0.006388619542121901,0.013771951198577895,0.011964023113250843
4,150,1194,0.6172839506172839,paraphrase,Paraphrase,7140150,sha256:efd02dc3a28152b1,0.2328933766512945,0.013047275972239793,0.00475001335144043,0.23330692001133696,-0.12975439429283148,0.08893007040023804,-0.1717398166656494,0.00042122509330509987,-0.0129368989728391,-0.0016403123736381982,-0.00475001335144043
4,150,1194,0.6172839506172839,contradictory,Contradictory,7140150,sha256:efd02dc3a28152b1,0.45876791068140504,0.005698975175796904,0.0020645856857299805,0.4588079518742997,-0.3791549801826477,0.20871204137802124,-0.1521472334861755,-0.0018630218692123,0.005373689346015401,0.00036184303462500136,-0.0020645856857299805
4,150,1194,0.6172839506172839,unrelated,Unrelated,7140150,sha256:efd02dc3a28152b1,0.6175549123095928,0.0706497077845074,0.0031299591064453125,0.6215909004898263,-0.49994996190071095,0.2881695032119751,0.2199600934982299,-0.0088354018516837,0.0689732981845736,0.012490036897361301,0.0031299591064453125
4,162,1206,0.6666666666666666,paraphrase,Paraphrase,7140162,sha256:8d1dafe59f3ccb60,0.09000697307882265,0.02032925503584646,0.00038099288940418585,0.09227501811815683,-0.07447522878646856,0.0471554249525069,-0.01819509267807007,0.0102240275591612,-4.7460198402404785e-05,-0.017571158707141897,-0.00038099288940418585
4,162,1206,0.6666666666666666,contradictory,Contradictory,7140162,sha256:8d1dafe59f3ccb60,0.11136723293956782,0.047370648555732774,0.005085945129394642,0.12113011910778393,-0.09161525964736944,0.048858314752578604,0.040276169776916504,0.021455155219882803,0.024497792124748202,-0.034402221441269,0.005085945129394642
4,162,1206,0.6666666666666666,unrelated,Unrelated,7140162,sha256:8d1dafe59f3ccb60,0.6406295832612459,0.04848003704874809,0.011188089847564586,0.6425587524080291,0.1470494270324707,0.5416854172945023,0.3088035583496094,0.0209165471605957,0.043710321187972995,-0.0014899224042893011,-0.011188089847564586
4,179,1223,0.7366255144032922,paraphrase,Paraphrase,7140179,sha256:b9287dbbe03648ad,0.08288166369499292,0.013056105272087235,0.001417398452758789,0.08391567839265565,-0.06270591169595721,-0.045705959200859,-0.029125660657882718,0.005731374491006199,-0.011727817356586498,-0.0002674534916878007,0.001417398452758789
4,179,1223,0.7366255144032922,contradictory,Contradictory,7140179,sha256:b9287dbbe03648ad,0.06457637472982772,0.007813974131681927,0.015480637550354004,0.06686416457223672,-0.0505731478333473,-0.0399237349629401,0.0043081641197204035,0.001764923334121699,-0.006418749690055903,-0.004091807641089001,-0.015480637550354004
4,179,1223,0.7366255144032922,unrelated,Unrelated,7140179,sha256:b9287dbbe03648ad,0.11004507215137695,0.0032043730486167083,0.007717609405517578,0.11036189290861494,-0.0920700803399086,0.0182775035500526,-0.0574364960193634,-0.0010652085766196008,0.002403505146503393,0.0018320754170417994,-0.007717609405517578
4,183,1227,0.7530864197530864,paraphrase,Paraphrase,7140183,sha256:0c40002e6efe8b2d,0.35091951500631063,0.013813036911331239,1.989024043083191,2.0197900757167764,-0.1259270161390304,-0.011136986315250397,-0.3273573890328406,0.005739639222156301,-0.012125845998525599,0.0032894359901547,-1.989024043083191
4,183,1227,0.7530864197530864,contradictory,Contradictory,7140183,sha256:0c40002e6efe8b2d,0.22841948155723066,0.008774912973566971,0.006837606430053711,0.228690208610382,-0.11601775884628289,-0.0461200140416622,-0.1912806406617164,0.0049025474581867005,-0.0063068419694901,0.0036315107718109998,-0.006837606430053711
4,183,1227,0.7530864197530864,unrelated,Unrelated,7140183,sha256:0c40002e6efe8b2d,0.42983529978877805,0.023815018887647157,2.0046775937080383,2.0503799147436506,-0.1509835980832576,0.1549578756093979,-0.3714167401194572,0.004473731387406601,-0.0213004089891911,0.0096660968847571,-2.0046775937080383
4,205,1249,0.8436213991769548,paraphrase,Paraphrase,7140205,sha256:9dde6e2503c40d91,0.17052933416619187,0.006566149413623755,0.0050765275955200195,0.1707311900670608,0.009612992405891405,0.02895033359527588,-0.16777878999710077,-0.0002141422592103,-0.0064590713009238,0.0011614039540290989,0.0050765275955200195
4,205,1249,0.8436213991769548,contradictory,Contradictory,7140205,sha256:9dde6e2503c40d91,0.13293273031684277,0.0099322240567272,0.009773850440979226,0.13366109387793484,0.1081422865390777,-0.04928559064865112,0.05955910682678223,-0.0004139594384469,0.0005072560161352001,-0.009910620748996799,-0.009773850440979226
4,205,1249,0.8436213991769548,unrelated,Unrelated,7140205,sha256:9dde6e2503c40d91,0.6310065586273342,0.0040463224357734345,2.010079503059387,2.106799767034219,0.1197705194354056,-0.23925411701202393,-0.571473330259323,0.001017413829686,0.003358058631420099,-0.002015201374888401,-2.010079503059387
4,211,1255,0.8683127572016461,paraphrase,Paraphrase,7140211,sha256:6f9809f0baa5a2e3,0.20623718149199027,0.012174220478112646,0.003181934356689453,0.2066206944627283,-0.031248778104782104,0.06102585792541504,-0.1945074126124382,0.0018395581282674997,-0.0119807857554406,0.0011350959539413001,0.003181934356689453
4,211,1255,0.8683127572016461,contradictory,Contradictory,7140211,sha256:6f9809f0baa5a2e3,0.4496321854987706,0.014288988050955808,0.000912785530090332,0.4498601011351697,0.14813732355833048,-0.37315526604652405,-0.2024341449141503,0.003906407800968599,0.0101582733914256,-0.0092587601393461,-0.000912785530090332
4,211,1255,0.8683127572016461,unrelated,Unrelated,7140211,sha256:6f9809f0baa5a2e3,0.7066494346451596,0.01605929205012188,2.002734661102295,2.123807299904113,0.2086041867733,-0.6373562961816789,-0.2227435037493706,-0.004446779843419799,0.0132055012509226,-0.007983842864632601,-2.002734661102295
4,224,1268,0.9218106995884774,paraphrase,Paraphrase,7140224,sha256:eaa03c93770d6c95,0.03722125718123995,0.007765964812016757,0.0069010257720946155,0.038643969158467704,-0.0196279548108577,-0.010856643319129902,-0.029703512787819,8.285348303619993e-05,-0.0076632536947727,-0.0012561399489641988,-0.0069010257720946155
4,224,1268,0.9218106995884774,contradictory,Contradictory,7140224,sha256:eaa03c93770d6c95,0.04500599871725805,0.014147130754966823,0.0019930601119994007,0.04721920708510473,0.008830867707729298,0.0011701583862304965,0.0441156029701233,-0.00047166098374870006,0.00022234860807659844,-0.014137517660856299,0.0019930601119994007
4,224,1268,0.9218106995884774,unrelated,Unrelated,7140224,sha256:eaa03c93770d6c95,0.022793311118687733,0.00956404447588885,0.004289984703063965,0.025088043910249293,0.005783978849649398,-0.0217175483703613,0.003798514604568405,-0.000954060989897655,0.0094137750566006,-0.001393396407365799,-0.004289984703063965
4,243,1287,1.0,paraphrase,Paraphrase,7140243,sha256:677d808850dafb20,0.05467022593687529,0.013692690260979247,0.0036138296127320446,0.056474623814966374,-0.03096754848957059,0.0036416724324225998,-0.0449063777923584,0.005851857364177704,-0.011965595185756704,0.0031733363866805996,-0.0036138296127320446
4,243,1287,1.0,contradictory,Contradictory,7140243,sha256:677d808850dafb20,0.10746962145246883,0.01922325930617494,0.00015300512313842773,0.1091754397474867,-0.00994087010622019,0.0294706150889396,0.1028707027435303,-0.0031353402882814997,0.018240626901388196,-0.0051945038139819995,0.00015300512313842773
4,243,1287,1.0,unrelated,Unrelated,7140243,sha256:677d808850dafb20,0.09575834973710648,0.014092916435685238,0.0055686235427857556,0.09694989121292749,0.0022166669368744035,-0.003681428730487799,0.09566187858581551,-0.006557591259479599,0.0045785084366797985,0.011603686958551398,-0.0055686235427857556
5,0,1288,0.0,paraphrase,Paraphrase,7150000,sha256:1344d45ea0967570,0.22604965964895074,0.0067722088617422115,0.0008078813552856445,0.22615252400218253,0.1990327686071396,-0.09220023453235619,-0.054621629416942596,0.0006015557446517,-0.0030384184792638,-0.006022371351718901,-0.0008078813552856445
5,0,1288,0.0,contradictory,Contradictory,7150000,sha256:1344d45ea0967570,0.07228115618164638,0.006249443939197426,0.003778815269470215,0.07264916058252503,-0.033887535333633395,0.06003780663013461,0.021717786788940298,0.0011462828260846,-0.005972362589091,-0.0014396077021956999,0.003778815269470215
5,0,1288,0.0,unrelated,Unrelated,7150000,sha256:1344d45ea0967570,0.5628787162650298,0.02824497747406361,0.01337057352066029,0.5637455101488168,0.043967053294181796,-0.5556345134973526,0.07854702323675139,-0.0018062039744109,0.025962431449443102,0.010975815821439,0.01337057352066029
5,16,1304,0.0575539568345323,paraphrase,Paraphrase,7150016,sha256:dcca1dc15332651d,0.08616334762442433,0.014439533469118514,0.003117203712463601,0.08742047563150283,0.01573467254638672,0.019646823406219538,-0.08240476250648501,0.0037877580616623003,-0.013931960798799999,0.00023126602172850175,-0.003117203712463601
5,16,1304,0.0575539568345323,contradictory,Contradictory,7150016,sha256:dcca1dc15332651d,0.12011132891360765,0.0056535029472817785,0.005788147449493075,0.12038353741215964,-0.04755878448486328,0.10566997528076172,0.031603001058101696,0.0020994562655687003,-0.005243414081633101,0.0002469569444655956,0.005788147449493075
5,16,1304,0.0575539568345323,unrelated,Unrelated,7150016,sha256:dcca1dc15332651d,0.526376381444195,0.0697858804279048,0.028234899044036754,0.5317324266709803,-0.517008513212204,-0.052762389183044434,-0.08360874652862549,0.0012192882131785003,-0.0277583571150899,0.06401606090366829,0.028234899044036754
5,27,1315,0.0971223021582733,paraphrase,Paraphrase,7150027,sha256:de900d29d04e17a4,0.3122744460146383,0.040291594747850386,7.331371307373047e-05,0.3148630616886884,-0.20549324154853826,0.12883621454238892,-0.19669541716575628,0.009869107976555802,-0.0389586351811886,0.002870202064514188,7.331371307373047e-05
5,27,1315,0.0971223021582733,contradictory,Contradictory,7150027,sha256:de900d29d04e17a4,0.4272721607679697,0.04165185181462409,0.0065038204193115234,0.4293468013237828,-0.33743895590305334,0.1994628012180329,-0.1700324714183808,-0.0009005945175885998,-0.0410240031778812,0.007148206233978299,0.0065038204193115234
5,27,1315,0.0971223021582733,unrelated,Unrelated,7150027,sha256:de900d29d04e17a4,0.4640757229476603,0.09394180915570498,0.01719677448272705,0.4738006639816477,-0.4384944438934326,0.03377252817153931,-0.1481496393680573,-0.009856061369646299,0.001434121280908602,0.09341233782470229,0.01719677448272705
5,51,1339,0.1834532374100719,paraphrase,Paraphrase,7150051,sha256:9f4970d3752830f4,0.11597214994039903,0.019812081123346727,0.005240321159362793,0.11776892241202572,-0.11505717039108276,-0.005843907594680786,-0.013312995433807373,0.0007362391334026998,-0.0024445829913019995,-0.0196468960493803,-0.005240321159362793
5,51,1339,0.1834532374100719,contradictory,Contradictory,7150051,sha256:9f4970d3752830f4,0.14351389284288948,0.03158109383052088,0.006615340709686279,0.1470964501922387,-0.07883548736572266,0.0005672872066497248,0.11992031335830688,0.00034224358387299997,0.003615563269704601,-0.0313715804368257,-0.006615340709686279
5,51,1339,0.1834532374100719,unrelated,Unrelated,7150051,sha256:9f4970d3752830f4,0.10476612998970182,0.07235898167347979,0.0038539767265319824,0.12738374055761878,-0.08882975578308105,0.03970737755298612,0.03883993625640869,-0.0056246756576000005,0.014073118101805499,0.0707540288567543,0.0038539767265319824
5,61,1349,0.2194244604316546,paraphrase,Paraphrase,7150061,sha256:e2c6ed6cf6d697a8,0.10491128440614585,0.012165327471143269,0.013413608074188121,0.10646265857001365,-0.06794615834951401,0.0797716677188872,0.005116462707519531,-0.0010885429801418,-0.00010139867663380014,-0.0121161043643951,0.013413608074188121
5,61,1349,0.2194244604316546,contradictory,Contradictory,7150061,sha256:e2c6ed6cf6d697a8,0.19571358198604563,0.02486822509982064,0.018500030040740856,0.19815268331499394,-0.061490595340728704,0.024164885282516507,-0.18422478437423717,-0.0034427245263941,-0.003185499459505102,-0.0244218930602074,0.018500030040740856
5,61,1349,0.2194244604316546,unrelated,Unrelated,7150061,sha256:e2c6ed6cf6d697a8,0.7111862819607665,0.07907933061748082,0.0008146762847901501,0.7155697952523826,-0.1914059668779372,-0.01893873512744909,-0.6846831440925599,-0.0206833147094584,-0.013404730707407001,0.0751402303576469,-0.0008146762847901501
5,76,1364,0.2733812949640288,paraphrase,Paraphrase,7150076,sha256:51c9f43448b8b7be,0.12458357047178123,0.0029400289191664365,0.007889747619628906,0.12486776172833504,-0.039823025465011624,0.05005621910095215,-0.10690915584564209,-0.0003541668411343999,0.002860572189092598,0.0005791913717984997,0.007889747619628906
5,76,1364,0.2733812949640288,contradictory,Contradictory,7150076,sha256:51c9f43448b8b7be,0.19108570420239612,0.016995018926964787,0.0003882646560666725,0.19184037053836364,0.11535215377807617,-0.059986114501953125,0.14003318548202515,-0.0030563727486878998,0.009092815220355998,-0.014028897508978802,-0.0003882646560666725
5,76,1364,0.2733812949640288,unrelated,Unrelated,7150076,sha256:51c9f43448b8b7be,0.5828584287194399,0.043622076749165926,1.980162799358368,2.0646238266260446,0.28152310848236084,-0.47189417481422424,-0.19438254833221436,-0.008294133702293,0.040713584050536,0.013285217341035499,-1.980162799358368
5,88,1376,0.316546762589928,paraphrase,Paraphrase,7150088,sha256:6c6c8b376a137748,0.09916135533771844,0.002718904666797573,0.0016120672225952148,0.09921172106021829,-0.0006546378135681152,0.03406846523284912,-0.09312295913696289,-0.0007821773760952,0.002464726567268302,-0.0008400976657866998,-0.0016120672225952148
5,88,1376,0.316546762589928,contradictory,Contradictory,7150088,sha256:6c6c8b376a137748,0.16484112547036073,0.013215469950842398,0.009784579277038574,0.16565923845045732,0.07890093326568598,-0.061647236347198486,0.13094601035118109,-0.0004452292923814999,0.002303168177604599,-0.0130056077614425,-0.009784579277038574
5,88,1376,0.316546762589928,unrelated,Unrelated,7150088,sha256:6c6c8b376a137748,0.8401775472515927,0.040117090735624666,0.002299785614013672,0.8411379083650095,0.32441232353448857,-0.684283658862114,0.36388298869133,-0.0044488371931947,0.034589665941894,0.0198278548195958,-0.002299785614013672
5,107,1395,0.3848920863309352,paraphrase,Paraphrase,7150107,sha256:6422d5d13ee0c0ff,0.14168765772962513,0.012730867364988836,0.0009707212448120117,0.1422617644924576,0.05030405521392828,0.08098328113555908,-0.1048169955611229,0.0026896698400378,-0.0097743943333625,-0.007700771093368499,0.0009707212448120117
5,107,1395,0.3848920863309352,contradictory,Contradictory,7150107,sha256:6422d5d13ee0c0ff,0.25878707383933086,0.02972018243398153,0.010523974895477295,0.26070058089278025,0.09643065929412847,-0.16378182172775269,-0.1756342574954033,0.0052141933701931,-0.016779791563749296,-0.023969564586877802,-0.010523974895477295
5,107,1395,0.3848920863309352,unrelated,Unrelated,7150107,sha256:6422d5d13ee0c0ff,1.063571709694127,0.06144699706228151,0.008799970149993896,1.0653816004532375,0.3139493018388749,-0.9018462598323822,0.4682883098721504,0.00038940412923690014,0.0437002535909414,-0.04319571331143379,-0.008799970149993896
5,120,1408,0.4316546762589928,paraphrase,Paraphrase,7150120,sha256:8e96f294fe37d135,0.10301622571451614,0.022674492563825407,0.0018312931060791016,0.1054980047580592,-0.0276161208748818,-0.001453846693038996,-0.09923496842384338,0.0111057311296463,-0.0195874627679586,-0.0026695788837969,-0.0018312931060791016
5,120,1408,0.4316546762589928,contradictory,Contradictory,7150120,sha256:8e96f294fe37d135,0.3697157883585953,0.03557448976250973,2.0086172819137573,2.042669501825024,0.0112634748220444,-0.1668878272175789,0.3297140449285507,-0.0021018962725064,-0.017459640279412297,-0.0309238955378532,-2.0086172819137573
5,120,1408,0.4316546762589928,unrelated,Unrelated,7150120,sha256:8e96f294fe37d135,0.41705104711103896,0.025566203340980004,2.0202291011810303,2.062985901044503,0.058496914803981795,-0.2160071507096291,0.3519241362810135,-0.0023076629731803,0.0086034908890724,-0.023964252322912098,-2.0202291011810303
5,134,1422,0.4820143884892086,paraphrase,Paraphrase,7150134,sha256:b289cb1e3e4b3bcf,0.14916369663730647,0.02508721978247009,0.011730372905731201,0.15171281633213413,-0.1001597642898559,0.0601534545421601,-0.09273290634155268,0.0022475151345134003,-0.022623155266046503,0.010607078671455404,-0.011730372905731201
5,134,1422,0.4820143884892086,contradictory,Contradictory,7150134,sha256:b289cb1e3e4b3bcf,0.12253903110939035,0.0104086107442406,0.005660593509674072,0.12311050175242981,-0.04858095943927759,0.0903963893651963,0.06696414947509771,-0.0022764728637412,0.009853649884462398,0.0024622008204460005,-0.005660593509674072
5,134,1422,0.4820143884892086,unrelated,Unrelated,7150134,sha256:b289cb1e3e4b3bcf,0.07076107060868801,0.013779337004346368,0.014695227146148682,0.07357274592431619,-0.047153979539871216,-0.025602579116821303,0.04613175988197332,-0.0018328290898353,0.001663807779550601,0.013555169105529799,-0.014695227146148682
5,143,1431,0.5143884892086331,paraphrase,Paraphrase,7150143,sha256:0ca00e62b387f3ab,0.1185614069895137,0.015730720389619823,0.005117058753967285,0.11970984538291353,-0.10700374841690069,0.030991971492767334,-0.040577121078968,0.005008287727832801,-0.014862908981740499,0.0012110138777643,-0.005117058753967285
5,143,1431,0.5143884892086331,contradictory,Contradictory,7150143,sha256:0ca00e62b387f3ab,0.46119854101672203,0.033699560605501194,0.008825957775115967,0.4625123264861219,-0.287590615451336,0.3138357996940613,0.177490346133709,-0.008153275586664701,0.031882278621196705,-0.0072598066180945,0.008825957775115967
5,143,1431,0.5143884892086331,unrelated,Unrelated,7150143,sha256:0ca00e62b387f3ab,0.45211217377765545,0.039973732546165444,0.008787453174591175,0.453960941386949,-0.32449616491794586,0.2325635552406311,0.21218352764844903,-0.0179887453559785,0.034798726439476,0.0079594580456613,0.008787453174591175
5,160,1448,0.5755395683453237,paraphrase,Paraphrase,7150160,sha256:05951eb19c476edc,0.05660735291376535,0.026072302332247395,0.004615604877471813,0.06249368897090836,-0.04509049654006958,0.015668675303459202,-0.030425846576690674,0.0019718073308467934,-0.0109428185969591,-0.023582443594932605,0.004615604877471813
5,160,1448,0.5755395683453237,contradictory,Contradictory,7150160,sha256:05951eb19c476edc,0.09581949596342727,0.03137692416555825,0.00624716281890858,0.10101937546858228,-0.09287628531455988,0.007256679236888901,0.02242124080657959,-0.0024742744863033017,0.005987003445625302,-0.030700897797942203,0.00624716281890858
5,160,1448,0.5755395683453237,unrelated,Unrelated,7150160,sha256:05951eb19c476edc,0.6631753962498731,0.04655951636104054,9.357929229736328e-06,0.6648077878925013,0.10134720057249069,0.5863500013947487,0.2927866578102112,-0.027315923944115604,0.0082481652498245,0.0367912575602531,-9.357929229736328e-06
5,170,1458,0.6115107913669064,paraphrase,Paraphrase,7150170,sha256:fd587ec36621ddbd,0.06428511469854485,0.03629029391391253,0.004002928733825573,0.07392959382149553,-0.0642157793045044,0.0029531531035899977,-0.0004342198371887207,0.0016018175520002072,-0.007185909897088991,-0.0355356484651565,-0.004002928733825573
5,170,1458,0.6115107913669064,contradictory,Contradictory,7150170,sha256:fd587ec36621ddbd,0.08559840742432853,0.06770634153635519,0.0032438039779661976,0.10918680461514746,-0.07657855749130249,-0.004292756319046104,0.038005053997039795,0.0018993554404003999,0.011975005269050605,-0.0666118636727333,-0.0032438039779661976
5,170,1458,0.6115107913669064,unrelated,Unrelated,7150170,sha256:fd587ec36621ddbd,0.39355793738814737,0.02189254590268715,0.009487450122833141,0.39428054143864044,0.026342332363128718,0.3827055692672729,0.08792257308959961,-0.0072204188909382,0.019090972840786,-0.00791731476783751,-0.009487450122833141
5,183,1471,0.658273381294964,paraphrase,Paraphrase,7150183,sha256:0a201498705f9712,0.2380726890574667,0.017113038314669066,0.0009548664093015358,0.23868886259160096,-0.1253364160656928,-0.0197849422693252,-0.20143967866897583,0.0008945559966377845,-0.0167825184762478,0.003225356340408301,-0.0009548664093015358
5,183,1471,0.658273381294964,contradictory,Contradictory,7150183,sha256:0a201498705f9712,0.44952498770180116,0.007613560460998815,0.007692694664001687,0.4496552662011103,-0.1527674570679664,-0.020673714578151703,-0.42226462811231613,-0.0006325734429992,-0.0051681287586688995,0.0055548716336487995,0.007692694664001687
5,183,1471,0.658273381294964,unrelated,Unrelated,7150183,sha256:0a201498705f9712,0.5215141760715722,0.010803653799748411,0.01444101333618164,0.5218259265743812,-0.16711165755987162,0.0202833414077758,-0.4935983344912528,-0.0013519074418582,0.007540334016084699,0.007618047297000899,0.01444101333618164
5,206,1494,0.7410071942446043,paraphrase,Paraphrase,7150206,sha256:4723e80636663fc4,0.09474264918230177,0.008155896553664369,0.004058361053466797,0.09517961187730845,-0.09088429808616641,-0.022845260798931,-0.013939440250396729,0.0022765353787689998,-0.0045861229300499,0.0063485046848654,0.004058361053466797
5,206,1494,0.7410071942446043,contradictory,Contradictory,7150206,sha256:4723e80636663fc4,0.12324400359571877,0.007854761220440763,0.00014907121658325195,0.12349414527968237,-0.1121093034744263,-0.0279894992709158,0.04286229610443115,0.0040586967952549,0.005085907876491599,-0.0043997494503856,-0.00014907121658325195
5,206,1494,0.7410071942446043,unrelated,Unrelated,7150206,sha256:4723e80636663fc4,0.13682631070003315,0.015064985506314132,0.002628028392791637,0.1376782467251845,-0.12451297044754031,0.0437745861709118,-0.03607970476150513,-0.012545426376163998,-8.666515350340062e-05,-0.008340177126228901,-0.002628028392791637
5,218,1506,0.7841726618705036,paraphrase,Paraphrase,7150218,sha256:0a5838f5d7525a43,0.14445272236569678,0.020652478619204214,0.008932054042816273,0.1461947176248224,-0.11509183049201965,0.06273257732391363,-0.06070488691329956,0.0019433610141277,-0.020560830831527703,-2.136826515190121e-05,0.008932054042816273
5,218,1506,0.7841726618705036,contradictory,Contradictory,7150218,sha256:0a5838f5d7525a43,0.24844251873165205,0.01810461138257544,0.00391268730163552,0.24913203565371062,-0.10659074783325195,0.007693439722061213,-0.2242830991744995,0.00014264788478610037,-0.016736764460802002,-0.006901979446411098,-0.00391268730163552
5,218,1506,0.7841726618705036,unrelated,Unrelated,7150218,sha256:0a5838f5d7525a43,0.7443698695348556,0.040083270522286156,0.016027867794036754,0.7456205897057322,-0.21100580692291263,0.00402560830116272,-0.7138255015015603,-0.0012000016868114992,-0.0399668104946613,-0.002807602286338799,0.016027867794036754
5,230,1518,0.8273381294964028,paraphrase,Paraphrase,7150230,sha256:727d9925731cdbf0,0.30017683437945636,0.026781533430998778,0.001114487648010476,0.30137124035598495,-0.1369471549987793,0.1485173106193542,-0.22202301025390625,0.017604686319828096,-0.019017179496586198,-0.006758138537406901,-0.001114487648010476
5,230,1518,0.8273381294964028,contradictory,Contradictory,7150230,sha256:727d9925731cdbf0,0.8546108066855104,0.02031905821227285,1.9805157780647282,2.157131252889733,-0.05483013391494751,-0.2955315709114074,-0.800008986145258,0.0061511546373368,0.0133220218122006,-0.014055289328098304,-1.9805157780647282
5,230,1518,0.8273381294964028,unrelated,Unrelated,7150230,sha256:727d9925731cdbf0,1.177724026452715,0.0554715867269937,1.9824647307395937,2.3065726496350414,-0.28464937210083013,-0.3608216941356658,-1.0843506455421448,0.016675967723131194,0.039552204310894,-0.0351373329758644,-1.9824647307395937
5,241,1529,0.8669064748201439,paraphrase,Paraphrase,7150241,sha256:0fdcd4537516f6ee,0.13365033995226383,0.015493616473538223,0.004416108131408247,0.1346178574031435,0.03337487578392029,-0.013770639896392822,-0.1286813914775849,0.0106892804615199,-0.008770711254328501,-0.006990426219999699,-0.004416108131408247
5,241,1529,0.8669064748201439,contradictory,Contradictory,7150241,sha256:0fdcd4537516f6ee,0.3487562581806669,0.03578159303376069,0.00651121139526345,0.3506474666870523,0.10276355594396588,-0.2441529631614685,-0.22684776782989508,0.029595820698887103,-0.011406188365071901,-0.016562266275286598,-0.00651121139526345
5,241,1529,0.8669064748201439,unrelated,Unrelated,7150241,sha256:0fdcd4537516f6ee,0.968831790718911,0.06902665567981993,2.0015609860420227,2.2247800113151563,-0.050097912549972506,-0.9375368058681488,-0.23906061053276068,0.0337758236564696,0.047094963490962996,-0.0374958310276269,-2.0015609860420227
5,252,1540,0.9064748201438848,paraphrase,Paraphrase,7150252,sha256:3d7bcf67d3bf0784,0.13880493175554495,0.01857690660761193,2.0246304273605347,2.0294679790360997,-0.0208288133144379,0.07650817930698389,-0.11392746865749359,0.018036811612546503,0.0011137351393699924,0.0043051689863205025,2.0246304273605347
5,252,1540,0.9064748201438848,contradictory,Contradictory,7150252,sha256:3d7bcf67d3bf0784,0.17964987896161663,0.03174741321406489,0.024170041084289662,0.18402762874830603,0.0342357233166694,-0.08992664515972142,0.15170758962631212,0.010997406207025101,-0.0156756192445755,-0.025322524830698898,0.024170041084289662
5,252,1540,0.9064748201438848,unrelated,Unrelated,7150252,sha256:3d7bcf67d3bf0784,0.16347194371435078,0.010065882357811154,0.012944102287292703,0.16429226443570938,0.009416133165359504,-0.11057099699974061,0.1200352758169174,0.005499787628650702,0.0067724063992501,-0.005020840093493399,0.012944102287292703
5,278,1566,1.0,paraphrase,Paraphrase,7150278,sha256:2c6406c90ca50e77,0.05179329467969543,0.013937964857753365,0.0024657845497131348,0.05369257240624013,-0.034749999642372104,0.008961334824562003,-0.0373453795909882,0.0026361020281911005,-0.013098932802677099,0.003966836258769002,-0.0024657845497131348
5,278,1566,1.0,contradictory,Contradictory,7150278,sha256:2c6406c90ca50e77,0.12011702775099282,0.01588594776700071,0.004004299640655518,0.12122911410960988,0.012846350669860784,0.06349584460258481,0.10115013271570211,-0.011214892845600798,0.008649289608001702,-0.007195783779025099,0.004004299640655518
5,278,1566,1.0,unrelated,Unrelated,7150278,sha256:2c6406c90ca50e77,0.0790584072094261,0.017822331048419144,0.004865705966949463,0.08118831399313384,0.0339718163013458,0.034169323742389596,0.0626785829663277,-0.0096047702245414,0.0063705071806908,0.013594135176390403,-0.004865705966949463
6,0,1567,0.0,paraphrase,Paraphrase,7160000,sha256:f4545ba941310b2a,0.11426118526847497,0.008125841247638403,0.0009752511978153855,0.1145539125034035,0.0738798379898072,-0.029354706406593295,-0.08207124471664429,0.0007157245418057,-0.004114906303584601,-0.006970264017582,0.0009752511978153855
6,0,1567,0.0,contradictory,Contradictory,7160000,sha256:f4545ba941310b2a,0.12915933526145437,0.008828417340567146,0.0037020444869997338,0.12951362851570378,-0.1013349294662474,0.0755590349435806,-0.0265367329120636,0.0011593289382289,-0.0016971118748187993,-0.008585844188928701,0.0037020444869997338
6,0,1567,0.0,unrelated,Unrelated,7160000,sha256:f4545ba941310b2a,0.3677727387275311,0.041019616519076776,0.007290840148926114,0.37012505000418183,-0.1652271226048468,-0.3243911266326905,-0.05222243070602417,-0.0030091647058726,0.011322146747261199,0.0393111035227775,0.007290840148926114
6,27,1594,0.0894039735099337,paraphrase,Paraphrase,7160027,sha256:952a9bd8dcfb37ca,0.12765912832296816,0.015214322317556497,0.0042171478271486595,0.1286316950971205,-0.012151718139648438,0.05544072389602661,-0.1143482178449631,0.009540721774101299,-0.008722536265850001,-0.0080229416489601,-0.0042171478271486595
6,27,1594,0.0894039735099337,contradictory,Contradictory,7160027,sha256:952a9bd8dcfb37ca,0.11662530628018042,0.013662579608136884,0.011813163757324219,0.11801558788758341,-0.06634765863418579,0.0940900444984436,-0.0186148807406425,0.0008265972137451033,-0.0003931131213903011,-0.0136318847071378,0.011813163757324219
6,27,1594,0.0894039735099337,unrelated,Unrelated,7160027,sha256:952a9bd8dcfb37ca,0.42509756547800004,0.05598209336611172,0.02333068847656261,0.42940220770015264,-0.4174563586711884,5.447864532470703e-05,-0.0802379325032234,-0.024567069485783598,0.005536120384931599,0.049998052418232006,0.02333068847656261
6,30,1597,0.0993377483443708,paraphrase,Paraphrase,7160030,sha256:59d0fa7dac03bf8f,0.3746193098226313,0.021680419335771202,0.0022110939025878906,0.3752526573001257,-0.16430538892745972,0.2306396663188935,-0.24525234103202825,0.0022147363051771996,-0.021515022963285398,0.0014964332804083998,0.0022110939025878906
6,30,1597,0.0993377483443708,contradictory,Contradictory,7160030,sha256:59d0fa7dac03bf8f,0.5047948685491191,0.0177248898626794,0.002276778221130371,0.5051110914969447,-0.3121080622076988,0.3080301731824875,-0.250047653913498,0.0010521779768168996,-0.017693527042865698,-6.117951124899948e-05,0.002276778221130371
6,30,1597,0.0993377483443708,unrelated,Unrelated,7160030,sha256:59d0fa7dac03bf8f,0.6847452999153293,0.07607148944576955,0.005026459693908691,0.688976242376823,-0.6021133363246918,0.2013415098190308,-0.25650975108146673,-0.005822917446494,-0.013204433023929596,0.0746900802478194,0.005026459693908691
6,46,1613,0.152317880794702,paraphrase,Paraphrase,7160046,sha256:635d7867345bcc8d,0.12886636413080238,0.007936764057460532,0.004224300384521484,0.12917962974763095,-0.1229681894183159,0.017227813601493808,-0.03447559475898743,0.0025379434227943993,-0.0033603515475987998,-0.006727488711476399,0.004224300384521484
6,46,1613,0.152317880794702,contradictory,Contradictory,7160046,sha256:635d7867345bcc8d,0.20446376123091548,0.024477817311797663,0.01082545518875122,0.20620810768998926,-0.15035533159971237,0.011373564600944491,0.1380918025970459,-0.007559737190604201,0.000664867926389,-0.023271696642041297,0.01082545518875122
6,46,1613,0.152317880794702,unrelated,Unrelated,7160046,sha256:635d7867345bcc8d,0.3384517432584145,0.09614161690534469,0.01447427272796642,0.3521395995721545,-0.11625709384679801,0.30603615939617157,0.08588212728500372,0.0011650798842310992,0.0034604347310959,0.096072256565094,0.01447427272796642
6,70,1637,0.2317880794701986,paraphrase,Paraphrase,7160070,sha256:51f8149b02368796,0.615870130029571,0.01394590866042679,0.006149172782897949,0.616058696681509,-0.1298275366425514,-0.0693901926279068,-0.5980182513594628,0.0011296931770629999,-0.0103013366460801,0.00933245010674,0.006149172782897949
6,70,1637,0.2317880794701986,contradictory,Contradictory,7160070,sha256:51f8149b02368796,0.7695474751459608,0.0026651291316776163,0.0032938718795776367,0.7695591393835635,-0.0995436683297157,-0.0909479409456253,-0.7576429545879364,0.0013639662065543,0.0010554753243923014,0.0020318664610386,-0.0032938718795776367
6,70,1637,0.2317880794701986,unrelated,Unrelated,7160070,sha256:51f8149b02368796,1.0087623733913285,0.022153335202569856,2.0062440633773804,2.2456864291498237,-0.2458491399884224,-0.1111670285463333,-0.9720090627670288,0.0015135368448682,-0.0138329900801182,0.017237396910786698,-2.0062440633773804
6,84,1651,0.2781456953642384,paraphrase,Paraphrase,7160084,sha256:b65ebe80d48b7914,0.10121955616968871,0.009311489346051404,0.007199764251708984,0.10190161426744221,0.022561460733413696,0.026095926761627197,-0.09515976905822748,0.00037471484392880006,-0.008338836021721299,-0.0041264072060585005,0.007199764251708984
6,84,1651,0.2781456953642384,contradictory,Contradictory,7160084,sha256:b65ebe80d48b7914,0.1620886342171114,0.01370143696084486,0.0021646618843078613,0.16268110055637658,0.0752599611878395,-0.0495036244392395,0.13475182652473455,-0.0004740364383906,-0.0023674387484789003,-0.013487027026712901,-0.0021646618843078613
6,84,1651,0.2781456953642384,unrelated,Unrelated,7160084,sha256:b65ebe80d48b7914,0.7963709415521107,0.03928924306961303,1.9873436093330383,2.141327845689783,0.181246928870678,-0.7754682637751104,0.002280175685882624,-0.0029984333086759,0.0311775859445333,0.023719446733593903,-1.9873436093330383
6,104,1671,0.3443708609271523,paraphrase,Paraphrase,7160104,sha256:ac1333e7dfdeb805,0.13433720136069002,0.013248883349224257,0.008799433708190918,0.13527544719204876,0.000956639647483902,0.0378299355506897,-0.12889710813760757,0.0010231526102871,-0.012971207499504103,-0.002496766857802899,0.008799433708190918
6,104,1671,0.3443708609271523,contradictory,Contradictory,7160104,sha256:ac1333e7dfdeb805,0.2779532406698879,0.021590158152881223,0.005631566047668235,0.27884736589056797,0.1707197278738022,-0.07998102903366089,0.20424449443817141,0.0011329012922943,-0.012033745646476801,-0.017889673821628,0.005631566047668235
6,104,1671,0.3443708609271523,unrelated,Unrelated,7160104,sha256:ac1333e7dfdeb805,0.904937340087161,0.011972549122543124,1.990528166294098,2.1866086326150507,0.1369356811046601,-0.8898452818393707,0.09129941463470462,-0.0098210447467863,0.006505787372589101,-0.002136291936039999,-1.990528166294098
6,114,1681,0.3774834437086092,paraphrase,Paraphrase,7160114,sha256:1fc6c201303143dd,0.2765895627735291,0.02247101417846169,0.0015954971313476562,0.27750545638699925,-0.07760307192802426,0.0776708200573921,-0.2538637295365332,0.0049676073249429,-0.017304852604865993,0.013446614146232598,0.0015954971313476562
6,114,1681,0.3774834437086092,contradictory,Contradictory,7160114,sha256:1fc6c201303143dd,0.16850731926376494,0.028234712655710776,0.014366626739501953,0.1714593701378934,0.06626027822494512,-0.044332087039947496,0.1484552398324013,-0.0045664957724512005,-0.021603390574455296,-0.017596580088138594,0.014366626739501953
6,114,1681,0.3774834437086092,unrelated,Unrelated,7160114,sha256:1fc6c201303143dd,0.6038210781728375,0.020717793341255515,0.00599217414855957,0.6042061134726837,0.17149507999420172,-0.4272317215800284,0.39072034507989895,-0.0027374671772122,-0.0031669214367866932,-0.0202904865145683,0.00599217414855957
6,134,1701,0.4437086092715231,paraphrase,Paraphrase,7160134,sha256:e1d580806084e198,0.03259928221522384,0.007985115205547401,0.006098151206970104,0.03411250084553674,-0.010297492146492001,0.0016818717122077005,-0.030884400010108996,0.0013389147934502958,-0.007813289761543201,0.0009601432830096002,-0.006098151206970104
6,134,1701,0.4437086092715231,contradictory,Contradictory,7160134,sha256:e1d580806084e198,0.07005727106264256,0.008954393997175207,0.0039032697677613415,0.0707349836748489,0.0146229676902293,0.0181839317083358,0.0660570561885834,-0.0008935355581344,0.0034359730780123996,-0.008220514282584199,0.0039032697677613415
6,134,1701,0.4437086092715231,unrelated,Unrelated,7160134,sha256:e1d580806084e198,0.11266411648094722,0.011204967201255437,0.002712726593017578,0.113252431841361,0.0096932128071785,-0.079848475754261,0.07888894528150561,-0.0008938610553741999,0.007794523146003401,0.0079998569563032,0.002712726593017578
6,146,1713,0.4834437086092715,paraphrase,Paraphrase,7160146,sha256:47c48f3cee94110f,0.14473501822833554,0.018930020782957666,0.00859004259109486,0.14622024490513155,-0.051122389733791296,0.10850535333156588,-0.0810019448399544,0.0002369526773691004,-0.017587646842002903,0.006997443735599601,-0.00859004259109486
6,146,1713,0.4834437086092715,contradictory,Contradictory,7160146,sha256:47c48f3cee94110f,0.20299662379522435,0.013821391575040387,0.008143603801727184,0.20362951264541676,-0.0299578756093978,0.20073352754116058,0.004025653004646301,-0.013068779662717061,0.004409674555063296,-0.000890299677848802,-0.008143603801727184
6,146,1713,0.4834437086092715,unrelated,Unrelated,7160146,sha256:47c48f3cee94110f,0.11134803400519958,0.020981127614747044,0.012614071369171032,0.11400748742655423,-0.0743836089968681,0.07613679766654968,0.03269023448228839,-0.014366024872288,0.005908172577619601,0.014103848487138797,-0.012614071369171032
6,159,1726,0.5264900662251656,paraphrase,Paraphrase,7160159,sha256:9d7e75918f17cfb4,0.20953713757163306,0.006352870432311291,0.0012844204902650036,0.20963735526007532,-0.200666457414627,0.044576823711395305,-0.04064100980758667,0.0002825277042574782,-0.004054345190524999,0.0048827682621776,0.0012844204902650036
6,159,1726,0.5264900662251656,contradictory,Contradictory,7160159,sha256:9d7e75918f17cfb4,0.288188774542786,0.017998223265367687,0.0005617141723633923,0.288750794520109,-0.2825211882591247,0.0529296100139618,-0.020808756351470947,0.0015353515045716782,0.017479091882705702,-0.0040075033903122,0.0005617141723633923
6,159,1726,0.5264900662251656,unrelated,Unrelated,7160159,sha256:9d7e75918f17cfb4,0.43592051018667877,0.02470126534909472,0.008471846580505149,0.4367019760611856,-0.4249245226383208,0.0970782414078713,-0.006454169750213623,-0.018908168887719422,0.0010146945714951047,0.0158620318397879,-0.008471846580505149
6,175,1742,0.5794701986754967,paraphrase,Paraphrase,7160175,sha256:e346e3698b6a28ca,0.09116976657543095,0.007298756825940402,0.0017301440238951526,0.09147782019137862,-0.0792774111032486,-0.041350953280925806,-0.01780778169631958,0.0015121225733310002,-0.007139924913644799,-8.251518011100079e-05,0.0017301440238951526
6,175,1742,0.5794701986754967,contradictory,Contradictory,7160175,sha256:e346e3698b6a28ca,0.1165456487681072,0.00787705821052201,0.001985192298889271,0.11682840956417463,-0.09083278477191929,-0.0640641450881958,0.035043954849243164,0.0016699880361557,0.007268734276294701,0.002534696832299198,-0.001985192298889271
6,175,1742,0.5794701986754967,unrelated,Unrelated,7160175,sha256:e346e3698b6a28ca,0.14001021845066663,0.031235397750862568,0.017218351364135742,0.14448177382271032,-0.0664428621530533,0.12203541398048398,-0.01719200611114502,-0.0018849531188606995,0.012071009725332298,0.028746960684657097,-0.017218351364135742
6,181,1748,0.5993377483443708,paraphrase,Paraphrase,7160181,sha256:953a16968d993235,0.09719916552132753,0.007591662287059237,0.009043216705322155,0.0979136909870249,-0.0745724067091941,-0.043385721743106696,-0.04476955533027649,0.0019824312767014,-0.007151196710765398,-0.0016011521220207978,0.009043216705322155
6,181,1748,0.5993377483443708,contradictory,Contradictory,7160181,sha256:953a16968d993235,0.06425237634450714,0.013598050149486568,0.0042111873626710095,0.06581040140272397,-0.041737250983714995,-0.027040891349315595,0.040683656930923406,-0.0005356159526853999,0.0072967009618878,0.0114620346575975,0.0042111873626710095
6,181,1748,0.5993377483443708,unrelated,Unrelated,7160181,sha256:953a16968d993235,0.0628670939710019,0.018182683130308505,0.011775851249694824,0.06649475274659594,-0.061344675719738,-0.008349463343620297,-0.010926514863967896,-0.002379389014095,0.0050100563094019005,0.017316114157438202,0.011775851249694824
6,203,1770,0.6721854304635762,paraphrase,Paraphrase,7160203,sha256:8b8974ee99771afc,0.22861750851441193,0.02197350014791667,0.0038626790046691895,0.22970354850802985,-0.059919781982898705,-0.026743769645691,-0.2189985290169715,0.0151554280892015,-0.0148889198899268,-0.0056096143089234,-0.0038626790046691895
6,203,1770,0.6721854304635762,contradictory,Contradictory,7160203,sha256:8b8974ee99771afc,0.20331259434037346,0.016759333827835687,0.0036510229110717773,0.20403484078966333,-0.0954785794019698,0.0056468248367309015,-0.1794100478291511,0.0123633146286011,-0.0075633255764841,-0.0084154517389833,0.0036510229110717773
6,203,1770,0.6721854304635762,unrelated,Unrelated,7160203,sha256:8b8974ee99771afc,0.373539744788814,0.024798313338231116,0.001169741153717041,0.374363814458182,0.04735077917575829,0.0109543055295944,0.3703644797205925,-0.024241907522082298,-0.0048724892549217,0.0018828469328582,0.001169741153717041
6,223,1790,0.7384105960264901,paraphrase,Paraphrase,7160223,sha256:4256cc0ff5bb55a4,0.10967725433069604,0.010331698489440658,0.001968681812286488,0.11018039671046262,-0.08983644098043449,-0.0402652025222778,-0.04834488034248352,0.0016945930547081,-0.0086490563116967,-0.0053913053125143,0.001968681812286488
6,223,1790,0.7384105960264901,contradictory,Contradictory,7160223,sha256:4256cc0ff5bb55a4,0.0906658107549405,0.007691279178618583,0.0008150339126586914,0.0909951058878054,-0.0770510360598564,-0.026473149657249402,0.03978189826011658,0.0018642078503035,0.0032394966110588005,-0.0067220656201243,0.0008150339126586914
6,223,1790,0.7384105960264901,unrelated,Unrelated,7160223,sha256:4256cc0ff5bb55a4,0.15189988599465,0.01298765517407126,0.010479867458343506,0.1528138808291076,-0.09546577185392381,0.10781052708625789,-0.048339962959289606,-0.0103167647030204,-0.0030425647273658995,0.0072791725397109,-0.010479867458343506
6,229,1796,0.7582781456953642,paraphrase,Paraphrase,7160229,sha256:b25f3c9bc585e008,0.3212337568205662,0.018279701080570983,2.0393604040145874,2.064586188914183,-0.211692899465561,-0.040813885629176996,-0.2381417006254197,0.0130592547357083,-0.0127301244065165,0.0012438930571079011,-2.0393604040145874
6,229,1796,0.7582781456953642,contradictory,Contradictory,7160229,sha256:b25f3c9bc585e008,0.06454435240512658,0.004946755516438388,0.002435445785522239,0.06477943511416877,-0.050131976604461725,-0.025766916573047596,-0.031445577740669306,0.004003748297691401,0.0012562694028019998,-0.0026195757091045,-0.002435445785522239
6,229,1796,0.7582781456953642,unrelated,Unrelated,7160229,sha256:b25f3c9bc585e008,0.31029461329168145,0.009449596501707304,2.025821328163147,2.0494692228849343,-0.24803850054740914,0.026270993053913103,-0.1845792084932328,0.0021772868931293973,0.0067115491256117005,0.006285650655627202,-2.025821328163147
6,244,1811,0.8079470198675497,paraphrase,Paraphrase,7160244,sha256:360b4cf7c044a636,0.12275389879845798,0.009822797432760759,0.0005232095718383789,0.12314739448272212,-0.09982636570930489,0.07035224139690399,-0.01240074634552002,0.0023768581449985,-0.0092372521758079,0.0023475661873817028,-0.0005232095718383789
6,244,1811,0.8079470198675497,contradictory,Contradictory,7160244,sha256:360b4cf7c044a636,0.09562706598061126,0.007034102723951602,1.1563301086314759e-05,0.09588542372488747,-0.0603976845741272,-0.014423668384552002,-0.07272285223007202,-0.0044253347441554,-0.0035397773608565,-0.004167132079601295,-1.1563301086314759e-05
6,244,1811,0.8079470198675497,unrelated,Unrelated,7160244,sha256:360b4cf7c044a636,0.4892681754718308,0.015036769184005108,0.019039928913116455,0.48986934058996157,-0.1274145543575287,-0.057747006416320815,-0.4688434302806855,-0.014396422542631598,0.003942068666219699,0.0018186643719673018,0.019039928913116455
6,257,1824,0.8509933774834437,paraphrase,Paraphrase,7160257,sha256:efabe3340981546f,0.20570255511727362,0.012258104800430313,0.004037022590637207,0.20610701071644952,-0.0014816820621491034,0.04441255331039429,-0.2008453905582428,0.0003114718128926999,-0.011025062762200902,-0.0053490288555622,0.004037022590637207
6,257,1824,0.8509933774834437,contradictory,Contradictory,7160257,sha256:efabe3340981546f,0.1566067319107244,0.012381703889211865,0.0058910250663760655,0.157205849914341,0.11450748890638349,-0.07472103834152222,0.07635751366615301,0.00032671837834639993,-0.0065768454223871994,-0.0104854637756944,-0.0058910250663760655
6,257,1824,0.8509933774834437,unrelated,Unrelated,7160257,sha256:efabe3340981546f,0.7866741336308652,0.021684171016497198,2.012981653213501,2.1613471567452334,0.1635317802429199,-0.7573841549456121,-0.135951429605484,-0.0012986434157938001,0.021237238310277302,-0.0041828826069832,-2.012981653213501
6,282,1849,0.933774834437086,paraphrase,Paraphrase,7160282,sha256:ebd3964ac5e7acbf,0.06020652901499602,0.008718784679288383,0.001675248146057129,0.06085761906834854,-0.018758252263069194,-0.0104592107236385,-0.0562455244362353,0.007241114042699301,-0.004691950976848602,-0.0012526251375676,-0.001675248146057129
6,282,1849,0.933774834437086,contradictory,Contradictory,7160282,sha256:ebd3964ac5e7acbf,0.06170547834764084,0.013106292566942984,0.0063378214836120605,0.06339959734982244,0.015098154544830301,-0.002401873469352698,0.05978162586689001,-0.0009291223250330002,0.0010256320238112987,-0.0130330240353942,0.0063378214836120605
6,282,1849,0.933774834437086,unrelated,Unrelated,7160282,sha256:ebd3964ac5e7acbf,0.08386166217884265,0.04954802233136671,0.007455289363861195,0.09769015426258085,-0.0011376291513442993,-0.0733315311372279,0.0406690388917923,0.0015964391641317996,-0.0494352281093598,-0.002935322932899,0.007455289363861195
6,302,1869,1.0,paraphrase,Paraphrase,7160302,sha256:e40412bf657858eb,0.08164341101096163,0.02172421743811274,0.005593538284301647,0.08466921433048238,-0.04281681030988692,0.022979386150836896,-0.0656072795391083,0.004570189863443298,-0.02096875011920929,0.003371424973011003,-0.005593538284301647
6,302,1869,1.0,contradictory,Contradictory,7160302,sha256:e40412bf657858eb,0.10381292372793967,0.01408951896470589,0.0026767849922180176,0.1047988685792666,-0.035467863082885714,0.0606717988848685,0.07640737295150751,-0.005804406479001101,0.0028509050607680997,-0.012517817318439498,0.0026767849922180176
6,302,1869,1.0,unrelated,Unrelated,7160302,sha256:e40412bf657858eb,0.2005024059024978,0.055954055845715445,0.0004364252090451881,0.20816402572307857,0.0412221550941467,-0.1342715620994568,0.1430842280387878,-0.001008745282888402,-0.05408917367458349,0.0142898596823215,-0.0004364252090451881
7,0,1870,0.0,paraphrase,Paraphrase,7170000,sha256:c88caf223c76ed2c,0.1180268658489194,0.010496514816445611,0.004160106182098278,0.11856569642547127,0.07690899819135669,0.0033885389566421006,-0.089464321732521,0.0080003198236227,-0.0025599040091037993,-0.006294330582022698,-0.004160106182098278
7,0,1870,0.0,contradictory,Contradictory,7170000,sha256:c88caf223c76ed2c,0.05785772994949791,0.015197547682411827,0.00545012950897239,0.06006818027985183,-0.0158962681889534,0.0547953955829142,-0.0096067786216735,0.0015687812119723026,-0.0104420315474272,-0.010930158197879798,0.00545012950897239
7,0,1870,0.0,unrelated,Unrelated,7170000,sha256:c88caf223c76ed2c,0.3827974071960023,0.04341989247074361,0.0004053711891172096,0.38525226325610845,-0.1361107379198073,-0.353803887963295,-0.053202733397483826,0.0039519798010588005,0.018982540816068604,0.03885012306272981,-0.0004053711891172096
7,21,1891,0.0853658536585365,paraphrase,Paraphrase,7170021,sha256:2fb5d19c7eb830b6,0.2052052067855735,0.02103905478082934,0.0055696964263916016,0.2063561005549942,-0.0661489069461823,0.10243952274322515,-0.165044367313385,0.0014641552697867,-0.0152791412547231,-0.014389090240001706,-0.0055696964263916016
7,21,1891,0.0853658536585365,contradictory,Contradictory,7170021,sha256:2fb5d19c7eb830b6,0.2445852823910108,0.019515057858254078,0.0057944655418396,0.24543099575321994,-0.14309531450271612,0.16168531775474548,-0.11490669846534729,-0.0006796165835111999,-0.0156754786148668,-0.011604093015194009,-0.0057944655418396
7,21,1891,0.0853658536585365,unrelated,Unrelated,7170021,sha256:2fb5d19c7eb830b6,0.49939887083580387,0.05931640157000937,0.0024834871292112037,0.5029153362103919,-0.4945412874221802,-0.02558314800262451,-0.06460379064083102,-0.0035923914401790997,-0.0012779543176294002,0.05919372476637359,-0.0024834871292112037
7,35,1905,0.1422764227642276,paraphrase,Paraphrase,7170035,sha256:225ad91ed82fff31,0.2012949314981275,0.02109742669101913,0.002572774887084961,0.2024138582964081,-0.1819429397583008,0.058688059449195806,-0.06302481889724731,0.013578444719314506,-0.004977524280548096,0.015360713005065897,0.002572774887084961
7,35,1905,0.1422764227642276,contradictory,Contradictory,7170035,sha256:225ad91ed82fff31,0.35949648034988074,0.01239683484249569,0.005817532539367676,0.35975720226690516,-0.3483600690960883,0.08835676312446591,-0.008721470832824707,0.0012584216892718991,-0.002479575574397999,0.012080959975719396,0.005817532539367676
7,35,1905,0.1422764227642276,unrelated,Unrelated,7170035,sha256:225ad91ed82fff31,0.4377141943640989,0.06987170571289696,0.015862882137298584,0.44353962871060765,-0.4220718443393706,0.049388617277145413,-0.10492777824401855,0.0028700493276119024,-0.006157606840133598,0.0695406496524809,0.015862882137298584
7,39,1909,0.1585365853658536,paraphrase,Paraphrase,7170039,sha256:83f8fa6fd5e5ddbc,0.1944797662664469,0.009376205065621472,0.003645658493041992,0.19473978415909857,-0.1876226365566254,0.018846064805984497,-0.04759150743484497,0.0033623534254729006,-0.0024618897587060998,-0.008399220183491703,-0.003645658493041992
7,39,1909,0.1585365853658536,contradictory,Contradictory,7170039,sha256:83f8fa6fd5e5ddbc,0.2946528907867254,0.025033489508622775,0.007154881954193226,0.2958009364111796,-0.2858913242816925,0.029626697301864624,0.06487476825714111,0.0002283186186105,9.329896420239969e-05,-0.025032274425029803,0.007154881954193226
7,39,1909,0.1585365853658536,unrelated,Unrelated,7170039,sha256:83f8fa6fd5e5ddbc,0.3227631400691464,0.08484640957062221,0.01506417989730835,0.33406868653062904,-0.3126997649669647,0.0797975063323974,0.005221068859100342,-0.0049857981503009,0.007890410721302,0.0843314677476883,0.01506417989730835
7,49,1919,0.1991869918699187,paraphrase,Paraphrase,7170049,sha256:f887ab444e6a6f4b,0.1385578392661916,0.010291185209003186,0.0028226375579831764,0.13896816397256437,-0.1374887228012085,-0.0046723224222659995,-0.016531646251678467,0.0011663369368760997,-0.0034051239490509,-0.0096412282437086,-0.0028226375579831764
7,49,1919,0.1991869918699187,contradictory,Contradictory,7170049,sha256:f887ab444e6a6f4b,0.1939753604360669,0.03070182471072751,2.012598156929016,2.0221573588054276,-0.016721278429031372,-0.0033559761941432953,0.19322416186332708,-0.0013528706622309,0.014577699825167701,-0.026986338198185002,2.012598156929016
7,49,1919,0.1991869918699187,unrelated,Unrelated,7170049,sha256:f887ab444e6a6f4b,0.2361829211085851,0.06978742642822222,0.0035603046417234108,0.24630333509719382,-0.20791053771972656,0.100438091903925,0.04967665672302246,-0.0044804788194596,0.0036738039925695003,0.0695464834570885,0.0035603046417234108
7,67,1937,0.2723577235772357,paraphrase,Paraphrase,7170067,sha256:df1036601f954563,0.11001517193128772,0.00443027619156055,0.005462646484375,0.1102397655513543,-0.0756586194038391,0.0745292603969574,-0.028714120388031006,-0.0020055649802088998,0.0006544701755047053,-0.0038957316428422997,0.005462646484375
7,67,1937,0.2723577235772357,contradictory,Contradictory,7170067,sha256:df1036601f954563,0.4051543956229262,0.03145690231692675,0.009746730327606312,0.4064906145878824,-0.011881716549396498,-0.2091061398386955,-0.3468191623687744,-0.0083500687032938,0.027166076004505206,-0.013483967166394,-0.009746730327606312
7,67,1937,0.2723577235772357,unrelated,Unrelated,7170067,sha256:df1036601f954563,0.8030892532167255,0.0469777555034648,2.015439987182617,2.170059354045186,-0.08316300809383399,-0.24407568946480748,-0.7605677619576455,-0.0082898605614901,0.0424478873610497,0.0183402448892594,-2.015439987182617
7,83,1953,0.3373983739837398,paraphrase,Paraphrase,7170083,sha256:6c4c06a343cb50fc,0.10876842118522558,0.0012531996038491235,0.005350708961486816,0.10890716249523835,-0.0006838962435722004,0.045958638191223145,-0.09857943654060364,-0.0007714568637310999,-0.0003911647945642003,0.0009068371728062994,0.005350708961486816
7,83,1953,0.3373983739837398,contradictory,Contradictory,7170083,sha256:6c4c06a343cb50fc,0.11157453152873337,0.010836640496574037,0.004309177398681641,0.11218234207290206,0.053471803665161105,-0.04966294765472412,0.0843992531299591,-8.153798989950006e-05,0.0007532685995101998,-0.010810120962560201,-0.004309177398681641
7,83,1953,0.3373983739837398,unrelated,Unrelated,7170083,sha256:6c4c06a343cb50fc,0.8122840637486548,0.0443062844129241,2.013360917568207,2.171495022202353,0.2504013404250145,-0.761432521045208,-0.13162478804588323,-0.0005179869476706002,0.043941355310380396,-0.005651178769767302,-2.013360917568207
7,89,1959,0.3617886178861789,paraphrase,Paraphrase,7170089,sha256:bd027dde059881f9,0.09517629437727983,0.005535385579975372,0.003868579864501953,0.09541558266382728,0.013640459626913098,0.0053942203521728516,-0.0940391793847085,-0.00010780151933429977,-0.0055143209174276,-0.0004702522419393002,0.003868579864501953
7,89,1959,0.3617886178861789,contradictory,Contradictory,7170089,sha256:bd027dde059881f9,0.08032078472459467,0.008009693820371274,0.00017118453979492188,0.08071934686317425,0.0666380785405636,-0.03380024433135986,0.02946758270263669,0.0027455105446278997,-0.0026172567158938,-0.0070545966736972,0.00017118453979492188
7,89,1959,0.3617886178861789,unrelated,Unrelated,7170089,sha256:bd027dde059881f9,0.6429286079429297,0.03856079735115109,2.005951166152954,2.1068185045214944,0.2221797369420528,-0.5702776908874512,-0.1969180405139923,0.0038932955358177003,0.0366467377170919,-0.0113487425260245,-2.005951166152954
7,101,1971,0.4105691056910569,paraphrase,Paraphrase,7170101,sha256:37b2854b8add2912,0.10537857739934015,0.016533091078097,0.0025577545166013405,0.10669831199917161,0.047654807567596436,0.057205021381378174,-0.07457378506660461,0.0069690309464931,-0.008110820781439501,-0.012609135359525701,0.0025577545166013405
7,101,1971,0.4105691056910569,contradictory,Contradictory,7170101,sha256:37b2854b8add2912,0.1356966942000082,0.02716741338851308,0.0026361942291259766,0.13841463321140066,0.11969298124313354,0.009940147399902344,-0.06315359473228452,0.009802103042602504,-0.0146269164979458,-0.020689138211309903,-0.0026361942291259766
7,101,1971,0.4105691056910569,unrelated,Unrelated,7170101,sha256:37b2854b8add2912,0.9527347544212873,0.0770286622625059,2.012426257133484,2.227890564523407,0.4065594971179963,-0.856425940990448,0.09459120035171509,0.0339920800179243,0.0680664852261543,-0.012037727981805801,-2.012426257133484
7,116,1986,0.4715447154471545,paraphrase,Paraphrase,7170116,sha256:7395ef5adb32e8ce,0.06045276053526278,0.02508454358571198,0.0020456314086915173,0.06548248003166598,-0.0348567515611648,0.009469658136367798,-0.048475444316864014,0.019529081881046295,-0.007701516151428223,-0.013730838894844104,-0.0020456314086915173
7,116,1986,0.4715447154471545,contradictory,Contradictory,7170116,sha256:7395ef5adb32e8ce,0.08832840698344643,0.03731367082456065,0.001635432243347057,0.09590042830592363,0.035929396748542786,-0.08067397773265839,0.0016417205333709994,0.011062391102313995,-0.01718522608280182,-0.0312186088413001,0.001635432243347057
7,116,1986,0.4715447154471545,unrelated,Unrelated,7170116,sha256:7395ef5adb32e8ce,0.2753114156681021,0.04384417464711836,0.008706867694854625,0.2789166484681708,0.0946513861417771,-0.23414009809494019,0.10961708426475528,0.03542369976639739,0.004178956151008578,-0.025495283305645003,0.008706867694854625
7,126,1996,0.5121951219512195,paraphrase,Paraphrase,7170126,sha256:18cb72405715d3dd,0.03511774508793593,0.009226382605941292,0.0031777024269104004,0.03644831887435217,-0.0108488723635674,-0.0042229592800141005,-0.033131927251815796,0.0029939115920569,-0.007749073207378301,-0.004014286212623,-0.0031777024269104004
7,126,1996,0.5121951219512195,contradictory,Contradictory,7170126,sha256:18cb72405715d3dd,0.13553701333227958,0.018904668705772232,0.0021858811378477894,0.1368665282611433,0.0452133044600485,0.009790088981390003,0.12739777565002441,-0.0010726894252001996,0.015689384192228296,-0.0104918568395077,0.0021858811378477894
7,126,1996,0.5121951219512195,unrelated,Unrelated,7170126,sha256:18cb72405715d3dd,0.0947067222610688,0.023643007096603105,0.01768273115158092,0.09920198590242202,0.0485892258584498,-0.0196964517235756,0.0788701474666596,0.0009403000585735003,0.0234358422458172,0.0029780729673803004,-0.01768273115158092
7,139,2009,0.5650406504065041,paraphrase,Paraphrase,7170139,sha256:e5eb847a3cda9c1d,0.2253812113548497,0.019919166345825134,0.011005997657775879,0.22652725134988738,-0.12114682793617251,0.1630094349384308,-0.09771417826414111,0.003904189914464902,-0.0185941010713577,0.005982465576380501,-0.011005997657775879
7,139,2009,0.5650406504065041,contradictory,Contradictory,7170139,sha256:e5eb847a3cda9c1d,0.3203004177054504,0.017681505756432948,0.00026404857635498047,0.32078819016564725,-0.15739923715591433,0.27895596623420715,0.001186013221740695,-0.010514939203858396,0.014057166874408694,-0.0021137073636054993,-0.00026404857635498047
7,139,2009,0.5650406504065041,unrelated,Unrelated,7170139,sha256:e5eb847a3cda9c1d,0.12171120539902465,0.04565463129704701,0.0015598535537720837,0.13000152315131575,-0.040566474199295044,0.08967667818069458,0.07159659266471857,-0.015708263963460898,0.0410959273576736,0.0121951038017868,0.0015598535537720837
7,154,2024,0.6260162601626016,paraphrase,Paraphrase,7170154,sha256:3dc0ed660e1f9c44,0.35414862281217185,0.030097038171075965,0.0034502744674682617,0.35544195467098433,-0.25190113484859467,0.17106682062149053,-0.18084028363227844,-0.0052884109318256985,-0.028079479932785,0.009455539286136704,0.0034502744674682617
7,154,2024,0.6260162601626016,contradictory,Contradictory,7170154,sha256:3dc0ed660e1f9c44,0.5881416968276882,0.016961926732575305,0.010318160057067871,0.58847670041625,-0.3944751545786857,0.3287180364131928,-0.2867829501628876,-0.006090659648179999,-0.009514771401882206,0.012652270495891606,0.010318160057067871
7,154,2024,0.6260162601626016,unrelated,Unrelated,7170154,sha256:3dc0ed660e1f9c44,0.7212946682873662,0.16109389898333787,0.00018465518951416016,0.7390651371069905,-0.5267146825790405,0.4752578735351563,-0.13025972247123718,-0.0248063718900084,-0.0020956918597222,0.1591587141156197,0.00018465518951416016
7,165,2035,0.6707317073170732,paraphrase,Paraphrase,7170165,sha256:0dfaf19ff7d988c8,0.08616564895774846,0.033937898364654995,0.007537662982940563,0.09291456489143123,-0.0838450789451599,0.019814178347587592,-0.001385688781738309,0.0028325780294836,-0.009808182716369698,-0.0323659852147103,-0.007537662982940563
7,165,2035,0.6707317073170732,contradictory,Contradictory,7170165,sha256:0dfaf19ff7d988c8,0.17625947882343498,0.047554674902947174,0.0006988644599913441,0.18256324764795176,-0.132920116186142,0.03526411950588229,0.11025465279817578,0.0006996444426477003,0.015651501715183203,-0.044899756088852896,-0.0006988644599913441
7,165,2035,0.6707317073170732,unrelated,Unrelated,7170165,sha256:0dfaf19ff7d988c8,0.38675845313246004,0.04521794459675807,0.0023608803749085583,0.3893999709028153,0.030083805322647095,0.16877833753824217,0.34668564796447743,-0.028127232566475903,0.0343703031539917,0.008497267961502006,-0.0023608803749085583
7,178,2048,0.7235772357723578,paraphrase,Paraphrase,7170178,sha256:d6f5483052df9890,0.12418791388183953,0.022629305582438815,0.0116255283355714,0.12676701595662715,-0.08938127756118772,-0.0700032711029053,-0.05033057928085327,0.0135279074311256,-0.0118281785398722,-0.0137541042640806,-0.0116255283355714
7,178,2048,0.7235772357723578,contradictory,Contradictory,7170178,sha256:d6f5483052df9890,0.2018165197888212,0.023106128861175686,1.9752710461616516,1.9856886731447019,0.023358643054962186,0.023241966962814303,0.19910824298858643,-0.008301882073283199,-0.0069406963884830995,-0.0204156478866935,1.9752710461616516
7,178,2048,0.7235772357723578,unrelated,Unrelated,7170178,sha256:d6f5483052df9890,0.15104591986724797,0.030661383625826186,0.01489078998565685,0.15484419905437247,-0.0542334318161011,0.10547010600566861,0.09353962540626531,-0.025455988710746197,-0.0169262662529945,-0.0023695137351751987,-0.01489078998565685
7,185,2055,0.7520325203252033,paraphrase,Paraphrase,7170185,sha256:20152ee6f2bea3d7,0.12455183767718467,0.01142465716173789,0.00480031967163097,0.12516679323597316,-0.0911433100700379,-0.02139405906200411,-0.0821483507752418,0.0070977606810629,-0.008941191248595699,-0.0004468597471713985,0.00480031967163097
7,185,2055,0.7520325203252033,contradictory,Contradictory,7170185,sha256:20152ee6f2bea3d7,0.22262043665256817,0.006550136111114612,0.0021611452102663353,0.22272726291829228,-0.1202957630157471,-0.01487952470779421,-0.1867281123995781,0.005074950866401201,0.004110118374228502,-0.0005060471594333996,0.0021611452102663353
7,185,2055,0.7520325203252033,unrelated,Unrelated,7170185,sha256:20152ee6f2bea3d7,0.27416547972672856,0.006444856918300716,0.004308104515075795,0.2742750557724807,-0.1386025846004486,0.009624809026718195,-0.2363543882966041,0.0053845650982111,0.003121115267276802,-0.0016737021505832984,0.004308104515075795
7,199,2069,0.8089430894308943,paraphrase,Paraphrase,7170199,sha256:a3a12e1366a23fd0,0.22170677207310654,0.009899609681917004,0.0010207891464233398,0.22193002740821752,-0.07474767416715619,0.1374848484992981,-0.15704965591430664,0.0036078598350286,-0.0091997124254703,-0.0005923770368099,0.0010207891464233398
7,199,2069,0.8089430894308943,contradictory,Contradictory,7170199,sha256:a3a12e1366a23fd0,0.21641223677564556,0.012378229659821258,0.003357410430908203,0.21679194865250628,0.1493804529309272,-0.14088305830955505,0.06834983825683594,0.0008698571473359992,0.006687045097351102,-0.010380141902714999,0.003357410430908203
7,199,2069,0.8089430894308943,unrelated,Unrelated,7170199,sha256:a3a12e1366a23fd0,0.8439363899713598,0.028621966909896226,2.0010650753974915,2.171936758582821,0.0833646580576896,-0.4003478288650513,-0.738241545855999,-0.010594734922051503,0.026191629469394698,0.0045789876021444,-2.0010650753974915
7,213,2083,0.8658536585365854,paraphrase,Paraphrase,7170213,sha256:e9dc8bf06bc1f964,0.09073744149553072,0.014582900378344543,0.004793941974639893,0.09202676867224989,-0.0307341441512108,-0.028017185628414203,-0.0806457251310349,0.0136636337265372,-0.005061313509941098,-0.0005909334868191979,-0.004793941974639893
7,213,2083,0.8658536585365854,contradictory,Contradictory,7170213,sha256:e9dc8bf06bc1f964,0.11375636194859963,0.026622211445478994,0.007086217403411976,0.11704472009927239,0.0368156880140304,-0.043060533702373505,0.0986453518271446,0.0013936082832515006,0.0127033889293671,-0.023354312404990196,0.007086217403411976
7,213,2083,0.8658536585365854,unrelated,Unrelated,7170213,sha256:e9dc8bf06bc1f964,0.13075730853160386,0.04248982047912712,0.0008148550987243652,0.13749008170631585,0.0427584499120712,-0.087400458753109,0.0873518660664558,0.00023100851103670036,0.040093034505844095,-0.014066984876990297,0.0008148550987243652
7,227,2097,0.9227642276422764,paraphrase,Paraphrase,7170227,sha256:649e3880412121f9,0.04115830610800175,0.011682138978246872,0.003302574157715066,0.042911368293894525,-0.0199078395962715,0.0013186782598494998,-0.03599923849105838,0.00761914375470948,-0.008595261722803102,-0.0021313130855560025,-0.003302574157715066
7,227,2097,0.9227642276422764,contradictory,Contradictory,7170227,sha256:649e3880412121f9,0.10125123958778692,0.025424286579062528,0.0027837753295898438,0.10443159134669625,0.04221638292074199,0.0250611305236816,0.08855241537094122,-0.0011807777918875,0.023256313055753694,-0.010205097496509503,0.0027837753295898438
7,227,2097,0.9227642276422764,unrelated,Unrelated,7170227,sha256:649e3880412121f9,0.19274088648738041,0.040341266600821525,0.004216670989990234,0.1969625533677345,0.06457082927227019,-0.08661596477031709,0.15961620211601263,0.004391916329041101,0.039555374532938004,0.006595544517040298,-0.004216670989990234
7,246,2116,1.0,paraphrase,Paraphrase,7170246,sha256:08fdd1f3b840113f,0.03062865413727429,0.005626390392130176,0.006333768367767223,0.03177872472019532,-0.0106828697025775,0.015349816530942896,-0.024256419390439998,0.00031960889464241785,-0.005541406571865096,0.0009202891960740003,-0.006333768367767223
7,246,2116,1.0,contradictory,Contradictory,7170246,sha256:08fdd1f3b840113f,0.06885798050601995,0.009667146341070094,0.0009304285049437366,0.06953949162130753,-0.0039235912263393,0.021717499941587497,0.0652255862951278,-0.0002952889772132,0.0065495371818543036,-0.0071042301133275015,-0.0009304285049437366
7,246,2116,1.0,unrelated,Unrelated,7170246,sha256:08fdd1f3b840113f,0.02005639835918393,0.01053649048798543,0.014419853687286266,0.02685533331218264,-0.0032161138951778004,0.019320245832204895,0.0043178498744965,-0.0023427213891409,0.009450200945138904,-0.004027777351439001,-0.014419853687286266
8,0,2117,0.0,paraphrase,Paraphrase,7180000,sha256:4a96bb4f2c0e0ab5,0.15813049694410558,0.006552493136980114,0.00016713142395041736,0.15826628561703476,0.15287461876869202,-0.004981763660907801,-0.040122151374816895,0.002685556188225701,-0.0034067817032337015,-0.0049108851235359005,-0.00016713142395041736
8,0,2117,0.0,contradictory,Contradictory,7180000,sha256:4a96bb4f2c0e0ab5,0.23649628451440335,0.015989185657650885,0.002901434898376465,0.237053928403606,-0.12992531061172494,0.1971307992935181,0.01376060396432871,0.0122713018208742,-0.006325863301754001,-0.0080655231140553,0.002901434898376465
8,0,2117,0.0,unrelated,Unrelated,7180000,sha256:4a96bb4f2c0e0ab5,0.28661678022106113,0.0373209357863592,0.0035697221755981445,0.2890584263927771,-0.11981987953186035,-0.2580873370170593,-0.03439915180206299,-0.0039033330976962974,0.0099626677110791,0.035754181444645004,-0.0035697221755981445
8,13,2130,0.0548523206751054,paraphrase,Paraphrase,7180013,sha256:7b068b0f5c24e431,0.09598356454464134,0.008144592403198002,0.009639024734497181,0.09680955451783574,0.03622448444366455,0.05819112062454229,-0.0671894699335097,0.0015313557232729494,-0.0074540278874336,-0.0029028956778347995,-0.009639024734497181
8,13,2130,0.0548523206751054,contradictory,Contradictory,7180013,sha256:7b068b0f5c24e431,0.19502572463153883,0.0071645505802352925,0.0064931511878966175,0.19526526845658562,-0.0055664777755737305,0.1947650015354157,0.008404865860938998,-0.0005541071295737507,0.0014892332255841004,-0.006986124441027499,0.0064931511878966175
8,13,2130,0.0548523206751054,unrelated,Unrelated,7180013,sha256:7b068b0f5c24e431,0.30406401934572397,0.05525106240419533,0.010115265846252441,0.30920854833042605,-0.2622748017311096,0.125206857919693,-0.08938735350966451,-0.004172232758719451,-0.002046154346317,0.055055296048522,0.010115265846252441
8,26,2143,0.1097046413502109,paraphrase,Paraphrase,7180026,sha256:adc9b7f29f88202a,0.4039660065306726,0.023729376477124246,0.0064743757247923694,0.40471414020436486,-0.24261397123336792,0.18771259486675268,-0.2628516256809235,0.0038404692895710004,-0.023093354888260396,0.003876991569995901,-0.0064743757247923694
8,26,2143,0.1097046413502109,contradictory,Contradictory,7180026,sha256:adc9b7f29f88202a,0.6311811932744781,0.024427035023540156,0.003028571605682373,0.6316609462594677,-0.5042546987533569,0.2550431638956071,-0.2811936736106873,0.004317361861467301,-0.021668178029358397,0.010417796671390506,-0.003028571605682373
8,26,2143,0.1097046413502109,unrelated,Unrelated,7180026,sha256:adc9b7f29f88202a,0.6728267329914002,0.10528463148118017,0.0042746663093568005,0.6810278548092326,-0.6513554751873016,0.006765484809875488,-0.168481707572937,-0.00028012343682349986,-0.007053521461784798,0.1050477176904677,-0.0042746663093568005
8,45,2162,0.189873417721519,paraphrase,Paraphrase,7180045,sha256:4aaaba97390f2120,0.14290261054437498,0.010139784125669887,0.0007604360580444336,0.14326391585291415,-0.13629436492919927,-0.014648318290710394,-0.04037857055664057,0.0068178717046976,-0.006811019033193599,-0.0031530726701021992,0.0007604360580444336
8,45,2162,0.189873417721519,contradictory,Contradictory,7180045,sha256:4aaaba97390f2120,0.2585692911690921,0.02479057788615396,2.0194572806358337,2.0360943886275735,0.12683850526809687,-0.023525990545749692,0.22409060597419742,-0.021953967399895198,0.004480447620153403,-0.010607622563839,2.0194572806358337
8,45,2162,0.189873417721519,unrelated,Unrelated,7180045,sha256:4aaaba97390f2120,0.1488380546035262,0.05247083175613679,0.002167820930480957,0.15783109367589673,-0.12503468990325933,0.07782597839832311,0.021499067544937134,-0.008306303061544899,0.008086908608675,0.051174167543649604,-0.002167820930480957
8,50,2167,0.2109704641350211,paraphrase,Paraphrase,7180050,sha256:48e17704a1e0bbd6,0.15259231061911274,0.01630968811604716,0.00581848621368386,0.15357172255445123,-0.13057217001914972,-0.020240545272827204,-0.07632589340209961,0.007424307987093901,-0.013436272740363998,-0.0055092787370086,-0.00581848621368386
8,50,2167,0.2109704641350211,contradictory,Contradictory,7180050,sha256:48e17704a1e0bbd6,0.25937565152364095,0.023369077448237623,2.0058566331863403,2.0226919378100403,0.029315233230590876,0.06719797849655149,0.24879866838455206,-0.010399804450571499,0.004884544759988806,-0.0203494243323802,2.0058566331863403
8,50,2167,0.2109704641350211,unrelated,Unrelated,7180050,sha256:48e17704a1e0bbd6,0.13996293816398817,0.043852154478853135,0.007169127464294434,0.14684696762457464,-0.12349322438240051,0.0542957186698913,0.037296414375305176,-0.010562102310359499,0.0031035281717778015,0.042447868734598194,-0.007169127464294434
8,67,2184,0.2827004219409282,paraphrase,Paraphrase,7180067,sha256:c14122ddb33335f0,0.11269374162655137,0.0048448569036518676,0.005930185317993164,0.11295361498471185,-0.07470124214887619,0.0837334096431733,-0.010407686233520508,-0.0009798654355108998,-0.0043954327702522,-0.0017868052236735999,0.005930185317993164
8,67,2184,0.2827004219409282,contradictory,Contradictory,7180067,sha256:c14122ddb33335f0,0.04941403738473249,0.01850623113160546,0.009181499481201172,0.053558637156666346,-0.011067539453506497,-0.0125290229916572,-0.046500325202941784,-0.0027001590933651,0.011566452682018297,-0.014191790018230701,0.009181499481201172
8,67,2184,0.2827004219409282,unrelated,Unrelated,7180067,sha256:c14122ddb33335f0,0.4979428187509465,0.020058930409085633,0.026009500026703103,0.49902495481331743,-0.11202620342373848,-0.0767079591751097,-0.47907522320747375,-0.0051463712006806,0.017191272228956198,0.0089630191214381,0.026009500026703103
8,73,2190,0.3080168776371308,paraphrase,Paraphrase,7180073,sha256:aef7b77da65ea097,0.0794859925295238,0.007347556095460683,0.001209855079650879,0.0798340362144694,-0.008760578930377898,0.07885965704917913,-0.004736006259918213,-0.0003179893828928,0.0017614699900150004,-0.007126197218894903,0.001209855079650879
8,73,2190,0.3080168776371308,contradictory,Contradictory,7180073,sha256:aef7b77da65ea097,0.25095796558012884,0.03487968347671947,0.003597080707549938,0.2533958006699596,0.1614345535635948,-0.18427734076976776,0.05441182851791382,0.0005756416940130001,0.0203519240021705,-0.028320666402578302,0.003597080707549938
8,73,2190,0.3080168776371308,unrelated,Unrelated,7180073,sha256:aef7b77da65ea097,0.5720663656506042,0.06586932152769326,0.00445348024368275,0.5758632890829996,0.1255171820521354,-0.5425745248794555,-0.13083672523498535,-0.0011624488979578,0.0215669386088848,0.0622276738286019,0.00445348024368275
8,91,2208,0.3839662447257383,paraphrase,Paraphrase,7180091,sha256:8105e2d05c34eed4,0.09710282971086338,0.00421501478052088,0.0005365610122680664,0.09719574983082763,0.03113770484924322,0.026454448699951172,-0.08808839321136469,-1.907791011040007e-05,-0.004135310649871798,-0.0008155927062034,0.0005365610122680664
8,91,2208,0.3839662447257383,contradictory,Contradictory,7180091,sha256:8105e2d05c34eed4,0.10461524806773316,0.014590833007712826,0.011865437030792125,0.10629219694814857,0.0936307907104493,-0.032695114612579346,0.03329646587371832,-0.0005403995164669999,-0.0080885291099548,-0.0121316146105528,-0.011865437030792125
8,91,2208,0.3839662447257383,unrelated,Unrelated,7180091,sha256:8105e2d05c34eed4,0.7452730240217684,0.031858962141033786,2.061038374900818,2.1918772905016968,0.1985716596245766,-0.718310758471489,0.005552530288696289,-0.0050418670871295,0.031266842968762004,0.003457972779870101,-2.061038374900818
8,103,2220,0.4345991561181435,paraphrase,Paraphrase,7180103,sha256:3253d17e6f0db0a2,0.08490146253670074,0.009561378509471332,0.0036160945892333984,0.0855146445934874,0.016521811485290527,0.05882912874221802,-0.0589442253112793,-0.00024339277297259982,-0.0082873664796352,-0.004762381315231258,-0.0036160945892333984
8,103,2220,0.4345991561181435,contradictory,Contradictory,7180103,sha256:3253d17e6f0db0a2,0.20331631878661927,0.01704929878002637,0.018655240535735973,0.20488099490503986,0.09612423181533813,-0.11631137132644653,-0.1362693011760712,0.0065742586739361,-0.0097603648900986,-0.012336652260273659,-0.018655240535735973
8,103,2220,0.4345991561181435,unrelated,Unrelated,7180103,sha256:3253d17e6f0db0a2,0.9811093754446506,0.07010516916594677,0.00822305679321289,0.9836452409238825,0.29035770893096924,-0.8879589736461639,0.2996612563729286,-0.00016757263801989988,0.0675854124128817,-0.018625753466039858,-0.00822305679321289
8,110,2227,0.4641350210970464,paraphrase,Paraphrase,7180110,sha256:cdc0a2c4d1aa6794,0.12209947473172897,0.022355132150209782,0.004101514816284402,0.12419684411049124,0.09064608812332159,0.033853322267532404,-0.07446825504302979,0.0025871580000966,-0.011273495852947301,-0.0191302597522736,0.004101514816284402
8,110,2227,0.4641350210970464,contradictory,Contradictory,7180110,sha256:cdc0a2c4d1aa6794,0.21734912910579543,0.03151682678997893,0.006992101669311301,0.21973357453905687,0.1573601663112641,-0.14961892366409302,-0.009622871875762884,0.0027653402066789,-0.0071862665936351005,-0.0305617544800043,-0.006992101669311301
8,110,2227,0.4641350210970464,unrelated,Unrelated,7180110,sha256:cdc0a2c4d1aa6794,0.8828232354083775,0.0408920681208866,2.0329482555389404,2.216738062088288,0.3989186808466912,-0.4665881171822547,0.6344574689865112,-0.0042890042532235,0.021553833037614697,-0.0344847496598959,-2.0329482555389404
8,122,2239,0.5147679324894515,paraphrase,Paraphrase,7180122,sha256:4af0421c0c28b6eb,0.1787460215838089,0.0420708495125392,0.010874748229980469,0.18395205016474173,-0.024598807096481295,-0.007369369268417358,-0.1768918633460999,0.0372236231341958,-0.0183205399662256,-0.0069796901661903004,0.010874748229980469
8,122,2239,0.5147679324894515,contradictory,Contradictory,7180122,sha256:4af0421c0c28b6eb,0.12773192319083898,0.02435620333134261,0.001941680908202903,0.13004783338255727,0.040163107216358206,-0.06033632159233088,0.1051755547523498,-0.00636954017681999,-0.014519678428769101,-0.0184887137729675,-0.001941680908202903
8,122,2239,0.5147679324894515,unrelated,Unrelated,7180122,sha256:4af0421c0c28b6eb,0.3404312448124002,0.02050912519882482,0.020189762115478516,0.3416455519324393,0.09959630295634261,-0.17919555306434629,0.2717774137854576,-0.0080026837531477,-0.0018246248364448998,-0.0187949996907264,0.020189762115478516
8,132,2249,0.5569620253164557,paraphrase,Paraphrase,7180132,sha256:cc5d27847ca8ebb0,0.0722788708070111,0.021804903523085072,0.0039969682693479225,0.07560201543698306,-0.04975304007530219,-0.0010058134794235021,-0.05242002010345462,0.0025420482270420005,-0.020152345299720806,0.007929362356662806,-0.0039969682693479225
8,132,2249,0.5569620253164557,contradictory,Contradictory,7180132,sha256:cc5d27847ca8ebb0,0.07293796306502859,0.01641640289539085,0.005830049514770286,0.07498956072310295,0.0018948242068290017,0.030611209571361597,0.06617635488510129,-0.0008471226319670998,0.015279255807399694,0.005943484604358701,-0.005830049514770286
8,132,2249,0.5569620253164557,unrelated,Unrelated,7180132,sha256:cc5d27847ca8ebb0,0.14420850073625358,0.023251672512570355,0.01128101348876931,0.14650594945108428,-0.0343445166945458,-0.0992724373936652,0.09880045056343081,0.0012734176125377005,0.015221968293190002,0.017530269920826,-0.01128101348876931
8,151,2268,0.6371308016877637,paraphrase,Paraphrase,7180151,sha256:1d09b8db2ab3914f,0.3668869787473415,0.017218245428323783,0.004077553749084251,0.3673134214734861,-0.2633192390203476,0.1726144552230835,-0.18834352493286133,-0.0034809622447937996,-0.014007139950990701,0.009388871490955297,-0.004077553749084251
8,151,2268,0.6371308016877637,contradictory,Contradictory,7180151,sha256:1d09b8db2ab3914f,0.5006146999679172,0.015404637195234713,0.001625537872314231,0.5008542932275402,-0.361175701022148,0.30310171842575084,-0.16821575164794922,-0.00018478021956989986,0.011151891201734501,-0.010625630617141793,-0.001625537872314231
8,151,2268,0.6371308016877637,unrelated,Unrelated,7180151,sha256:1d09b8db2ab3914f,0.5852698086390558,0.14199218968506983,0.011161804199218528,0.6023513233229754,-0.4493443369865417,0.36593742668628704,0.08197692036628723,-0.0433874831069261,0.0280230161733925,0.132264956831932,-0.011161804199218528
8,163,2280,0.6877637130801688,paraphrase,Paraphrase,7180163,sha256:dc5aedcf44c7cc36,0.08710154865198362,0.01504762465538568,0.0032062530517578125,0.08844993410950144,-0.08348309993743891,-0.022668913006782504,0.010167211294174194,-0.0006670653820037981,-0.0052147200331092,-0.014099387452006302,-0.0032062530517578125
8,163,2280,0.6877637130801688,contradictory,Contradictory,7180163,sha256:dc5aedcf44c7cc36,0.15062958935020665,0.024300683634041195,0.004192292690276989,0.15263476580024157,-0.1245331615209579,-0.011282265186309814,0.08398497104644781,0.004959788173437101,0.0018008337356149999,-0.023720892146229702,0.004192292690276989
8,163,2280,0.6877637130801688,unrelated,Unrelated,7180163,sha256:dc5aedcf44c7cc36,0.47692010546287755,0.025766476504876998,0.015454590320587158,0.4778656115145511,0.0019734501838683804,0.4660763442516327,0.10110259056091309,-0.010596357285976396,0.0204501701518892,0.011550717055797598,-0.015454590320587158
8,177,2294,0.7468354430379747,paraphrase,Paraphrase,7180177,sha256:535f4d9c18943a3e,0.139073957725249,0.018050123881548346,0.00031113624572742804,0.14024075547167805,-0.10425123572349548,-0.0620589554309845,-0.06798478960990911,0.011855907738208799,-0.013401047326624201,-0.002378309145569798,-0.00031113624572742804
8,177,2294,0.7468354430379747,contradictory,Contradictory,7180177,sha256:535f4d9c18943a3e,0.052394974288109734,0.008217806585213637,0.002637028694152943,0.053101031967914214,-0.0340372025966644,-0.03483116626739499,0.01932594180107111,-0.004635863006114904,0.006477347575128099,-0.0020211599767207995,0.002637028694152943
8,177,2294,0.7468354430379747,unrelated,Unrelated,7180177,sha256:535f4d9c18943a3e,0.12419361018300787,0.012407214581063537,0.004670619964599609,0.12489918524475324,-0.08798336982727048,-0.021982312202453586,-0.08485138416290289,0.008114688098430703,-0.004998367279767901,0.007943999953568003,0.004670619964599609
8,188,2305,0.7932489451476793,paraphrase,Paraphrase,7180188,sha256:b33643157254a73d,0.14359358238299652,0.012191955948239965,0.004159808158874401,0.14417026286771092,-0.10772277414798731,0.09481670707464221,0.004971206188201904,0.004122776910662601,-0.01005326397717,-0.0055297724902628005,0.004159808158874401
8,188,2305,0.7932489451476793,contradictory,Contradictory,7180188,sha256:b33643157254a73d,0.2754176362806282,0.014785707091333663,0.0024279356002807617,0.27582491979492757,-0.04829122498631481,-0.0807125866413116,-0.25885963439941406,-0.0054039165843277,0.0067175738513469,-0.0120120365172623,0.0024279356002807617
8,188,2305,0.7932489451476793,unrelated,Unrelated,7180188,sha256:b33643157254a73d,0.7343746329971685,0.00678203864434237,2.0073150992393494,2.137443801664076,-0.1390754207968711,-0.0724830850958824,-0.7174331545829773,-0.0065692756325006,-0.0005326420068740984,0.0015990491956472995,-2.0073150992393494
8,198,2315,0.8354430379746836,paraphrase,Paraphrase,7180198,sha256:d4c49dc7bbf72acc,0.31869795776353194,0.021769087410341302,0.00018084049224853516,0.31944062696001696,-0.1120485886931419,0.1640063226222992,-0.2492296695709229,0.008056011050939602,-0.019814267754554797,-0.004048289265483537,0.00018084049224853516
8,198,2315,0.8354430379746836,contradictory,Contradictory,7180198,sha256:d4c49dc7bbf72acc,0.25080643192299795,0.015605503444837349,0.00038123130798339844,0.2512917495044802,0.14620348811149592,-0.15679016709327703,0.130173921585083,0.0057567469775677005,-0.002353422343730996,-0.014312686864286637,-0.00038123130798339844
8,198,2315,0.8354430379746836,unrelated,Unrelated,7180198,sha256:d4c49dc7bbf72acc,0.6790076484108043,0.04941435523157025,0.016380727291107178,0.6810003622098214,0.10341953113675109,-0.4502034559845925,-0.49766719341278076,-0.017077211290597902,0.04630140960216521,0.0025153183378278624,0.016380727291107178
8,204,2321,0.8607594936708861,paraphrase,Paraphrase,7180204,sha256:f25bfc50bc8fc169,0.27519881651226497,0.01193415360657823,0.0048226118087768555,0.2754996737143528,-0.0185368955135346,0.09680074453353882,-0.25694432854652416,0.0005685774958692001,-0.011906136758625499,-0.0005870684981346,0.0048226118087768555
8,204,2321,0.8607594936708861,contradictory,Contradictory,7180204,sha256:f25bfc50bc8fc169,0.3287223236355034,0.007119298349891669,0.0026062726974487305,0.32880973696454446,0.11192476004362109,-0.30459254980087286,-0.05248421430587774,0.0009891428053379,0.0011844541877508007,-0.0069500412791967,0.0026062726974487305
8,204,2321,0.8607594936708861,unrelated,Unrelated,7180204,sha256:f25bfc50bc8fc169,0.7039333220899489,0.020356166022466007,2.0189307928085327,2.1382277805683416,0.18865665420889838,-0.6467381343245506,-0.20410922169685364,-0.0042240922339261,0.0183062059804796,-0.0078366678208112,-2.0189307928085327
8,221,2338,0.9324894514767932,paraphrase,Paraphrase,7180221,sha256:76f16c124875a7dc,0.11464638713784626,0.021059915432098692,0.006264388561248779,0.11673284321824075,-0.05558340996503831,-0.04542315006256101,-0.08939248323440549,0.019589535892009693,-0.0076670600101352,-0.0009931325912476002,-0.006264388561248779
8,221,2338,0.9324894514767932,contradictory,Contradictory,7180221,sha256:76f16c124875a7dc,0.11517376469018502,0.026987851006982522,0.011654794216156006,0.11886620378857121,0.0193742364645004,-0.0436122119426727,0.104821801185608,0.0058247074484824995,0.0174119174480438,-0.019779838621616405,0.011654794216156006
8,221,2338,0.9324894514767932,unrelated,Unrelated,7180221,sha256:76f16c124875a7dc,0.3149369251064992,0.04344871535061025,0.018935203552246094,0.3184832799296064,-0.016384325921535506,-0.24155750870704648,0.2014119923114777,0.0381705388426781,0.020678654313087397,-0.0017872005701065063,-0.018935203552246094
8,237,2354,1.0,paraphrase,Paraphrase,7180237,sha256:32cfd21e8a11d32f,0.09189167298983728,0.01596495348667375,0.007593870162963867,0.09357684632832418,-0.048033855855464894,0.0461905226111412,-0.06327135115861889,0.00019929668633270016,-0.015814021229743996,0.0021809982135891992,-0.007593870162963867
8,237,2354,1.0,contradictory,Contradictory,7180237,sha256:32cfd21e8a11d32f,0.09292269999822629,0.009593066258973723,0.003234386444091797,0.09347254329951202,-0.027735978364944402,0.0557233467698097,0.06899458169937142,-0.0008084613364189998,0.006703600287437404,-0.0068143270909786,0.003234386444091797
8,237,2354,1.0,unrelated,Unrelated,7180237,sha256:32cfd21e8a11d32f,0.21770059040146708,0.02235399866241668,0.014893174171447754,0.21935144165071666,0.03915496170520791,-0.07559046149253851,0.20036596059799203,-0.0028370073996483998,0.0153529047966003,0.0159981548786163,-0.014893174171447754
9,0,2355,0.0,paraphrase,Paraphrase,7190000,sha256:0cafbab144beccf0,0.12259550064460933,0.003217835359777262,0.019948601722717063,0.12424957928861019,0.0746670886874198,-0.0876851975917816,-0.04202128946781161,-0.0004986683779861,-0.002072156406939101,-0.0024108011275529983,-0.019948601722717063
9,0,2355,0.0,contradictory,Contradictory,7190000,sha256:0cafbab144beccf0,0.06526209268169851,0.011751168578097996,0.014289736747741477,0.06783382106637688,-0.005589239299297305,0.0649790540337563,0.0023714303970336914,-6.892048986600002e-06,-0.004052515141666,-0.011030278168618698,-0.014289736747741477
9,0,2355,0.0,unrelated,Unrelated,7190000,sha256:0cafbab144beccf0,0.3429330402650955,0.020831214771803414,0.020604729652404563,0.34418245815029463,-0.07360296696424481,-0.3133150115609168,-0.11840344965457922,-0.0021878707048016,0.0145638422109185,0.014732522889971702,-0.020604729652404563
9,18,2373,0.0703125,paraphrase,Paraphrase,7190018,sha256:c69e98add739793c,0.34123965067641715,0.014213423016670801,0.007758796215057373,0.3416236518543774,-0.12440621852874756,0.20906516909599307,-0.23928925395011902,0.0052886055782437,-0.0125057948753237,-0.004202039912343098,-0.007758796215057373
9,18,2373,0.0703125,contradictory,Contradictory,7190018,sha256:c69e98add739793c,0.5081230143969476,0.018956308387090542,0.011323630809783936,0.5086025599642844,-0.30495211482048035,0.322245091199875,-0.24769195914268494,0.0027946829795836995,-0.0172842917963862,0.0072653032839298005,-0.011323630809783936
9,18,2373,0.0703125,unrelated,Unrelated,7190018,sha256:c69e98add739793c,0.6273054402558754,0.09818790131805466,0.010082066059112549,0.635023328229666,-0.59836345911026,0.04428127408027649,-0.1830640733242035,-0.0058655953034759,-0.0026053544133901006,0.09797791019082061,-0.010082066059112549
9,30,2385,0.1171875,paraphrase,Paraphrase,7190030,sha256:0e4bd16a910897d8,0.25821551874877535,0.021107421407895517,0.004642844200134277,0.25911837712415603,-0.2280885875225067,0.070020392537117,-0.09873193502426147,0.014991169795394,-0.0086011812090874,0.012116424739360802,-0.004642844200134277
9,30,2385,0.1171875,contradictory,Contradictory,7190030,sha256:0e4bd16a910897d8,0.3513613622106402,0.027997846161094315,0.005442261695861816,0.35251709810524545,-0.3263051658868789,0.1260803490877152,-0.03291642665863037,0.0032113194465638005,-0.011595714837312702,0.025280550122261006,0.005442261695861816
9,30,2385,0.1171875,unrelated,Unrelated,7190030,sha256:0e4bd16a910897d8,0.4698544314613821,0.09215662594221875,0.010920524597167969,0.47893140252694855,-0.43930137157440186,0.0771890431642533,-0.14771372079849243,-0.006584340706467601,0.0035014105960727,0.09185439720749841,0.010920524597167969
9,50,2405,0.1953125,paraphrase,Paraphrase,7190050,sha256:982da0b4826c3305,0.13990237201733205,0.0045183272403591076,0.007469892501830833,0.14017449222706624,-0.1299200057983399,0.008426696062087999,-0.05120992660522461,0.004239640198648,0.0007707998156546991,0.0013588964939117987,0.007469892501830833
9,50,2405,0.1953125,contradictory,Contradictory,7190050,sha256:982da0b4826c3305,0.34959897630566994,0.053891178309944866,2.0277071595191956,2.058329426525067,0.0013312399387359064,0.024386443197727196,0.3487448543310165,-0.0134353709872812,0.0338530531153083,-0.039720532484352596,2.0277071595191956
9,50,2405,0.1953125,unrelated,Unrelated,7190050,sha256:982da0b4826c3305,0.22782082805999937,0.09086899707075866,0.0068964362144471325,0.2453712802245798,-0.201366275548935,0.036853082478046396,0.09997901320457453,-0.0161773723666555,-0.006631650030613001,0.0891711190342904,-0.0068964362144471325
9,52,2407,0.203125,paraphrase,Paraphrase,7190052,sha256:a880f1ebf6037144,0.2688140450364545,0.023221895031339975,0.0029096007347108044,0.2698308970339442,-0.21005567908287054,-0.029620692133903496,-0.16510668396949774,0.0019095709430984,-0.023108758963644498,-0.0012630149722099998,0.0029096007347108044
9,52,2407,0.203125,contradictory,Contradictory,7190052,sha256:a880f1ebf6037144,0.3803426639028286,0.037915251194519675,2.0009142160415654,2.037094943348266,0.15777224302291873,0.0183275192975998,0.34559016674757,-0.0221591131412424,0.009863674640655504,-0.029141858220100403,2.0009142160415654
9,52,2407,0.203125,unrelated,Unrelated,7190052,sha256:a880f1ebf6037144,0.16562622408337255,0.06965098126657739,0.006108343601226807,0.17977935687131408,-0.15436574816703796,0.0092018991708755,0.05931767821311951,-0.0073765684501268,0.006631914526224102,0.0689410120248794,-0.006108343601226807
9,64,2419,0.25,paraphrase,Paraphrase,7190064,sha256:658562511d64b630,0.0952779639492309,0.0035364964697407724,0.004561305046081321,0.09545262031665155,-0.0473778098821639,0.08205628395080566,-0.009999990463256947,-8.402951061730127e-05,0.00024026818573470027,0.0035273244138806,0.004561305046081321
9,64,2419,0.25,contradictory,Contradictory,7190064,sha256:658562511d64b630,0.12292643977847985,0.016487857183543845,0.0006669759750366211,0.12402904453420757,0.0746168196201325,-0.0944852232933045,-0.02481496334075939,-0.005001449957489999,0.0105465073138475,-0.0116450039204211,0.0006669759750366211
9,64,2419,0.25,unrelated,Unrelated,7190064,sha256:658562511d64b630,0.6448971187480127,0.033060052509037305,2.0166653394699097,2.1175278870089707,0.0430022403597832,-0.3472457826137543,-0.5417226850986482,-0.012490360066294701,0.0286387484520674,0.0108064825180917,-2.0166653394699097
9,83,2438,0.32421875,paraphrase,Paraphrase,7190083,sha256:2e3e7311ab021fa7,0.03544175661295019,0.0025389860506713382,0.0028287768363952637,0.03564500722916505,0.01874908804893491,0.011362135410308838,-0.0278476513922214,-0.00011547934263940007,-0.0023565739393234947,0.0009379093535244005,0.0028287768363952637
9,83,2438,0.32421875,contradictory,Contradictory,7190083,sha256:2e3e7311ab021fa7,0.0949831376096587,0.013580138171102145,0.010044574737548717,0.09647336453436144,0.0682867765426636,-0.03735429048538208,0.054436840116977595,-5.866866558790012e-05,-0.004658620804548298,-0.012755938339978498,-0.010044574737548717
9,83,2438,0.32421875,unrelated,Unrelated,7190083,sha256:2e3e7311ab021fa7,0.6231551417624818,0.023577820606705845,0.023919522762298584,0.624059602841553,0.025729060173034612,-0.5795766413211823,-0.22748903930187228,-0.0004927963018417001,0.016997840255498803,0.016332305502146302,0.023919522762298584
9,98,2453,0.3828125,paraphrase,Paraphrase,7190098,sha256:baa649ce7a0098b8,0.14005397144766885,0.009153425312794899,0.005550503730774037,0.1404624797050326,-0.0023580938577652116,0.05253005027770996,-0.12980812042951578,0.0015413947403431,-0.0085726245306431,-0.0028141438961029,-0.005550503730774037
9,98,2453,0.3828125,contradictory,Contradictory,7190098,sha256:baa649ce7a0098b8,0.09990243787512083,0.00979630864141588,0.01118445396423362,0.10100275623401728,0.09547952562570569,-0.014783024787902832,0.025409042835235596,-0.0009069424122572006,-0.0032006497494877,-0.0092141716741025,-0.01118445396423362
9,98,2453,0.3828125,unrelated,Unrelated,7190098,sha256:baa649ce7a0098b8,0.7390917664983637,0.0342008247992826,0.024040043354034313,0.7402730978544924,0.15081026405096049,-0.6989136934280397,0.1871698498725891,-0.0069645915646105,0.0332624646835029,-0.0038469890132546997,0.024040043354034313
9,105,2460,0.41015625,paraphrase,Paraphrase,7190105,sha256:71cdd1c446d0be85,0.07529174410130857,0.009873355235053631,0.00021743774414073602,0.07593666540339437,0.05273213982582092,0.021556437015533447,-0.049228936433792114,0.0019080750644207,-0.008626595139503496,-0.0044072950258851,-0.00021743774414073602
9,105,2460,0.41015625,contradictory,Contradictory,7190105,sha256:71cdd1c446d0be85,0.08191384611081438,0.026259876554362398,0.007921218872070312,0.08638405529804546,0.07990574836730963,-0.015676140785217285,-0.008899897336959811,0.006616928149014701,-0.017708845436572997,-0.0182261946611106,-0.007921218872070312
9,105,2460,0.41015625,unrelated,Unrelated,7190105,sha256:71cdd1c446d0be85,0.7342837779417728,0.031787892151906,0.005669295787811279,0.7349933860591085,0.2361027002334595,-0.6556807160377502,0.23132440447807298,0.0054761627689004005,0.028500085696578,-0.012970229145139501,0.005669295787811279
9,123,2478,0.48046875,paraphrase,Paraphrase,7190123,sha256:63ab99deca0b7ea7,0.22923530058533984,0.0454189557041655,0.09030449390411377,0.25053264496066413,-0.01676267385482791,0.0009314417839050015,-0.22861970216035837,0.0448741633445025,-0.004277888685464899,0.0055579375475645,0.09030449390411377
9,123,2478,0.48046875,contradictory,Contradictory,7190123,sha256:63ab99deca0b7ea7,0.2936222074687989,0.030817775737678476,1.9145868420600891,1.9372161758074118,0.0800545066595078,-0.10564424097537989,0.26200108975172043,-0.012638268992304802,-0.0055424999445676994,-0.027555220061913098,-1.9145868420600891
9,123,2478,0.48046875,unrelated,Unrelated,7190123,sha256:63ab99deca0b7ea7,0.5667864048518303,0.008489730135102359,1.9092192649841309,1.9915916012147608,0.1013074070215225,-0.3131550699472427,0.4614298865199089,-0.0012166351079939998,0.0043709278106689,0.007175674661994001,-1.9092192649841309
9,137,2492,0.53515625,paraphrase,Paraphrase,7190137,sha256:b935f2236c2f5005,0.04136426255122377,0.007374642873068882,0.009930610656738281,0.043174119584857805,-0.0144002363085747,0.0025251135230065017,-0.038694433867931304,0.00017441544332540493,-0.0073211109265684995,-0.0008696387521922996,-0.009930610656738281
9,137,2492,0.53515625,contradictory,Contradictory,7190137,sha256:b935f2236c2f5005,0.11131859999821982,0.01734144982373077,0.0012259483337402344,0.11266791706989901,0.022195629775523997,0.007419414818286899,0.10883077234029778,-0.00018582394113759507,0.0157464593648911,-0.007262256462127,0.0012259483337402344
9,137,2492,0.53515625,unrelated,Unrelated,7190137,sha256:b935f2236c2f5005,0.25729961156931497,0.029085829589107173,0.006100177764892578,0.25901020784009693,0.030237402766942898,-0.1648580580949783,0.1952193900942803,-0.0019438145100138951,0.024789534509181997,0.015089269261807101,0.006100177764892578
9,149,2504,0.58203125,paraphrase,Paraphrase,7190149,sha256:9beaa5aaad025a5a,0.1689932247567109,0.020285568778835514,0.0037931203842163086,0.17024864779669244,-0.13700562715530396,0.0730506181716919,-0.0667216256260871,0.0048270751722157,-0.019648022949695504,0.001469299197197002,0.0037931203842163086
9,149,2504,0.58203125,contradictory,Contradictory,7190149,sha256:9beaa5aaad025a5a,0.6196930004800173,0.023441998098836254,0.012644231319427601,0.6202651196903238,-0.38479791581630707,0.4626915007829666,0.14787343889474872,-0.00011069839820259959,0.023426361382007696,0.0008488893508911965,0.012644231319427601
9,149,2504,0.58203125,unrelated,Unrelated,7190149,sha256:9beaa5aaad025a5a,0.5335933679688207,0.03325716183574453,0.004051327705383301,0.5346441194007979,-0.34209345281124115,0.3604411780834198,0.19436077028512957,-0.0112316254526376,0.0312742935493589,-0.0013446062803268016,0.004051327705383301
9,166,2521,0.6484375,paraphrase,Paraphrase,7190166,sha256:24264baf09880e94,0.3099530730693751,0.01584827562911377,0.0038685202598571777,0.3103820883919796,-0.16012107580900192,0.2201302051544189,-0.1482391357421875,0.001165086403489099,-0.0108546759001911,-0.011488534510135609,0.0038685202598571777
9,166,2521,0.6484375,contradictory,Contradictory,7190166,sha256:24264baf09880e94,0.3570426634741987,0.041187959906149686,0.004195511341094749,0.35943499258891554,-0.2404445335268974,0.2507088184356689,-0.08252865076065063,0.001166593283414799,0.0014339322224259012,-0.041146457195282,0.004195511341094749
9,166,2521,0.6484375,unrelated,Unrelated,7190166,sha256:24264baf09880e94,0.5194114569461089,0.031512201829090584,0.0038451552391051136,0.5203806930409791,-0.21830552071332932,0.457880862057209,0.11169636249542236,-0.023215351568069302,0.0188166787847876,-0.009999945759773213,-0.0038451552391051136
9,173,2528,0.67578125,paraphrase,Paraphrase,7190173,sha256:63206468ba5ed1fd,0.09792517177531097,0.019132072023949252,0.006676435470581055,0.09999975118842334,-0.09718558192253113,-0.0023142993450165072,0.0117875337600708,0.006251858547329899,-0.004506357014179202,-0.017511230427771703,0.006676435470581055
9,173,2528,0.67578125,contradictory,Contradictory,7190173,sha256:63206468ba5ed1fd,0.11219599161906976,0.033443447280597775,0.004436016082763561,0.11715836692307995,-0.08263802528381353,0.012063741683959878,0.07492238283157349,0.0137652242556215,0.0063462257385253976,-0.0298112090677022,0.004436016082763561
9,173,2528,0.67578125,unrelated,Unrelated,7190173,sha256:63206468ba5ed1fd,0.7163325201081785,0.028064479180242314,0.014909982681274414,0.7170370994165839,0.04674792289733887,0.6645860075950623,0.2631964087486267,0.005879748612642299,0.0259185023605824,-0.009015252813696901,-0.014909982681274414
9,186,2541,0.7265625,paraphrase,Paraphrase,7190186,sha256:9fa0ccc88b0d8cd2,0.11724760549318834,0.014245999916955585,0.010677337646484375,0.11859154711334724,-0.0924370959401131,-0.049378335475921686,-0.0525753200054169,0.0079525317996741,-0.0110353045165539,-0.004234123975038501,0.010677337646484375
9,186,2541,0.7265625,contradictory,Contradictory,7190186,sha256:9fa0ccc88b0d8cd2,0.04050473050111458,0.025896357276837166,0.007280588150024414,0.04862367198173946,-0.002995178103447002,-0.01060369610786438,0.03897722065448761,-0.005235739052295699,0.0174429044127465,-0.018410688266158104,0.007280588150024414
9,186,2541,0.7265625,unrelated,Unrelated,7190186,sha256:9fa0ccc88b0d8cd2,0.07934722278323225,0.015635472803874326,0.015467166900634766,0.08233883060345634,-0.05716455727815631,0.05499930679798121,-0.0018087029457092008,-0.014974103076383399,-0.00034638494253159957,-0.004486007615923802,0.015467166900634766
9,203,2558,0.79296875,paraphrase,Paraphrase,7190203,sha256:29f717d135c3a953,0.10265690507848688,0.012177529297806142,0.0013412237167358398,0.10338535322351386,-0.0928368866443633,0.04049342870712279,-0.01673424243927002,0.0016288831247947997,-0.0115274938289075,-0.003571532666683197,-0.0013412237167358398
9,203,2558,0.79296875,contradictory,Contradictory,7190203,sha256:29f717d135c3a953,0.21637056176589023,0.009362315304645949,0.006066083908081055,0.2166579569753449,-0.049858234822750105,-0.0705616548657417,-0.19837194681167591,-0.0007452724967152002,0.0013755678664892999,-0.0092306733131408,-0.006066083908081055
9,203,2558,0.79296875,unrelated,Unrelated,7190203,sha256:29f717d135c3a953,0.7640768346614571,0.008392967218150763,0.005552947521209717,0.7641431059632547,-0.1574174165725707,-0.0630640536546707,-0.7450208663940429,-0.0058571316767484,0.0015906856860965,0.005797035992145601,0.005552947521209717
9,209,2564,0.81640625,paraphrase,Paraphrase,7190209,sha256:1131d93bde8cee4a,0.20291794791879958,0.013072967186300405,0.0011115074157714844,0.20334166200600912,-0.11790269613265991,0.15929475426673884,-0.04358702898025513,0.0010666549205781,-0.012960836291313102,-0.0013347063213587015,0.0011115074157714844
9,209,2564,0.81640625,contradictory,Contradictory,7190209,sha256:1131d93bde8cee4a,0.10352312247968086,0.013781034850252309,0.004349231719970703,0.10452688470456237,0.07992035150527949,-0.06440794467926028,-0.013468146324157715,-0.0040431190282106,0.0042195441201329995,-0.012480607256293304,-0.004349231719970703
9,209,2564,0.81640625,unrelated,Unrelated,7190209,sha256:1131d93bde8cee4a,0.7480124916877429,0.006592991329021145,2.0067121386528015,2.141602148549555,-0.06793774664402011,-0.20069363713264468,-0.7173766195774078,-0.005138387903571099,0.003353497944772299,-0.002412168309092501,-2.0067121386528015
9,228,2583,0.890625,paraphrase,Paraphrase,7190228,sha256:abc06a69ae82f8de,0.11251115030762693,0.027400795205094117,0.013152599334716797,0.1165442121715039,-0.046391904354095514,-0.0104309916496277,-0.10196933150291448,0.0196729232557118,-0.0092547363601625,-0.016677215695381192,0.013152599334716797
9,228,2583,0.890625,contradictory,Contradictory,7190228,sha256:abc06a69ae82f8de,0.30533026053101414,0.0686337607832903,1.9943756461143494,2.018779675677666,0.1155953109264373,-0.05091105774044989,0.2779790572822094,0.0064019057899714,-0.010042603360489,-0.067592564970255,-1.9943756461143494
9,228,2583,0.890625,unrelated,Unrelated,7190228,sha256:abc06a69ae82f8de,0.29772639877279616,0.03942802933186375,2.0068477392196655,2.0291952657234087,0.110627681016922,-0.0796685293316841,0.2646799013018608,-0.0022650193423031997,-0.0011679641902447007,-0.0393455848097802,-2.0068477392196655
9,242,2597,0.9453125,paraphrase,Paraphrase,7190242,sha256:d0b6df2d1391f536,0.06482284901440308,0.012872134032180403,0.004775702953338845,0.06626085516792735,-0.0365544632077216,-0.025117531418800403,-0.04727454483509069,7.79596157372e-05,-0.012810587882995605,-0.001254828646778998,-0.004775702953338845
9,242,2597,0.9453125,contradictory,Contradictory,7190242,sha256:d0b6df2d1391f536,0.09676415023105218,0.01833208968337958,0.002676546573639027,0.0985217244249103,0.0295313335955143,-0.0253571420907975,0.08859016001224511,-5.83454384469e-05,0.012888126075267799,-0.013036806136369702,-0.002676546573639027
9,242,2597,0.9453125,unrelated,Unrelated,7190242,sha256:d0b6df2d1391f536,0.09310682108112218,0.035190151983223845,0.009661495685577615,0.10000285709576966,0.051979474723339095,-0.0454898700118064,0.06243145093321801,-0.0017095277435145001,0.034901864826679195,-0.004157420247793201,-0.009661495685577615
9,256,2611,1.0,paraphrase,Paraphrase,7190256,sha256:edc258eef2f04081,0.08604999990889417,0.011928701016110037,0.004770398139953391,0.08700375331367091,-0.034617036581039505,0.006966903805732699,-0.0784711763262749,0.0046381875872612,-0.010507673025131205,-0.003220237791538197,-0.004770398139953391
9,256,2611,1.0,contradictory,Contradictory,7190256,sha256:edc258eef2f04081,0.08609162479921363,0.024523240510654378,0.00018477439880371094,0.08951643048787429,-0.0069848746061324995,0.008737117052078192,0.0853618308901787,-0.002656858414411503,0.0204087244346738,-0.013334706425666802,0.00018477439880371094
9,256,2611,1.0,unrelated,Unrelated,7190256,sha256:edc258eef2f04081,0.11652316364082255,0.014696081641481378,0.0097123384475708,0.11784715524186046,-0.0328195095062256,-0.1041259914636612,0.04072229564189911,0.010242603719234501,-0.007111072540283203,-0.007777951657772099,-0.0097123384475708
