episode_id,frame_index,global_index,episode_length,max_frame_index,task_progress,language_condition,instruction,selection_seed,noise_seed,noise_id,actual_compute_device,expert_action_x,expert_action_y,expert_action_z,expert_action_roll,expert_action_pitch,expert_action_yaw,expert_action_gripper,pred_action_x,pred_action_y,pred_action_z,pred_action_roll,pred_action_pitch,pred_action_yaw,pred_action_gripper,inference_time_ms
0,0,0,258,257,0.0,correct,put both the cream cheese box and the butter in the basket,2026080807,7100000,sha256:eb82f8a65a178801,mps:0,0.3187499940395355,-0.24910713732242584,0.18482142686843872,-0.0053571430034935474,0.12107142806053162,-0.029999999329447746,-1.0,0.32541266083717346,-0.263862282037735,-0.05551427602767944,-0.0023008082062005997,-0.04590032249689102,0.0049338750541210175,-0.9940841197967529,729.8195420298725
0,0,0,258,257,0.0,paraphrase,place the cream cheese box and the butter together inside the basket,2026080807,7100000,sha256:eb82f8a65a178801,mps:0,0.3187499940395355,-0.24910713732242584,0.18482142686843872,-0.0053571430034935474,0.12107142806053162,-0.029999999329447746,-1.0,0.5048565864562988,-0.32481127977371216,-0.11200778186321259,-0.0010130747687071562,-0.0540304109454155,-0.003019436029717326,-1.0016489028930664,503.31987510435283
0,0,0,258,257,0.0,contradictory,put the cream cheese box in the basket but leave the butter outside the basket,2026080807,7100000,sha256:eb82f8a65a178801,mps:0,0.3187499940395355,-0.24910713732242584,0.18482142686843872,-0.0053571430034935474,0.12107142806053162,-0.029999999329447746,-1.0,0.14884689450263977,-0.024122454226017,-0.02329423278570175,-0.00028934876900166273,-0.04017861187458038,-0.004206364508718252,-0.9992334842681885,557.5719999615103
0,0,0,258,257,0.0,unrelated,open the top drawer of the cabinet,2026080807,7100000,sha256:eb82f8a65a178801,mps:0,0.3187499940395355,-0.24910713732242584,0.18482142686843872,-0.0053571430034935474,0.12107142806053162,-0.029999999329447746,-1.0,0.18110132217407227,-0.5266155004501343,-0.07574428617954254,-0.0032080532982945442,-0.04161914065480232,0.035837605595588684,-0.9946099519729614,552.6859578676522
0,13,13,258,257,0.05058365758754864,correct,put both the cream cheese box and the butter in the basket,2026080807,7100013,sha256:5bac18bc2b7d1d9a,mps:0,0.6267856955528259,-0.7044642567634583,-0.0,0.0,0.08571428805589676,-0.040714286267757416,-1.0,0.8030716776847839,-0.6027719378471375,-0.11606979370117188,0.003481874708086252,0.00784847978502512,-0.028028389438986778,-0.9962433576583862,527.8473750222474
0,13,13,258,257,0.05058365758754864,paraphrase,place the cream cheese box and the butter together inside the basket,2026080807,7100013,sha256:5bac18bc2b7d1d9a,mps:0,0.6267856955528259,-0.7044642567634583,-0.0,0.0,0.08571428805589676,-0.040714286267757416,-1.0,0.8252043128013611,-0.5489411354064941,-0.21224521100521088,0.00412164069712162,-0.0037618745118379593,-0.03920446336269379,-1.001391887664795,496.83175003156066
0,13,13,258,257,0.05058365758754864,contradictory,put the cream cheese box in the basket but leave the butter outside the basket,2026080807,7100013,sha256:5bac18bc2b7d1d9a,mps:0,0.6267856955528259,-0.7044642567634583,-0.0,0.0,0.08571428805589676,-0.040714286267757416,-1.0,0.7743131518363953,-0.5300963521003723,-0.10437377542257309,0.0035068872384727,0.0024247474502772093,-0.03752165287733078,-0.9941504001617432,529.1382919531316
0,13,13,258,257,0.05058365758754864,unrelated,open the top drawer of the cabinet,2026080807,7100013,sha256:5bac18bc2b7d1d9a,mps:0,0.6267856955528259,-0.7044642567634583,-0.0,0.0,0.08571428805589676,-0.040714286267757416,-1.0,0.42237526178359985,-0.6288926005363464,-0.21575504541397095,-0.005768494680523872,-0.008222024887800217,0.027453051880002022,-0.9774485230445862,513.1651668343693
0,27,27,258,257,0.10505836575875487,correct,put both the cream cheese box and the butter in the basket,2026080807,7100027,sha256:6357e83ab1d4d19b,mps:0,0.3642857074737549,-0.09107142686843872,-0.7741071581840515,0.010714286006987095,-0.025714285671710968,-0.0,-1.0,0.5563234686851501,-0.4155029058456421,-0.4409889280796051,0.005267046857625246,0.004255675710737705,-0.01844170317053795,-1.0132862329483032,522.1076670568436
0,27,27,258,257,0.10505836575875487,paraphrase,place the cream cheese box and the butter together inside the basket,2026080807,7100027,sha256:6357e83ab1d4d19b,mps:0,0.3642857074737549,-0.09107142686843872,-0.7741071581840515,0.010714286006987095,-0.025714285671710968,-0.0,-1.0,0.3186362683773041,-0.26730528473854065,-0.61581951379776,0.0052244774997234344,-0.01768873631954193,-0.01672150194644928,-1.0147608518600464,499.2276248522103
0,27,27,258,257,0.10505836575875487,contradictory,put the cream cheese box in the basket but leave the butter outside the basket,2026080807,7100027,sha256:6357e83ab1d4d19b,mps:0,0.3642857074737549,-0.09107142686843872,-0.7741071581840515,0.010714286006987095,-0.025714285671710968,-0.0,-1.0,0.07994915544986725,-0.1290019154548645,-0.6615040302276611,0.0025283528957515955,-0.026025131344795227,-0.0034477899316698313,-0.9980818629264832,517.1440420672297
0,27,27,258,257,0.10505836575875487,unrelated,open the top drawer of the cabinet,2026080807,7100027,sha256:6357e83ab1d4d19b,mps:0,0.3642857074737549,-0.09107142686843872,-0.7741071581840515,0.010714286006987095,-0.025714285671710968,-0.0,-1.0,0.028115473687648773,-0.3425479233264923,-0.5285617113113403,-0.004527158569544554,0.004205738659948111,0.06300479918718338,-0.9902862310409546,542.3958750907332
0,42,42,258,257,0.16342412451361868,correct,put both the cream cheese box and the butter in the basket,2026080807,7100042,sha256:b1476c39145043fc,mps:0,-0.581250011920929,0.0,-0.824999988079071,0.0,-0.15321429073810577,0.06428571790456772,-1.0,-0.29448461532592773,0.10820330679416656,-0.7495284080505371,-0.002903533400967717,-0.08016286045312881,0.014767957851290703,-1.0124773979187012,537.372250109911
0,42,42,258,257,0.16342412451361868,paraphrase,place the cream cheese box and the butter together inside the basket,2026080807,7100042,sha256:b1476c39145043fc,mps:0,-0.581250011920929,0.0,-0.824999988079071,0.0,-0.15321429073810577,0.06428571790456772,-1.0,-0.4096411168575287,0.12567605078220367,-0.7572978734970093,-0.001971867401152849,-0.08292188495397568,0.004628895781934261,-1.0158566236495972,572.1621250268072
0,42,42,258,257,0.16342412451361868,contradictory,put the cream cheese box in the basket but leave the butter outside the basket,2026080807,7100042,sha256:b1476c39145043fc,mps:0,-0.581250011920929,0.0,-0.824999988079071,0.0,-0.15321429073810577,0.06428571790456772,-1.0,-0.46683603525161743,0.11346178501844406,-0.6338467001914978,-0.0013778484426438808,-0.07021845877170563,-0.0004202662967145443,-1.004685401916504,523.8533751107752
0,42,42,258,257,0.16342412451361868,unrelated,open the top drawer of the cabinet,2026080807,7100042,sha256:b1476c39145043fc,mps:0,-0.581250011920929,0.0,-0.824999988079071,0.0,-0.15321429073810577,0.06428571790456772,-1.0,-0.4458521008491516,0.2150162011384964,-0.6653527617454529,-0.007439796347171068,-0.0587284229695797,0.0779443010687828,-1.0125048160552979,516.944584203884
0,53,53,258,257,0.20622568093385213,correct,put both the cream cheese box and the butter in the basket,2026080807,7100053,sha256:a36ab5aa7b125337,mps:0,0.0,0.0,-0.16607142984867096,0.0,0.0,0.02250000089406967,1.0,-0.2807498872280121,-0.16057996451854706,-0.6590901017189026,-0.0003936925786547363,-0.006700929254293442,0.006845433264970779,-1.0243226289749146,542.7237499970943
0,53,53,258,257,0.20622568093385213,paraphrase,place the cream cheese box and the butter together inside the basket,2026080807,7100053,sha256:a36ab5aa7b125337,mps:0,0.0,0.0,-0.16607142984867096,0.0,0.0,0.02250000089406967,1.0,-0.4503648281097412,-0.180250346660614,-0.7376843094825745,0.000874253804795444,-0.014460566453635693,0.00173209048807621,-1.021549105644226,499.8424171935767
0,53,53,258,257,0.20622568093385213,contradictory,put the cream cheese box in the basket but leave the butter outside the basket,2026080807,7100053,sha256:a36ab5aa7b125337,mps:0,0.0,0.0,-0.16607142984867096,0.0,0.0,0.02250000089406967,1.0,-0.19558101892471313,-0.1239023208618164,-0.35392603278160095,-0.01416374184191227,0.0167241171002388,-0.005612242966890335,1.0011554956436157,533.2039589993656
0,53,53,258,257,0.20622568093385213,unrelated,open the top drawer of the cabinet,2026080807,7100053,sha256:a36ab5aa7b125337,mps:0,0.0,0.0,-0.16607142984867096,0.0,0.0,0.02250000089406967,1.0,-0.4619501233100891,-0.14006265997886658,-0.6283398270606995,-0.0035547111183404922,-0.0062653543427586555,0.05209577828645706,-1.0128710269927979,513.8902079779655
0,76,76,258,257,0.29571984435797666,correct,put both the cream cheese box and the butter in the basket,2026080807,7100076,sha256:e07fb71def398fe0,mps:0,-0.24375000596046448,0.6589285731315613,0.7071428298950195,-0.003214285708963871,0.0,-0.0,1.0,-0.20552465319633484,0.7267272472381592,0.35412999987602234,-0.0015023285523056984,-0.039506226778030396,0.008715994656085968,1.0058118104934692,524.1365840192884
0,76,76,258,257,0.29571984435797666,paraphrase,place the cream cheese box and the butter together inside the basket,2026080807,7100076,sha256:e07fb71def398fe0,mps:0,-0.24375000596046448,0.6589285731315613,0.7071428298950195,-0.003214285708963871,0.0,-0.0,1.0,-0.19797372817993164,0.771643877029419,0.27732473611831665,-0.0018569098319858313,-0.04166720062494278,0.007075591012835503,1.0094926357269287,500.85695809684694
0,76,76,258,257,0.29571984435797666,contradictory,put the cream cheese box in the basket but leave the butter outside the basket,2026080807,7100076,sha256:e07fb71def398fe0,mps:0,-0.24375000596046448,0.6589285731315613,0.7071428298950195,-0.003214285708963871,0.0,-0.0,1.0,-0.11942251771688461,0.6706641912460327,0.45191505551338196,-0.0015481689479202032,-0.026986371725797653,-0.008722059428691864,0.998989999294281,511.22358394786716
0,76,76,258,257,0.29571984435797666,unrelated,open the top drawer of the cabinet,2026080807,7100076,sha256:e07fb71def398fe0,mps:0,-0.24375000596046448,0.6589285731315613,0.7071428298950195,-0.003214285708963871,0.0,-0.0,1.0,-0.046956680715084076,-0.026109494268894196,-0.028715547174215317,-0.0015737172216176987,0.009789668023586273,0.012416992336511612,-1.0111021995544434,525.6781671196222
0,81,81,258,257,0.3151750972762646,correct,put both the cream cheese box and the butter in the basket,2026080807,7100081,sha256:f12d6efbcf1788aa,mps:0,-0.11785714328289032,0.8303571343421936,0.5169642567634583,-0.017142856493592262,0.0,-0.0,1.0,-0.08615981787443161,0.756074845790863,0.1706543266773224,-0.0034394944086670876,-0.08162327110767365,0.0028178906068205833,1.0167014598846436,538.9537911396474
0,81,81,258,257,0.3151750972762646,paraphrase,place the cream cheese box and the butter together inside the basket,2026080807,7100081,sha256:f12d6efbcf1788aa,mps:0,-0.11785714328289032,0.8303571343421936,0.5169642567634583,-0.017142856493592262,0.0,-0.0,1.0,-0.07928545027971268,0.7863439321517944,0.12413627654314041,-0.005138525273650885,-0.08643663674592972,0.0016988511197268963,1.0212349891662598,494.7218340821564
0,81,81,258,257,0.3151750972762646,contradictory,put the cream cheese box in the basket but leave the butter outside the basket,2026080807,7100081,sha256:f12d6efbcf1788aa,mps:0,-0.11785714328289032,0.8303571343421936,0.5169642567634583,-0.017142856493592262,0.0,-0.0,1.0,-0.03900810331106186,0.7396190762519836,0.21112889051437378,-0.0028845188207924366,-0.08350282907485962,-0.010617374442517757,1.01021409034729,513.061709003523
0,81,81,258,257,0.3151750972762646,unrelated,open the top drawer of the cabinet,2026080807,7100081,sha256:f12d6efbcf1788aa,mps:0,-0.11785714328289032,0.8303571343421936,0.5169642567634583,-0.017142856493592262,0.0,-0.0,1.0,0.03500530123710632,-0.24168378114700317,-0.2929227650165558,-0.008042299188673496,-0.0901215523481369,0.044779084622859955,-0.9807476997375488,509.4415838830173
0,95,95,258,257,0.36964980544747084,correct,put both the cream cheese box and the butter in the basket,2026080807,7100095,sha256:245f686859a37d64,mps:0,0.0,0.8705357313156128,0.06160714104771614,0.0,0.0,0.013928571715950966,1.0,-0.31581348180770874,0.8628126978874207,0.15158453583717346,-0.01040598377585411,0.022079743444919586,0.019547073170542717,1.000280499458313,533.4091249387711
0,95,95,258,257,0.36964980544747084,paraphrase,place the cream cheese box and the butter together inside the basket,2026080807,7100095,sha256:245f686859a37d64,mps:0,0.0,0.8705357313156128,0.06160714104771614,0.0,0.0,0.013928571715950966,1.0,-0.2792222201824188,0.8707062005996704,0.12973421812057495,-0.008001213893294334,0.017891664057970047,0.014928663149476051,1.001833200454712,489.4492910243571
0,95,95,258,257,0.36964980544747084,contradictory,put the cream cheese box in the basket but leave the butter outside the basket,2026080807,7100095,sha256:245f686859a37d64,mps:0,0.0,0.8705357313156128,0.06160714104771614,0.0,0.0,0.013928571715950966,1.0,-0.2047785222530365,0.8340672254562378,0.22748801112174988,-0.0037106978707015514,0.0177440382540226,0.005224092863500118,1.0007712841033936,512.1515421196818
0,95,95,258,257,0.36964980544747084,unrelated,open the top drawer of the cabinet,2026080807,7100095,sha256:245f686859a37d64,mps:0,0.0,0.8705357313156128,0.06160714104771614,0.0,0.0,0.013928571715950966,1.0,-0.12844300270080566,-0.14242678880691528,0.11170590668916702,-0.004287723917514086,0.10737709701061249,0.027021707966923714,-1.0230954885482788,514.5435829181224
0,114,114,258,257,0.44357976653696496,correct,put both the cream cheese box and the butter in the basket,2026080807,7100114,sha256:09314ed5e6d9d815,mps:0,-0.6187499761581421,0.27321428060531616,-0.5758928656578064,0.0,-0.03321428596973419,0.062142856419086456,1.0,-0.09757605940103531,0.09383781254291534,-0.48541122674942017,0.008904156275093555,-0.0060447584837675095,-0.007268756628036499,0.9895376563072205,546.850125072524
0,114,114,258,257,0.44357976653696496,paraphrase,place the cream cheese box and the butter together inside the basket,2026080807,7100114,sha256:09314ed5e6d9d815,mps:0,-0.6187499761581421,0.27321428060531616,-0.5758928656578064,0.0,-0.03321428596973419,0.062142856419086456,1.0,-0.059115223586559296,0.09438666701316833,-0.5703778266906738,0.030300969257950783,-0.019809722900390625,-0.01769714429974556,0.9979388117790222,532.3532910551876
0,114,114,258,257,0.44357976653696496,contradictory,put the cream cheese box in the basket but leave the butter outside the basket,2026080807,7100114,sha256:09314ed5e6d9d815,mps:0,-0.6187499761581421,0.27321428060531616,-0.5758928656578064,0.0,-0.03321428596973419,0.062142856419086456,1.0,-0.03956986218690872,0.018056586384773254,-0.4027668535709381,0.0060773976147174835,-0.02166474610567093,-0.03338169306516647,0.9867628216743469,531.7123751156032
0,114,114,258,257,0.44357976653696496,unrelated,open the top drawer of the cabinet,2026080807,7100114,sha256:09314ed5e6d9d815,mps:0,-0.6187499761581421,0.27321428060531616,-0.5758928656578064,0.0,-0.03321428596973419,0.062142856419086456,1.0,0.12027855217456818,-0.428364634513855,0.17978331446647644,0.002879102947190404,-0.008264227770268917,-0.0356564000248909,0.9997567534446716,529.0784591343254
0,128,128,258,257,0.4980544747081712,correct,put both the cream cheese box and the butter in the basket,2026080807,7100128,sha256:d418642eb340f5fc,mps:0,0.12321428209543228,0.38035714626312256,-0.0,-0.035357143729925156,0.12857143580913544,0.023571427911520004,1.0,-0.006086945533752441,0.059012286365032196,-0.028186623007059097,0.0003615155001170933,-0.013127355836331844,-0.020327426493167877,-1.013353705406189,535.6939591001719
0,128,128,258,257,0.4980544747081712,paraphrase,place the cream cheese box and the butter together inside the basket,2026080807,7100128,sha256:d418642eb340f5fc,mps:0,0.12321428209543228,0.38035714626312256,-0.0,-0.035357143729925156,0.12857143580913544,0.023571427911520004,1.0,-0.01929057389497757,0.07225142419338226,-0.11064785718917847,0.0005316463066264987,-0.018060151487588882,-0.02271779254078865,-1.0258985757827759,510.0487500894815
0,128,128,258,257,0.4980544747081712,contradictory,put the cream cheese box in the basket but leave the butter outside the basket,2026080807,7100128,sha256:d418642eb340f5fc,mps:0,0.12321428209543228,0.38035714626312256,-0.0,-0.035357143729925156,0.12857143580913544,0.023571427911520004,1.0,0.02887902408838272,0.060838233679533005,0.06534218043088913,0.00033937557600438595,-0.007621960714459419,-0.030761681497097015,-1.009426236152649,544.0870830789208
0,128,128,258,257,0.4980544747081712,unrelated,open the top drawer of the cabinet,2026080807,7100128,sha256:d418642eb340f5fc,mps:0,0.12321428209543228,0.38035714626312256,-0.0,-0.035357143729925156,0.12857143580913544,0.023571427911520004,1.0,0.04184090718626976,0.008811108767986298,0.05488082021474838,-0.00021957949502393603,0.0013377671130001545,-0.026203354820609093,-1.0145182609558105,577.8868747875094
0,139,139,258,257,0.5408560311284046,correct,put both the cream cheese box and the butter in the basket,2026080807,7100139,sha256:e9eb12ec54db9a06,mps:0,0.0,-0.36964285373687744,0.23839285969734192,0.0,0.002142857061699033,-0.06428571790456772,-1.0,0.0229509174823761,-0.3058248460292816,0.05754796415567398,-0.002012400422245264,0.06366139650344849,-0.0921693965792656,-0.989244818687439,536.8015000130981
0,139,139,258,257,0.5408560311284046,paraphrase,place the cream cheese box and the butter together inside the basket,2026080807,7100139,sha256:e9eb12ec54db9a06,mps:0,0.0,-0.36964285373687744,0.23839285969734192,0.0,0.002142857061699033,-0.06428571790456772,-1.0,-0.02541915327310562,-0.24748548865318298,0.007711559534072876,-0.000733260007109493,0.04842301085591316,-0.0840308666229248,-0.9947795867919922,530.7225829456002
0,139,139,258,257,0.5408560311284046,contradictory,put the cream cheese box in the basket but leave the butter outside the basket,2026080807,7100139,sha256:e9eb12ec54db9a06,mps:0,0.0,-0.36964285373687744,0.23839285969734192,0.0,0.002142857061699033,-0.06428571790456772,-1.0,-0.010306976735591888,-0.2223851978778839,0.08965564519166946,-0.0010191386099904776,0.07193716615438461,-0.0898599699139595,-0.9905297756195068,526.3827091548592
0,139,139,258,257,0.5408560311284046,unrelated,open the top drawer of the cabinet,2026080807,7100139,sha256:e9eb12ec54db9a06,mps:0,0.0,-0.36964285373687744,0.23839285969734192,0.0,0.002142857061699033,-0.06428571790456772,-1.0,-0.04267372190952301,-0.46928519010543823,0.15078622102737427,-0.005267127882689238,0.08771165460348129,-0.09396150708198547,-0.9855247735977173,538.2128751371056
0,141,141,258,257,0.5486381322957199,correct,put both the cream cheese box and the butter in the basket,2026080807,7100141,sha256:5cd54132bdc70b74,mps:0,0.06428571790456772,-0.4151785671710968,0.28928571939468384,0.0,0.008571428246796131,-0.07392857223749161,-1.0,0.049827270209789276,-0.01820298284292221,-0.007591947913169861,-0.00034222338581457734,-0.01616070047020912,-0.023392966017127037,-1.0216423273086548,542.4675000831485
0,141,141,258,257,0.5486381322957199,paraphrase,place the cream cheese box and the butter together inside the basket,2026080807,7100141,sha256:5cd54132bdc70b74,mps:0,0.06428571790456772,-0.4151785671710968,0.28928571939468384,0.0,0.008571428246796131,-0.07392857223749161,-1.0,0.02336118370294571,0.009334772825241089,-0.05257526785135269,-0.0004464582889340818,-0.02781529724597931,-0.018358321860432625,-1.022987723350525,508.4223330486566
0,141,141,258,257,0.5486381322957199,contradictory,put the cream cheese box in the basket but leave the butter outside the basket,2026080807,7100141,sha256:5cd54132bdc70b74,mps:0,0.06428571790456772,-0.4151785671710968,0.28928571939468384,0.0,0.008571428246796131,-0.07392857223749161,-1.0,0.035780347883701324,0.024720001965761185,0.04439934343099594,-0.0003160074702464044,-0.008289474062621593,-0.029416123405098915,-1.023664951324463,521.9942501280457
0,141,141,258,257,0.5486381322957199,unrelated,open the top drawer of the cabinet,2026080807,7100141,sha256:5cd54132bdc70b74,mps:0,0.06428571790456772,-0.4151785671710968,0.28928571939468384,0.0,0.008571428246796131,-0.07392857223749161,-1.0,0.055356744676828384,-0.0024818256497383118,0.05631106346845627,-0.002570049837231636,-0.0063508255407214165,-0.025989171117544174,-1.034609317779541,521.603083005175
0,156,156,258,257,0.6070038910505836,correct,put both the cream cheese box and the butter in the basket,2026080807,7100156,sha256:267889625d077da4,mps:0,0.6669642925262451,-0.5866071581840515,-0.2651785612106323,-0.011785713955760002,-0.03214285895228386,-0.0,-1.0,0.23638081550598145,-0.6582391858100891,-0.10511443018913269,0.025445645675063133,-0.03418823331594467,0.014467885717749596,-0.9985817074775696,549.3958329316229
0,156,156,258,257,0.6070038910505836,paraphrase,place the cream cheese box and the butter together inside the basket,2026080807,7100156,sha256:267889625d077da4,mps:0,0.6669642925262451,-0.5866071581840515,-0.2651785612106323,-0.011785713955760002,-0.03214285895228386,-0.0,-1.0,0.027874797582626343,-0.5037060976028442,-0.29826343059539795,0.03056412935256958,-0.06270516663789749,0.013903649523854256,-1.0063509941101074,506.6645829938352
0,156,156,258,257,0.6070038910505836,contradictory,put the cream cheese box in the basket but leave the butter outside the basket,2026080807,7100156,sha256:267889625d077da4,mps:0,0.6669642925262451,-0.5866071581840515,-0.2651785612106323,-0.011785713955760002,-0.03214285895228386,-0.0,-1.0,-0.14854806661605835,-0.29738929867744446,-0.3355245292186737,0.019851751625537872,-0.04461947828531265,-0.00023345043882727623,-1.0028878450393677,519.2136249970645
0,156,156,258,257,0.6070038910505836,unrelated,open the top drawer of the cabinet,2026080807,7100156,sha256:267889625d077da4,mps:0,0.6669642925262451,-0.5866071581840515,-0.2651785612106323,-0.011785713955760002,-0.03214285895228386,-0.0,-1.0,-0.37172359228134155,-0.1551874279975891,0.06531360000371933,-0.006723274476826191,-0.008118650875985622,0.09363581985235214,-1.0244978666305542,519.5464170537889
0,169,169,258,257,0.6575875486381323,correct,put both the cream cheese box and the butter in the basket,2026080807,7100169,sha256:4902698f89371e4e,mps:0,-0.21964286267757416,-0.28125,-0.8089285492897034,0.0,-0.04821428656578064,0.04392857104539871,-1.0,-0.35726073384284973,-0.14046700298786163,-0.37654122710227966,0.0022433409467339516,0.06444042176008224,-0.028026632964611053,-0.9845215678215027,537.9054590594023
0,169,169,258,257,0.6575875486381323,paraphrase,place the cream cheese box and the butter together inside the basket,2026080807,7100169,sha256:4902698f89371e4e,mps:0,-0.21964286267757416,-0.28125,-0.8089285492897034,0.0,-0.04821428656578064,0.04392857104539871,-1.0,-0.5029897689819336,-0.13780660927295685,-0.4219414293766022,0.0023415079340338707,0.048920925706624985,-0.037654876708984375,-0.9914159774780273,521.3580830022693
0,169,169,258,257,0.6575875486381323,contradictory,put the cream cheese box in the basket but leave the butter outside the basket,2026080807,7100169,sha256:4902698f89371e4e,mps:0,-0.21964286267757416,-0.28125,-0.8089285492897034,0.0,-0.04821428656578064,0.04392857104539871,-1.0,-0.5279219150543213,-0.13249188661575317,-0.38970381021499634,0.003336855676025152,0.05154677480459213,-0.04008280485868454,-0.992222011089325,521.3159588165581
0,169,169,258,257,0.6575875486381323,unrelated,open the top drawer of the cabinet,2026080807,7100169,sha256:4902698f89371e4e,mps:0,-0.21964286267757416,-0.28125,-0.8089285492897034,0.0,-0.04821428656578064,0.04392857104539871,-1.0,-0.330526739358902,0.07576512545347214,-0.2723071575164795,-0.006309096701443195,0.12324098497629166,0.001155670266598463,-0.9978910684585571,538.7215418741107
0,191,191,258,257,0.7431906614785992,correct,put both the cream cheese box and the butter in the basket,2026080807,7100191,sha256:4e179b9d1881514c,mps:0,0.16607142984867096,0.0,0.4446428716182709,-0.017142856493592262,0.040714286267757416,-0.0,1.0,0.12369352579116821,-0.012983940541744232,0.31046152114868164,-0.008744916878640652,-0.025736454874277115,0.007171880453824997,0.9943310618400574,534.2918750829995
0,191,191,258,257,0.7431906614785992,paraphrase,place the cream cheese box and the butter together inside the basket,2026080807,7100191,sha256:4e179b9d1881514c,mps:0,0.16607142984867096,0.0,0.4446428716182709,-0.017142856493592262,0.040714286267757416,-0.0,1.0,0.011881798505783081,-0.009824730455875397,0.10776252299547195,-0.003170720301568508,-0.036196090281009674,0.008759093470871449,1.0002593994140625,511.8632500525564
0,191,191,258,257,0.7431906614785992,contradictory,put the cream cheese box in the basket but leave the butter outside the basket,2026080807,7100191,sha256:4e179b9d1881514c,mps:0,0.16607142984867096,0.0,0.4446428716182709,-0.017142856493592262,0.040714286267757416,-0.0,1.0,-0.024694867432117462,-0.016806989908218384,-0.05173972621560097,-0.005767949391156435,-0.02814733237028122,0.010018889792263508,1.0092480182647705,546.3686669245362
0,191,191,258,257,0.7431906614785992,unrelated,open the top drawer of the cabinet,2026080807,7100191,sha256:4e179b9d1881514c,mps:0,0.16607142984867096,0.0,0.4446428716182709,-0.017142856493592262,0.040714286267757416,-0.0,1.0,-0.03693549335002899,0.005798168480396271,-0.15230602025985718,-0.009637120179831982,-0.02867656946182251,0.01677807979285717,1.0024094581604004,523.1694998219609
0,196,196,258,257,0.7626459143968871,correct,put both the cream cheese box and the butter in the basket,2026080807,7100196,sha256:659d6cd84b993457,mps:0,0.4258928596973419,-0.07767856866121292,0.9375,0.0,0.004285714123398066,-0.0,1.0,0.1395220011472702,-0.004824578762054443,0.8714925050735474,1.242209691554308e-05,-0.0077437302097678185,-0.05085986107587814,0.9945428967475891,551.5577921178192
0,196,196,258,257,0.7626459143968871,paraphrase,place the cream cheese box and the butter together inside the basket,2026080807,7100196,sha256:659d6cd84b993457,mps:0,0.4258928596973419,-0.07767856866121292,0.9375,0.0,0.004285714123398066,-0.0,1.0,0.03475791588425636,0.02987758070230484,0.8139187693595886,0.0004965943517163396,-0.01997852325439453,-0.0534672886133194,0.9937590956687927,510.2870420087129
0,196,196,258,257,0.7626459143968871,contradictory,put the cream cheese box in the basket but leave the butter outside the basket,2026080807,7100196,sha256:659d6cd84b993457,mps:0,0.4258928596973419,-0.07767856866121292,0.9375,0.0,0.004285714123398066,-0.0,1.0,0.008507125079631805,-0.05461353063583374,0.33824145793914795,-0.0008565573371015489,-0.011128841899335384,-0.05087999999523163,0.9872923493385315,521.9019579235464
0,196,196,258,257,0.7626459143968871,unrelated,open the top drawer of the cabinet,2026080807,7100196,sha256:659d6cd84b993457,mps:0,0.4258928596973419,-0.07767856866121292,0.9375,0.0,0.004285714123398066,-0.0,1.0,-0.02434612810611725,-0.010956324636936188,0.207387775182724,-0.0018149737734347582,-0.014668761752545834,-0.044234707951545715,-0.9960986375808716,519.9029999785125
0,212,212,258,257,0.8249027237354085,correct,put both the cream cheese box and the butter in the basket,2026080807,7100212,sha256:2d7b5f488a91b599,mps:0,-0.21964286267757416,0.7982142567634583,0.42321428656578064,-0.061071429401636124,0.0,-0.0,1.0,-0.12004121392965317,0.7331560254096985,0.7833136916160583,0.00312343193218112,0.017126567661762238,-0.011062901467084885,0.9927685856819153,532.079917145893
0,212,212,258,257,0.8249027237354085,paraphrase,place the cream cheese box and the butter together inside the basket,2026080807,7100212,sha256:2d7b5f488a91b599,mps:0,-0.21964286267757416,0.7982142567634583,0.42321428656578064,-0.061071429401636124,0.0,-0.0,1.0,-0.1493484377861023,0.8100290894508362,0.5811022520065308,0.00782992783933878,0.0025369843933731318,-0.012830802239477634,0.9825937151908875,523.2198750600219
0,212,212,258,257,0.8249027237354085,contradictory,put the cream cheese box in the basket but leave the butter outside the basket,2026080807,7100212,sha256:2d7b5f488a91b599,mps:0,-0.21964286267757416,0.7982142567634583,0.42321428656578064,-0.061071429401636124,0.0,-0.0,1.0,-0.012904390692710876,0.7097421884536743,0.8291957974433899,0.003071521408855915,0.013261759653687477,-0.015496018342673779,0.985988438129425,522.7833748795092
0,212,212,258,257,0.8249027237354085,unrelated,open the top drawer of the cabinet,2026080807,7100212,sha256:2d7b5f488a91b599,mps:0,-0.21964286267757416,0.7982142567634583,0.42321428656578064,-0.061071429401636124,0.0,-0.0,1.0,0.14330118894577026,0.14665567874908447,0.834330141544342,0.00045272050192579627,0.050759728997945786,-0.013295276090502739,1.0039106607437134,523.8720839843154
0,221,221,258,257,0.8599221789883269,correct,put both the cream cheese box and the butter in the basket,2026080807,7100221,sha256:c18750e28cb0d952,mps:0,-0.5169642567634583,0.7366071343421936,-0.16607142984867096,-0.062142856419086456,-0.02250000089406967,0.012857142835855484,1.0,-0.06692392379045486,0.6162503957748413,-0.07622214406728745,0.017134452238678932,0.0010256189852952957,0.0064760977402329445,0.9985249638557434,533.8017079047859
0,221,221,258,257,0.8599221789883269,paraphrase,place the cream cheese box and the butter together inside the basket,2026080807,7100221,sha256:c18750e28cb0d952,mps:0,-0.5169642567634583,0.7366071343421936,-0.16607142984867096,-0.062142856419086456,-0.02250000089406967,0.012857142835855484,1.0,-0.04010213911533356,0.5980525016784668,-0.14484357833862305,0.025174638256430626,-0.007335585542023182,0.003134741447865963,1.0037671327590942,528.0703329481184
0,221,221,258,257,0.8599221789883269,contradictory,put the cream cheese box in the basket but leave the butter outside the basket,2026080807,7100221,sha256:c18750e28cb0d952,mps:0,-0.5169642567634583,0.7366071343421936,-0.16607142984867096,-0.062142856419086456,-0.02250000089406967,0.012857142835855484,1.0,0.05137232691049576,0.2472333461046219,-0.20997214317321777,0.04009965807199478,0.004159492440521717,-0.005646164529025555,0.9938355088233948,539.2400410491973
0,221,221,258,257,0.8599221789883269,unrelated,open the top drawer of the cabinet,2026080807,7100221,sha256:c18750e28cb0d952,mps:0,-0.5169642567634583,0.7366071343421936,-0.16607142984867096,-0.062142856419086456,-0.02250000089406967,0.012857142835855484,1.0,0.07870346307754517,-0.010516412556171417,0.21103405952453613,0.0014358162879943848,0.021215923130512238,-0.014619550667703152,-1.0051651000976562,583.8652919046581
0,241,241,258,257,0.9377431906614786,correct,put both the cream cheese box and the butter in the basket,2026080807,7100241,sha256:a91e6b02da5296b8,mps:0,0.10178571194410324,-0.02410714328289032,-0.0,0.051428571343421936,0.0867857113480568,-0.011785713955760002,-1.0,-0.11215289682149887,0.15768669545650482,-0.11612021923065186,-0.00011599477147683501,0.0166374109685421,-0.008656851015985012,-1.0497735738754272,558.1376671325415
0,241,241,258,257,0.9377431906614786,paraphrase,place the cream cheese box and the butter together inside the basket,2026080807,7100241,sha256:a91e6b02da5296b8,mps:0,0.10178571194410324,-0.02410714328289032,-0.0,0.051428571343421936,0.0867857113480568,-0.011785713955760002,-1.0,-0.13691088557243347,0.28143441677093506,-0.36855024099349976,0.01957450807094574,0.013938232325017452,0.00024273665621876717,1.0163336992263794,535.2772909682244
0,241,241,258,257,0.9377431906614786,contradictory,put the cream cheese box in the basket but leave the butter outside the basket,2026080807,7100241,sha256:a91e6b02da5296b8,mps:0,0.10178571194410324,-0.02410714328289032,-0.0,0.051428571343421936,0.0867857113480568,-0.011785713955760002,-1.0,-0.03802616894245148,0.08969709277153015,0.06204356998205185,-0.0007320549921132624,0.01579306460916996,-0.023722080513834953,-0.9950093626976013,548.6420828383416
0,241,241,258,257,0.9377431906614786,unrelated,open the top drawer of the cabinet,2026080807,7100241,sha256:a91e6b02da5296b8,mps:0,0.10178571194410324,-0.02410714328289032,-0.0,0.051428571343421936,0.0867857113480568,-0.011785713955760002,-1.0,-0.05147036910057068,0.08560865372419357,-0.017703823745250702,-0.0014346863608807325,0.019628681242465973,-0.015481059439480305,-1.0010485649108887,549.9019590206444
0,257,257,258,257,1.0,correct,put both the cream cheese box and the butter in the basket,2026080807,7100257,sha256:471c4bc442003180,mps:0,0.05089285597205162,-0.0053571430034935474,0.07500000298023224,0.010714286006987095,0.02678571455180645,-0.002142857061699033,-1.0,0.12382026016712189,-0.13359585404396057,0.07756420224905014,0.012958948500454426,0.04326493293046951,-0.018358644098043442,-0.9980313181877136,565.6095840968192
0,257,257,258,257,1.0,paraphrase,place the cream cheese box and the butter together inside the basket,2026080807,7100257,sha256:471c4bc442003180,mps:0,0.05089285597205162,-0.0053571430034935474,0.07500000298023224,0.010714286006987095,0.02678571455180645,-0.002142857061699033,-1.0,0.09041101485490799,-0.1169368177652359,0.03978157788515091,0.01895345188677311,0.030921630561351776,-0.014198776334524155,-1.0039260387420654,522.281166864559
0,257,257,258,257,1.0,contradictory,put the cream cheese box in the basket but leave the butter outside the basket,2026080807,7100257,sha256:471c4bc442003180,mps:0,0.05089285597205162,-0.0053571430034935474,0.07500000298023224,0.010714286006987095,0.02678571455180645,-0.002142857061699033,-1.0,0.10695013403892517,-0.10599438846111298,0.12205839902162552,0.011894322000443935,0.05370188504457474,-0.027140149846673012,-0.9944443702697754,544.7276660706848
0,257,257,258,257,1.0,unrelated,open the top drawer of the cabinet,2026080807,7100257,sha256:471c4bc442003180,mps:0,0.05089285597205162,-0.0053571430034935474,0.07500000298023224,0.010714286006987095,0.02678571455180645,-0.002142857061699033,-1.0,0.21473455429077148,-0.40011537075042725,0.22730281949043274,0.02199527435004711,0.08265578001737595,-0.014133128337562084,-0.9875660538673401,526.6013750806451
1,0,258,252,251,0.0,correct,put both the cream cheese box and the butter in the basket,2026080808,7110000,sha256:1100a948a22e2328,mps:0,0.0,0.0,0.0,0.0,0.0,-0.0,-1.0,0.26444464921951294,-0.22923770546913147,-0.16543588042259216,-0.001256168819963932,-0.05574307218194008,-0.08207499235868454,-0.9812219142913818,568.6084579210728
1,0,258,252,251,0.0,paraphrase,place the cream cheese box and the butter together inside the basket,2026080808,7110000,sha256:1100a948a22e2328,mps:0,0.0,0.0,0.0,0.0,0.0,-0.0,-1.0,0.4203200340270996,-0.2737165689468384,-0.3014973998069763,0.0006954253185540438,-0.07944287359714508,-0.11180396378040314,-0.9842716455459595,519.845417002216
1,0,258,252,251,0.0,contradictory,put the cream cheese box in the basket but leave the butter outside the basket,2026080808,7110000,sha256:1100a948a22e2328,mps:0,0.0,0.0,0.0,0.0,0.0,-0.0,-1.0,0.14407622814178467,-0.06215691566467285,-0.21758311986923218,-0.0007221636478789151,-0.06160758063197136,-0.07984063029289246,-0.9823648929595947,540.1965000201017
1,0,258,252,251,0.0,unrelated,open the top drawer of the cabinet,2026080808,7110000,sha256:1100a948a22e2328,mps:0,0.0,0.0,0.0,0.0,0.0,-0.0,-1.0,0.06503192335367203,-0.5405774712562561,-0.23069342970848083,0.0004961140803061426,-0.046907976269721985,-0.06098763644695282,-0.9823324084281921,555.1707078702748
1,24,282,252,251,0.09561752988047809,correct,put both the cream cheese box and the butter in the basket,2026080808,7110024,sha256:7e9dc6c0733dec32,mps:0,0.7044642567634583,-0.6803571581840515,-0.0,0.009642857126891613,0.0,-0.0,-1.0,0.6606408357620239,-0.6053517460823059,0.055007047951221466,0.01366554107517004,-0.008489536121487617,0.015462324023246765,-0.9915044903755188,546.0934578441083
1,24,282,252,251,0.09561752988047809,paraphrase,place the cream cheese box and the butter together inside the basket,2026080808,7110024,sha256:7e9dc6c0733dec32,mps:0,0.7044642567634583,-0.6803571581840515,-0.0,0.009642857126891613,0.0,-0.0,-1.0,0.677277147769928,-0.5671501755714417,-0.02970338985323906,0.0232442244887352,-0.014369773678481579,0.013993289321660995,-0.9973009824752808,538.3282080292702
1,24,282,252,251,0.09561752988047809,contradictory,put the cream cheese box in the basket but leave the butter outside the basket,2026080808,7110024,sha256:7e9dc6c0733dec32,mps:0,0.7044642567634583,-0.6803571581840515,-0.0,0.009642857126891613,0.0,-0.0,-1.0,0.7237266302108765,-0.4231032133102417,0.06601136177778244,0.004819303750991821,-0.002399560995399952,0.004741985350847244,-0.9904046058654785,530.3057921119034
1,24,282,252,251,0.09561752988047809,unrelated,open the top drawer of the cabinet,2026080808,7110024,sha256:7e9dc6c0733dec32,mps:0,0.7044642567634583,-0.6803571581840515,-0.0,0.009642857126891613,0.0,-0.0,-1.0,0.28926095366477966,-0.6045882701873779,-0.028100114315748215,0.010448911227285862,0.003307855688035488,0.08657416701316833,-0.9833881855010986,536.316208075732
1,32,290,252,251,0.12749003984063745,correct,put both the cream cheese box and the butter in the basket,2026080808,7110032,sha256:92dc72fac1c9766d,mps:0,0.5169642567634583,-0.6053571701049805,-0.3214285671710968,0.012857142835855484,-0.025714285671710968,-0.03642857074737549,-1.0,0.531464695930481,-0.3298984169960022,-0.41986164450645447,0.004830183461308479,-0.025753870606422424,-0.012007543817162514,-0.9999693036079407,563.149583991617
1,32,290,252,251,0.12749003984063745,paraphrase,place the cream cheese box and the butter together inside the basket,2026080808,7110032,sha256:92dc72fac1c9766d,mps:0,0.5169642567634583,-0.6053571701049805,-0.3214285671710968,0.012857142835855484,-0.025714285671710968,-0.03642857074737549,-1.0,0.35437458753585815,-0.11935971677303314,-0.657699704170227,0.024256881326436996,-0.037057556211948395,-0.0055359844118356705,-1.0027178525924683,517.1097919810563
1,32,290,252,251,0.12749003984063745,contradictory,put the cream cheese box in the basket but leave the butter outside the basket,2026080808,7110032,sha256:92dc72fac1c9766d,mps:0,0.5169642567634583,-0.6053571701049805,-0.3214285671710968,0.012857142835855484,-0.025714285671710968,-0.03642857074737549,-1.0,0.18194591999053955,-0.014923334121704102,-0.6646052002906799,0.014902260154485703,-0.0328039824962616,-0.0037965760566294193,-1.0005991458892822,544.531875057146
1,32,290,252,251,0.12749003984063745,unrelated,open the top drawer of the cabinet,2026080808,7110032,sha256:92dc72fac1c9766d,mps:0,0.5169642567634583,-0.6053571701049805,-0.3214285671710968,0.012857142835855484,-0.025714285671710968,-0.03642857074737549,-1.0,-0.061109982430934906,-0.24979719519615173,-0.6272204518318176,0.009237331338226795,-0.018832996487617493,0.10193304717540741,-0.9917915463447571,533.2483749371022
1,45,303,252,251,0.17928286852589642,correct,put both the cream cheese box and the butter in the basket,2026080808,7110045,sha256:3d9b185f15a743da,mps:0,-0.09642857313156128,0.1473214328289032,-0.7258928418159485,-0.013928571715950966,-0.01607142947614193,-0.09000000357627869,-1.0,-0.24433210492134094,-0.11807316541671753,-0.8357989192008972,0.02270185388624668,-0.05564936622977257,0.10087203234434128,-1.0142496824264526,539.2902921885252
1,45,303,252,251,0.17928286852589642,paraphrase,place the cream cheese box and the butter together inside the basket,2026080808,7110045,sha256:3d9b185f15a743da,mps:0,-0.09642857313156128,0.1473214328289032,-0.7258928418159485,-0.013928571715950966,-0.01607142947614193,-0.09000000357627869,-1.0,-0.3958642780780792,-0.12159091234207153,-0.8629759550094604,0.0308737363666296,-0.059440840035676956,0.09422952681779861,-1.012390375137329,527.4633748922497
1,45,303,252,251,0.17928286852589642,contradictory,put the cream cheese box in the basket but leave the butter outside the basket,2026080808,7110045,sha256:3d9b185f15a743da,mps:0,-0.09642857313156128,0.1473214328289032,-0.7258928418159485,-0.013928571715950966,-0.01607142947614193,-0.09000000357627869,-1.0,-0.47926783561706543,-0.10968001186847687,-0.7772724628448486,0.021738849580287933,-0.05149809271097183,0.059795230627059937,-1.0065869092941284,551.7245000228286
1,45,303,252,251,0.17928286852589642,unrelated,open the top drawer of the cabinet,2026080808,7110045,sha256:3d9b185f15a743da,mps:0,-0.09642857313156128,0.1473214328289032,-0.7258928418159485,-0.013928571715950966,-0.01607142947614193,-0.09000000357627869,-1.0,-0.4873456358909607,-0.0871221274137497,-0.8152192234992981,0.015151703730225563,-0.06230844929814339,0.24088968336582184,-0.988229513168335,554.068166995421
1,53,311,252,251,0.21115537848605578,correct,put both the cream cheese box and the butter in the basket,2026080808,7110053,sha256:3636b05450547aa4,mps:0,-0.15267856419086456,-0.12857143580913544,-0.6321428418159485,0.0,0.0,-0.05785714462399483,-1.0,-0.12857013940811157,0.05634799599647522,-0.6839434504508972,-0.0002787361736409366,-0.005721979774534702,-0.0032741185277700424,-1.0086746215820312,540.8055421430618
1,53,311,252,251,0.21115537848605578,paraphrase,place the cream cheese box and the butter together inside the basket,2026080808,7110053,sha256:3636b05450547aa4,mps:0,-0.15267856419086456,-0.12857143580913544,-0.6321428418159485,0.0,0.0,-0.05785714462399483,-1.0,-0.248462975025177,0.0449964702129364,-0.7113738059997559,5.002849502488971e-05,-0.006635801866650581,-0.0006133713759481907,-1.005059838294983,525.6379588972777
1,53,311,252,251,0.21115537848605578,contradictory,put the cream cheese box in the basket but leave the butter outside the basket,2026080808,7110053,sha256:3636b05450547aa4,mps:0,-0.15267856419086456,-0.12857143580913544,-0.6321428418159485,0.0,0.0,-0.05785714462399483,-1.0,-0.28640690445899963,0.040035247802734375,-0.6002865433692932,0.0004203648422844708,-0.0022839605808258057,-0.012608717195689678,-1.0057528018951416,533.0837080255151
1,53,311,252,251,0.21115537848605578,unrelated,open the top drawer of the cabinet,2026080808,7110053,sha256:3636b05450547aa4,mps:0,-0.15267856419086456,-0.12857143580913544,-0.6321428418159485,0.0,0.0,-0.05785714462399483,-1.0,-0.2683844268321991,0.15506517887115479,-0.67096346616745,-0.00406708475202322,0.004803645424544811,0.05681496113538742,-1.005150556564331,545.4120421782136
1,64,322,252,251,0.2549800796812749,correct,put both the cream cheese box and the butter in the basket,2026080808,7110064,sha256:cee87adbbefe914a,mps:0,-0.06160714104771614,0.0,-0.0,0.0,0.05892857164144516,-0.02678571455180645,1.0,-0.07627620548009872,0.08487065136432648,-0.2756166160106659,-0.000767659570556134,0.014972256496548653,0.05120633542537689,1.0128393173217773,566.2617499474436
1,64,322,252,251,0.2549800796812749,paraphrase,place the cream cheese box and the butter together inside the basket,2026080808,7110064,sha256:cee87adbbefe914a,mps:0,-0.06160714104771614,0.0,-0.0,0.0,0.05892857164144516,-0.02678571455180645,1.0,-0.23141294717788696,0.058937616646289825,-0.44442325830459595,0.0036523507442325354,-0.0015430059283971786,0.05615787208080292,1.047946810722351,505.5186250247061
1,64,322,252,251,0.2549800796812749,contradictory,put the cream cheese box in the basket but leave the butter outside the basket,2026080808,7110064,sha256:cee87adbbefe914a,mps:0,-0.06160714104771614,0.0,-0.0,0.0,0.05892857164144516,-0.02678571455180645,1.0,-0.06952295452356339,0.0740286260843277,-0.15621435642242432,-0.008898492902517319,0.015106482431292534,0.019376998767256737,1.0138874053955078,545.8313750568777
1,64,322,252,251,0.2549800796812749,unrelated,open the top drawer of the cabinet,2026080808,7110064,sha256:cee87adbbefe914a,mps:0,-0.06160714104771614,0.0,-0.0,0.0,0.05892857164144516,-0.02678571455180645,1.0,-0.20359012484550476,0.2517203688621521,-0.4709388315677643,-0.0015348908491432667,-0.003019940108060837,0.12738488614559174,-1.024827003479004,526.6315832268447
1,87,345,252,251,0.3466135458167331,correct,put both the cream cheese box and the butter in the basket,2026080808,7110087,sha256:9fbcb2df8e332182,mps:0,-0.3348214328289032,0.7982142567634583,0.5973214507102966,0.0,-0.04392857104539871,0.008571428246796131,1.0,-0.06318113952875137,0.6527762413024902,0.5368181467056274,0.0020883555989712477,-0.0011419733054935932,0.014953995123505592,1.0064865350723267,548.1987919192761
1,87,345,252,251,0.3466135458167331,paraphrase,place the cream cheese box and the butter together inside the basket,2026080808,7110087,sha256:9fbcb2df8e332182,mps:0,-0.3348214328289032,0.7982142567634583,0.5973214507102966,0.0,-0.04392857104539871,0.008571428246796131,1.0,-0.05736883729696274,0.7209467887878418,0.44413819909095764,0.002215650863945484,-0.0043820571154356,0.011760605499148369,1.0106033086776733,516.0625830758363
1,87,345,252,251,0.3466135458167331,contradictory,put the cream cheese box in the basket but leave the butter outside the basket,2026080808,7110087,sha256:9fbcb2df8e332182,mps:0,-0.3348214328289032,0.7982142567634583,0.5973214507102966,0.0,-0.04392857104539871,0.008571428246796131,1.0,0.01725579798221588,0.6194851994514465,0.6297882795333862,-0.0006351270130835474,0.0036053978838026524,-0.0035382667556405067,1.0077130794525146,531.5812909975648
1,87,345,252,251,0.3466135458167331,unrelated,open the top drawer of the cabinet,2026080808,7110087,sha256:9fbcb2df8e332182,mps:0,-0.3348214328289032,0.7982142567634583,0.5973214507102966,0.0,-0.04392857104539871,0.008571428246796131,1.0,0.12707456946372986,-0.2526077628135681,0.5457087159156799,0.012094688601791859,0.006846148520708084,0.05907266587018967,1.0174992084503174,551.0886670090258
1,91,349,252,251,0.36254980079681276,correct,put both the cream cheese box and the butter in the basket,2026080808,7110091,sha256:978a27db81ba5a7d,mps:0,-0.2544642984867096,0.8410714268684387,0.31607142090797424,0.010714286006987095,-0.07071428745985031,0.002142857061699033,1.0,-0.09889530390501022,0.8455417156219482,0.18253374099731445,-0.000555830483790487,0.0008874265477061272,0.003558632917702198,0.9839386343955994,568.0107499938458
1,91,349,252,251,0.36254980079681276,paraphrase,place the cream cheese box and the butter together inside the basket,2026080808,7110091,sha256:978a27db81ba5a7d,mps:0,-0.2544642984867096,0.8410714268684387,0.31607142090797424,0.010714286006987095,-0.07071428745985031,0.002142857061699033,1.0,-0.08566484600305557,0.8535625338554382,0.13959035277366638,-0.0011632777750492096,-0.0029140636324882507,0.0036347853019833565,0.9876871705055237,534.5574580132961
1,91,349,252,251,0.36254980079681276,contradictory,put the cream cheese box in the basket but leave the butter outside the basket,2026080808,7110091,sha256:978a27db81ba5a7d,mps:0,-0.2544642984867096,0.8410714268684387,0.31607142090797424,0.010714286006987095,-0.07071428745985031,0.002142857061699033,1.0,-0.04138246923685074,0.8062689900398254,0.24560722708702087,-0.0011387043632566929,-0.0018865838646888733,-0.009647633880376816,0.9864431023597717,545.0448750052601
1,91,349,252,251,0.36254980079681276,unrelated,open the top drawer of the cabinet,2026080808,7110091,sha256:978a27db81ba5a7d,mps:0,-0.2544642984867096,0.8410714268684387,0.31607142090797424,0.010714286006987095,-0.07071428745985031,0.002142857061699033,1.0,0.07212068885564804,-0.005904719233512878,0.09704393893480301,0.039553333073854446,0.01635628752410412,0.0043168989941477776,0.9788784384727478,546.6381669975817
1,107,365,252,251,0.4262948207171315,correct,put both the cream cheese box and the butter in the basket,2026080808,7110107,sha256:2f689176417a4236,mps:0,-0.10982143133878708,0.8973214030265808,0.0053571430034935474,0.0,0.006428571417927742,0.017142856493592262,1.0,-0.02908402681350708,0.8063931465148926,0.024332016706466675,0.0003750536125153303,0.03312736377120018,-0.006425600033253431,0.9950007796287537,566.4246659725904
1,107,365,252,251,0.4262948207171315,paraphrase,place the cream cheese box and the butter together inside the basket,2026080808,7110107,sha256:2f689176417a4236,mps:0,-0.10982143133878708,0.8973214030265808,0.0053571430034935474,0.0,0.006428571417927742,0.017142856493592262,1.0,-0.018306083977222443,0.8193835616111755,-0.028867483139038086,-0.00022455945145338774,0.024770863354206085,-0.0071780807338654995,1.003533959388733,526.4885001815856
1,107,365,252,251,0.4262948207171315,contradictory,put the cream cheese box in the basket but leave the butter outside the basket,2026080808,7110107,sha256:2f689176417a4236,mps:0,-0.10982143133878708,0.8973214030265808,0.0053571430034935474,0.0,0.006428571417927742,0.017142856493592262,1.0,0.05515369772911072,0.7764591574668884,0.06933855265378952,-0.00048758514458313584,0.027121499180793762,-0.014397566206753254,0.9972609877586365,539.1942500136793
1,107,365,252,251,0.4262948207171315,unrelated,open the top drawer of the cabinet,2026080808,7110107,sha256:2f689176417a4236,mps:0,-0.10982143133878708,0.8973214030265808,0.0053571430034935474,0.0,0.006428571417927742,0.017142856493592262,1.0,0.04610476642847061,0.0432378351688385,-0.2291170358657837,0.008329016156494617,0.10894616693258286,-0.021696431562304497,-1.017647385597229,538.5080829728395
1,119,377,252,251,0.47410358565737054,correct,put both the cream cheese box and the butter in the basket,2026080808,7110119,sha256:cee94ad1bf070f86,mps:0,-0.23035714030265808,0.543749988079071,-0.2839285731315613,0.0,0.0,0.04714285582304001,1.0,0.2248464822769165,0.4196542501449585,-0.2789252698421478,-0.04982573539018631,0.049995794892311096,0.027623528614640236,0.9750341773033142,551.5767498873174
1,119,377,252,251,0.47410358565737054,paraphrase,place the cream cheese box and the butter together inside the basket,2026080808,7110119,sha256:cee94ad1bf070f86,mps:0,-0.23035714030265808,0.543749988079071,-0.2839285731315613,0.0,0.0,0.04714285582304001,1.0,0.2013860046863556,0.5174152851104736,-0.3868967592716217,-0.025539228692650795,0.0254012793302536,0.019039370119571686,0.9821797013282776,547.2533341962844
1,119,377,252,251,0.47410358565737054,contradictory,put the cream cheese box in the basket but leave the butter outside the basket,2026080808,7110119,sha256:cee94ad1bf070f86,mps:0,-0.23035714030265808,0.543749988079071,-0.2839285731315613,0.0,0.0,0.04714285582304001,1.0,0.2516591548919678,0.40197718143463135,-0.23129907250404358,-0.034200310707092285,0.01519849058240652,-0.0004749409854412079,0.9854498505592346,585.2203748654574
1,119,377,252,251,0.47410358565737054,unrelated,open the top drawer of the cabinet,2026080808,7110119,sha256:cee94ad1bf070f86,mps:0,-0.23035714030265808,0.543749988079071,-0.2839285731315613,0.0,0.0,0.04714285582304001,1.0,0.42504850029945374,-0.2669530510902405,0.3628040850162506,-0.04987087845802307,0.022884637117385864,0.0016350941732525826,0.9950996041297913,559.8522920627147
1,132,390,252,251,0.5258964143426295,correct,put both the cream cheese box and the butter in the basket,2026080808,7110132,sha256:61fd27d8c1b60fb1,mps:0,-0.02410714328289032,0.22232143580913544,-0.1473214328289032,-0.006428571417927742,0.07500000298023224,0.04928571358323097,1.0,0.12000315636396408,0.21716496348381042,0.16096270084381104,-0.018896499648690224,0.1278175264596939,0.01358637772500515,0.9996165633201599,547.8092920966446
1,132,390,252,251,0.5258964143426295,paraphrase,place the cream cheese box and the butter together inside the basket,2026080808,7110132,sha256:61fd27d8c1b60fb1,mps:0,-0.02410714328289032,0.22232143580913544,-0.1473214328289032,-0.006428571417927742,0.07500000298023224,0.04928571358323097,1.0,0.0814790278673172,0.21251365542411804,0.047198764979839325,-0.0019278863910585642,0.1137901172041893,0.011852715164422989,1.0058510303497314,519.4984171539545
1,132,390,252,251,0.5258964143426295,contradictory,put the cream cheese box in the basket but leave the butter outside the basket,2026080808,7110132,sha256:61fd27d8c1b60fb1,mps:0,-0.02410714328289032,0.22232143580913544,-0.1473214328289032,-0.006428571417927742,0.07500000298023224,0.04928571358323097,1.0,0.18042154610157013,0.1881231963634491,0.29870253801345825,-0.013621463440358639,0.11727295070886612,-0.0028990863356739283,1.000192403793335,560.0615420844406
1,132,390,252,251,0.5258964143426295,unrelated,open the top drawer of the cabinet,2026080808,7110132,sha256:61fd27d8c1b60fb1,mps:0,-0.02410714328289032,0.22232143580913544,-0.1473214328289032,-0.006428571417927742,0.07500000298023224,0.04928571358323097,1.0,0.2063632309436798,-0.0022819936275482178,0.5535979270935059,-0.008038714528083801,0.11998987197875977,0.0067186662927269936,1.013659954071045,542.3089999239892
1,144,402,252,251,0.5737051792828686,correct,put both the cream cheese box and the butter in the basket,2026080808,7110144,sha256:879b4edbb1a65d78,mps:0,0.1607142835855484,-0.27589285373687744,0.2678571343421936,0.0,0.035357143729925156,-0.07821428775787354,-1.0,-0.009952075779438019,-0.027871087193489075,0.04690266400575638,-0.0007589940796606243,0.010986734181642532,-0.02812434732913971,-1.0011405944824219,571.9760409556329
1,144,402,252,251,0.5737051792828686,paraphrase,place the cream cheese box and the butter together inside the basket,2026080808,7110144,sha256:879b4edbb1a65d78,mps:0,0.1607142835855484,-0.27589285373687744,0.2678571343421936,0.0,0.035357143729925156,-0.07821428775787354,-1.0,-0.021021410822868347,-0.027071520686149597,0.013229481875896454,-0.0007959767826832831,0.004714947193861008,-0.026981590315699577,-1.0049577951431274,516.6397499851882
1,144,402,252,251,0.5737051792828686,contradictory,put the cream cheese box in the basket but leave the butter outside the basket,2026080808,7110144,sha256:879b4edbb1a65d78,mps:0,0.1607142835855484,-0.27589285373687744,0.2678571343421936,0.0,0.035357143729925156,-0.07821428775787354,-1.0,-0.017445340752601624,-0.018082261085510254,0.10192664712667465,-0.0006814960506744683,0.021469157189130783,-0.03700370341539383,-1.0018644332885742,518.5372501146048
1,144,402,252,251,0.5737051792828686,unrelated,open the top drawer of the cabinet,2026080808,7110144,sha256:879b4edbb1a65d78,mps:0,0.1607142835855484,-0.27589285373687744,0.2678571343421936,0.0,0.035357143729925156,-0.07821428775787354,-1.0,-0.047860272228717804,-0.041222646832466125,0.10153099149465561,-0.0011220704764127731,0.026143088936805725,-0.03378170728683472,-1.0130914449691772,531.8380838725716
1,162,420,252,251,0.6454183266932271,correct,put both the cream cheese box and the butter in the basket,2026080808,7110162,sha256:530bdbefd1f2013b,mps:0,0.21696428954601288,-0.6267856955528259,-0.44999998807907104,0.011785713955760002,-0.055714286863803864,-0.039642855525016785,-1.0,0.16786739230155945,-0.7041587829589844,-0.3497791290283203,0.045982830226421356,-0.04216761887073517,-0.03205065429210663,-1.018500804901123,550.636458909139
1,162,420,252,251,0.6454183266932271,paraphrase,place the cream cheese box and the butter together inside the basket,2026080808,7110162,sha256:530bdbefd1f2013b,mps:0,0.21696428954601288,-0.6267856955528259,-0.44999998807907104,0.011785713955760002,-0.055714286863803864,-0.039642855525016785,-1.0,-0.03228574991226196,-0.5011903643608093,-0.6128210425376892,0.049630239605903625,-0.06180661544203758,-0.03623437508940697,-1.0106512308120728,534.8311250563711
1,162,420,252,251,0.6454183266932271,contradictory,put the cream cheese box in the basket but leave the butter outside the basket,2026080808,7110162,sha256:530bdbefd1f2013b,mps:0,0.21696428954601288,-0.6267856955528259,-0.44999998807907104,0.011785713955760002,-0.055714286863803864,-0.039642855525016785,-1.0,-0.1449308693408966,-0.4645903706550598,-0.585113525390625,0.038876160979270935,-0.048112571239471436,-0.053277067840099335,-1.0124541521072388,539.8586669471115
1,162,420,252,251,0.6454183266932271,unrelated,open the top drawer of the cabinet,2026080808,7110162,sha256:530bdbefd1f2013b,mps:0,0.21696428954601288,-0.6267856955528259,-0.44999998807907104,0.011785713955760002,-0.055714286863803864,-0.039642855525016785,-1.0,-0.28893595933914185,-0.4562399387359619,-0.1059480682015419,0.005887916777282953,-0.0073885684832930565,-0.022832181304693222,-1.0188384056091309,533.8409999385476
1,173,431,252,251,0.6892430278884463,correct,put both the cream cheese box and the butter in the basket,2026080808,7110173,sha256:b49a9de477117410,mps:0,-0.36964285373687744,-0.07232142984867096,-0.8464285731315613,0.0,-0.055714286863803864,0.09107142686843872,-1.0,-0.2007775604724884,-0.06006439030170441,-0.763983964920044,0.006449829321354628,-0.10368044674396515,-0.0011233226396143436,-1.012595534324646,543.7383749522269
1,173,431,252,251,0.6892430278884463,paraphrase,place the cream cheese box and the butter together inside the basket,2026080808,7110173,sha256:b49a9de477117410,mps:0,-0.36964285373687744,-0.07232142984867096,-0.8464285731315613,0.0,-0.055714286863803864,0.09107142686843872,-1.0,-0.3067755401134491,-0.059887632727622986,-0.7565748691558838,0.01037555281072855,-0.10107149183750153,-0.002558206906542182,-1.0047694444656372,534.6310411114246
1,173,431,252,251,0.6892430278884463,contradictory,put the cream cheese box in the basket but leave the butter outside the basket,2026080808,7110173,sha256:b49a9de477117410,mps:0,-0.36964285373687744,-0.07232142984867096,-0.8464285731315613,0.0,-0.055714286863803864,0.09107142686843872,-1.0,-0.3835761547088623,-0.04988540709018707,-0.7472543716430664,0.009059449657797813,-0.07912278920412064,-0.011438524350523949,-1.0039198398590088,533.3883750718087
1,173,431,252,251,0.6892430278884463,unrelated,open the top drawer of the cabinet,2026080808,7110173,sha256:b49a9de477117410,mps:0,-0.36964285373687744,-0.07232142984867096,-0.8464285731315613,0.0,-0.055714286863803864,0.09107142686843872,-1.0,-0.418467253446579,0.04835440218448639,-0.7254337072372437,-0.00038434070302173495,-0.0952289029955864,0.0009424216113984585,-1.0204275846481323,533.7994580622762
1,183,441,252,251,0.7290836653386454,correct,put both the cream cheese box and the butter in the basket,2026080808,7110183,sha256:ad3313c5e724f6a1,mps:0,-0.11249999701976776,-0.0803571417927742,-0.5625,0.0,-0.046071428805589676,0.08250000327825546,-1.0,-0.0011012032628059387,0.05131891742348671,-0.47180530428886414,-0.001033844193443656,0.04327517747879028,0.01669185422360897,-0.997140645980835,560.1000839378685
1,183,441,252,251,0.7290836653386454,paraphrase,place the cream cheese box and the butter together inside the basket,2026080808,7110183,sha256:ad3313c5e724f6a1,mps:0,-0.11249999701976776,-0.0803571417927742,-0.5625,0.0,-0.046071428805589676,0.08250000327825546,-1.0,-0.090687595307827,0.006903879344463348,-0.5154663324356079,-0.0006998634780757129,0.023629236966371536,0.013954846188426018,-0.9959138631820679,518.2213329244405
1,183,441,252,251,0.7290836653386454,contradictory,put the cream cheese box in the basket but leave the butter outside the basket,2026080808,7110183,sha256:ad3313c5e724f6a1,mps:0,-0.11249999701976776,-0.0803571417927742,-0.5625,0.0,-0.046071428805589676,0.08250000327825546,-1.0,-0.03320780396461487,-0.018605217337608337,-0.29792702198028564,-0.002722453558817506,0.05725259706377983,0.010934855788946152,0.9684495329856873,531.1517079826444
1,183,441,252,251,0.7290836653386454,unrelated,open the top drawer of the cabinet,2026080808,7110183,sha256:ad3313c5e724f6a1,mps:0,-0.11249999701976776,-0.0803571417927742,-0.5625,0.0,-0.046071428805589676,0.08250000327825546,-1.0,-0.12528353929519653,0.1217445433139801,-0.549775242805481,-0.003000003518536687,0.035938896238803864,0.0346333384513855,-1.0049986839294434,549.8610001523048
1,194,452,252,251,0.7729083665338645,correct,put both the cream cheese box and the butter in the basket,2026080808,7110194,sha256:060d2a57d3ec9bde,mps:0,0.12857143580913544,0.11785714328289032,0.5892857313156128,-0.11464285850524902,0.0,-0.0,1.0,0.12316900491714478,0.0223243311047554,0.4470660388469696,-0.06416245549917221,-0.012453601695597172,-0.039759330451488495,1.0041526556015015,546.9493330456316
1,194,452,252,251,0.7729083665338645,paraphrase,place the cream cheese box and the butter together inside the basket,2026080808,7110194,sha256:060d2a57d3ec9bde,mps:0,0.12857143580913544,0.11785714328289032,0.5892857313156128,-0.11464285850524902,0.0,-0.0,1.0,-0.04586024582386017,0.012580081820487976,0.08132348209619522,-0.04863368347287178,-0.02811538428068161,-0.03576118126511574,-1.012361764907837,507.702250033617
1,194,452,252,251,0.7729083665338645,contradictory,put the cream cheese box in the basket but leave the butter outside the basket,2026080808,7110194,sha256:060d2a57d3ec9bde,mps:0,0.12857143580913544,0.11785714328289032,0.5892857313156128,-0.11464285850524902,0.0,-0.0,1.0,0.028575830161571503,0.002242468297481537,0.1581123173236847,-0.05668492615222931,-0.012894310988485813,-0.03484931215643883,1.0043213367462158,539.3956669140607
1,194,452,252,251,0.7729083665338645,unrelated,open the top drawer of the cabinet,2026080808,7110194,sha256:060d2a57d3ec9bde,mps:0,0.12857143580913544,0.11785714328289032,0.5892857313156128,-0.11464285850524902,0.0,-0.0,1.0,-0.08866655081510544,0.07264815270900726,-0.011498920619487762,-0.04247601702809334,-0.03252959996461868,-0.047502800822257996,-0.9931195378303528,526.4639579690993
1,210,468,252,251,0.8366533864541833,correct,put both the cream cheese box and the butter in the basket,2026080808,7110210,sha256:ad799d2950fc866e,mps:0,0.0,0.5919643044471741,0.5464285612106323,0.0,0.01607142947614193,-0.02678571455180645,1.0,-0.09401042014360428,0.5113120079040527,0.6693556308746338,-0.005891299806535244,-0.010977036319673061,0.003727969713509083,1.017133355140686,562.2675830963999
1,210,468,252,251,0.8366533864541833,paraphrase,place the cream cheese box and the butter together inside the basket,2026080808,7110210,sha256:ad799d2950fc866e,mps:0,0.0,0.5919643044471741,0.5464285612106323,0.0,0.01607142947614193,-0.02678571455180645,1.0,-0.13863059878349304,0.6525841355323792,0.4815475642681122,-0.001980566419661045,-0.018906228244304657,0.00014463858678936958,1.022936463356018,517.1787920407951
1,210,468,252,251,0.8366533864541833,contradictory,put the cream cheese box in the basket but leave the butter outside the basket,2026080808,7110210,sha256:ad799d2950fc866e,mps:0,0.0,0.5919643044471741,0.5464285612106323,0.0,0.01607142947614193,-0.02678571455180645,1.0,0.08949960023164749,0.3589770793914795,0.8047036528587341,-0.012555403634905815,-0.005845768377184868,-0.010230105370283127,1.0167763233184814,526.1562501545995
1,210,468,252,251,0.8366533864541833,unrelated,open the top drawer of the cabinet,2026080808,7110210,sha256:ad799d2950fc866e,mps:0,0.0,0.5919643044471741,0.5464285612106323,0.0,0.01607142947614193,-0.02678571455180645,1.0,0.018337592482566833,0.11125387996435165,0.024199359118938446,-0.012437878176569939,-0.012410891242325306,0.005258014425635338,-0.9906836748123169,550.1118330284953
1,223,481,252,251,0.8884462151394422,correct,put both the cream cheese box and the butter in the basket,2026080808,7110223,sha256:e241a344e6f20c10,mps:0,-0.1339285671710968,0.6937500238418579,-0.06160714104771614,0.0503571443259716,0.0,-0.0,1.0,-0.04995691776275635,0.31993263959884644,0.33187851309776306,-0.03916984796524048,0.11129633337259293,0.021655304357409477,0.9875766634941101,545.5626251641661
1,223,481,252,251,0.8884462151394422,paraphrase,place the cream cheese box and the butter together inside the basket,2026080808,7110223,sha256:e241a344e6f20c10,mps:0,-0.1339285671710968,0.6937500238418579,-0.06160714104771614,0.0503571443259716,0.0,-0.0,1.0,-0.09940814226865768,0.3875018060207367,0.17395585775375366,-0.020565733313560486,0.09588021039962769,0.015036821365356445,0.9819967150688171,516.4932920597494
1,223,481,252,251,0.8884462151394422,contradictory,put the cream cheese box in the basket but leave the butter outside the basket,2026080808,7110223,sha256:e241a344e6f20c10,mps:0,-0.1339285671710968,0.6937500238418579,-0.06160714104771614,0.0503571443259716,0.0,-0.0,1.0,0.04739750176668167,0.09288795292377472,0.3686131238937378,-0.03310556337237358,0.08658047765493393,-0.012120148167014122,-1.0126372575759888,544.3652500398457
1,223,481,252,251,0.8884462151394422,unrelated,open the top drawer of the cabinet,2026080808,7110223,sha256:e241a344e6f20c10,mps:0,-0.1339285671710968,0.6937500238418579,-0.06160714104771614,0.0503571443259716,0.0,-0.0,1.0,0.11578819155693054,0.03211670741438866,0.4448132812976837,-0.02567056566476822,0.10535390675067902,0.0011481372639536858,-1.0059332847595215,523.7680419813842
1,226,484,252,251,0.900398406374502,correct,put both the cream cheese box and the butter in the basket,2026080808,7110226,sha256:56242195aa890f9e,mps:0,-0.3642857074737549,0.38303571939468384,-0.32946428656578064,0.05785714462399483,0.03642857074737549,-0.0,1.0,-0.013034321367740631,0.3327326774597168,-0.23989266157150269,0.006336220074445009,0.14066378772258759,-0.028393596410751343,0.9954954981803894,540.9432919695973
1,226,484,252,251,0.900398406374502,paraphrase,place the cream cheese box and the butter together inside the basket,2026080808,7110226,sha256:56242195aa890f9e,mps:0,-0.3642857074737549,0.38303571939468384,-0.32946428656578064,0.05785714462399483,0.03642857074737549,-0.0,1.0,-0.022160038352012634,0.35891488194465637,-0.3494347929954529,0.027875889092683792,0.12016942352056503,-0.032322049140930176,0.9868445992469788,529.4609582051635
1,226,484,252,251,0.900398406374502,contradictory,put the cream cheese box in the basket but leave the butter outside the basket,2026080808,7110226,sha256:56242195aa890f9e,mps:0,-0.3642857074737549,0.38303571939468384,-0.32946428656578064,0.05785714462399483,0.03642857074737549,-0.0,1.0,0.05723881721496582,0.1884046494960785,-0.14614221453666687,0.002430754015222192,0.1195373684167862,-0.05261170119047165,0.9958537220954895,533.1389578059316
1,226,484,252,251,0.900398406374502,unrelated,open the top drawer of the cabinet,2026080808,7110226,sha256:56242195aa890f9e,mps:0,-0.3642857074737549,0.38303571939468384,-0.32946428656578064,0.05785714462399483,0.03642857074737549,-0.0,1.0,0.06427481025457382,0.10932252556085587,0.03692040592432022,-0.0011947532184422016,0.10286207497119904,-0.06339611858129501,1.0166950225830078,528.8915000855923
1,251,509,252,251,1.0,correct,put both the cream cheese box and the butter in the basket,2026080808,7110251,sha256:70dd9d2606f7b962,mps:0,0.08303571492433548,0.0,-0.0,0.0,0.006428571417927742,-0.0,-1.0,0.08462665975093842,-0.15962855517864227,0.26969823241233826,0.06160560995340347,0.13897204399108887,-0.06097577512264252,-0.9940712451934814,563.6880840174854
1,251,509,252,251,1.0,paraphrase,place the cream cheese box and the butter together inside the basket,2026080808,7110251,sha256:70dd9d2606f7b962,mps:0,0.08303571492433548,0.0,-0.0,0.0,0.006428571417927742,-0.0,-1.0,0.06589874625205994,-0.15818198025226593,0.23987776041030884,0.069570392370224,0.1323002576828003,-0.06264986842870712,-0.9995839595794678,513.7585001066327
1,251,509,252,251,1.0,contradictory,put the cream cheese box in the basket but leave the butter outside the basket,2026080808,7110251,sha256:70dd9d2606f7b962,mps:0,0.08303571492433548,0.0,-0.0,0.0,0.006428571417927742,-0.0,-1.0,0.08334600180387497,-0.15578478574752808,0.3226003646850586,0.0615895576775074,0.1661052703857422,-0.06651996076107025,-0.9957629442214966,534.1448751278222
1,251,509,252,251,1.0,unrelated,open the top drawer of the cabinet,2026080808,7110251,sha256:70dd9d2606f7b962,mps:0,0.08303571492433548,0.0,-0.0,0.0,0.006428571417927742,-0.0,-1.0,0.06334938108921051,-0.245859295129776,0.28299030661582947,0.07173904031515121,0.15405407547950745,-0.05587092787027359,-0.9970815181732178,536.2500830087811
2,0,510,246,245,0.0,correct,put both the cream cheese box and the butter in the basket,2026080809,7120000,sha256:41f7325164d8c6d3,mps:0,0.26249998807907104,-0.46875,-0.0,0.0,0.0,-0.0,-1.0,0.044924620538949966,0.07504154741764069,-0.06622633337974548,-0.0008034967468120158,-0.02148783579468727,0.007361255586147308,-1.0073331594467163,688.7657090555876
2,0,510,246,245,0.0,paraphrase,place the cream cheese box and the butter together inside the basket,2026080809,7120000,sha256:41f7325164d8c6d3,mps:0,0.26249998807907104,-0.46875,-0.0,0.0,0.0,-0.0,-1.0,0.14286525547504425,0.05299767479300499,-0.10234503448009491,-0.000602887652348727,-0.024066098034381866,0.00429940689355135,-1.0171914100646973,498.3952499460429
2,0,510,246,245,0.0,contradictory,put the cream cheese box in the basket but leave the butter outside the basket,2026080809,7120000,sha256:41f7325164d8c6d3,mps:0,0.26249998807907104,-0.46875,-0.0,0.0,0.0,-0.0,-1.0,0.026626449078321457,0.22100768983364105,-0.05220915004611015,-0.0004954347969032824,-0.022676993161439896,-0.0014362826477736235,-1.0121558904647827,554.2103750631213
2,0,510,246,245,0.0,unrelated,open the top drawer of the cabinet,2026080809,7120000,sha256:41f7325164d8c6d3,mps:0,0.26249998807907104,-0.46875,-0.0,0.0,0.0,-0.0,-1.0,-0.018513545393943787,-0.10415676236152649,-0.08783047646284103,-0.0023987279273569584,-0.01648835837841034,0.0219584908336401,-1.0094103813171387,579.7889998648316
2,22,532,246,245,0.08979591836734693,correct,put both the cream cheese box and the butter in the basket,2026080809,7120022,sha256:9b19536562290df4,mps:0,0.6723214387893677,-0.13928571343421936,-0.44732141494750977,0.0,-0.014999999664723873,-0.13500000536441803,-1.0,0.5445241332054138,-0.36104193329811096,-0.2391931414604187,-0.0010697266552597284,-0.0401330329477787,-0.03456384688615799,-1.0015895366668701,534.8045001737773
2,22,532,246,245,0.08979591836734693,paraphrase,place the cream cheese box and the butter together inside the basket,2026080809,7120022,sha256:9b19536562290df4,mps:0,0.6723214387893677,-0.13928571343421936,-0.44732141494750977,0.0,-0.014999999664723873,-0.13500000536441803,-1.0,0.3765115439891815,-0.21994435787200928,-0.4595605134963989,0.00034423472243361175,-0.06716756522655487,-0.03242821991443634,-1.009639024734497,509.98262502253056
2,22,532,246,245,0.08979591836734693,contradictory,put the cream cheese box in the basket but leave the butter outside the basket,2026080809,7120022,sha256:9b19536562290df4,mps:0,0.6723214387893677,-0.13928571343421936,-0.44732141494750977,0.0,-0.014999999664723873,-0.13500000536441803,-1.0,0.19602590799331665,-0.10155799984931946,-0.46987658739089966,0.0012022950686514378,-0.07432536035776138,-0.031067296862602234,-1.010170817375183,514.3603750038892
2,22,532,246,245,0.08979591836734693,unrelated,open the top drawer of the cabinet,2026080809,7120022,sha256:9b19536562290df4,mps:0,0.6723214387893677,-0.13928571343421936,-0.44732141494750977,0.0,-0.014999999664723873,-0.13500000536441803,-1.0,-0.007119596004486084,-0.43463224172592163,-0.32044240832328796,-0.002199700102210045,-0.05559336394071579,0.06761728227138519,-1.006591796875,539.2763339914382
2,31,541,246,245,0.12653061224489795,correct,put both the cream cheese box and the butter in the basket,2026080809,7120031,sha256:d86c98c395a789de,mps:0,0.0,0.0,-0.7258928418159485,0.0,-0.062142856419086456,-0.1007142886519432,-1.0,0.22379657626152039,-0.07722565531730652,-0.5294421911239624,0.0010521644726395607,-0.07788125425577164,-0.015953730791807175,-1.011676549911499,524.7282921336591
2,31,541,246,245,0.12653061224489795,paraphrase,place the cream cheese box and the butter together inside the basket,2026080809,7120031,sha256:d86c98c395a789de,mps:0,0.0,0.0,-0.7258928418159485,0.0,-0.062142856419086456,-0.1007142886519432,-1.0,0.005248654633760452,-0.017236784100532532,-0.6145794987678528,0.0027299649082124233,-0.07142496109008789,-0.004248273093253374,-1.0054298639297485,513.1726250983775
2,31,541,246,245,0.12653061224489795,contradictory,put the cream cheese box in the basket but leave the butter outside the basket,2026080809,7120031,sha256:d86c98c395a789de,mps:0,0.0,0.0,-0.7258928418159485,0.0,-0.062142856419086456,-0.1007142886519432,-1.0,-0.11322955042123795,-0.021170303225517273,-0.5174600481987,0.0026322980411350727,-0.0656210258603096,-0.013190530240535736,-1.0066360235214233,526.1468330863863
2,31,541,246,245,0.12653061224489795,unrelated,open the top drawer of the cabinet,2026080809,7120031,sha256:d86c98c395a789de,mps:0,0.0,0.0,-0.7258928418159485,0.0,-0.062142856419086456,-0.1007142886519432,-1.0,-0.22556373476982117,-0.06387010216712952,-0.5449846386909485,-0.001858290983363986,-0.06863810122013092,0.1491333395242691,-0.9958621263504028,523.0999158229679
2,39,549,246,245,0.15918367346938775,correct,put both the cream cheese box and the butter in the basket,2026080809,7120039,sha256:b519c81e16495423,mps:0,-0.28660714626312256,0.0,-0.7767857313156128,0.035357143729925156,-0.024642856791615486,-0.0,-1.0,-0.10273981839418411,-0.14205758273601532,-0.6946516633033752,0.027180945500731468,-0.0012428420595824718,0.001780334860086441,-1.0096184015274048,535.2994580753148
2,39,549,246,245,0.15918367346938775,paraphrase,place the cream cheese box and the butter together inside the basket,2026080809,7120039,sha256:b519c81e16495423,mps:0,-0.28660714626312256,0.0,-0.7767857313156128,0.035357143729925156,-0.024642856791615486,-0.0,-1.0,-0.22913500666618347,-0.13111333549022675,-0.7280332446098328,0.02924227900803089,-0.003941780887544155,0.008041522465646267,-1.0066167116165161,504.8969171475619
2,39,549,246,245,0.15918367346938775,contradictory,put the cream cheese box in the basket but leave the butter outside the basket,2026080809,7120039,sha256:b519c81e16495423,mps:0,-0.28660714626312256,0.0,-0.7767857313156128,0.035357143729925156,-0.024642856791615486,-0.0,-1.0,-0.243628591299057,-0.13458716869354248,-0.597458004951477,0.020106418058276176,0.004630495794117451,-0.009833508171141148,-1.003800630569458,520.629582926631
2,39,549,246,245,0.15918367346938775,unrelated,open the top drawer of the cabinet,2026080809,7120039,sha256:b519c81e16495423,mps:0,-0.28660714626312256,0.0,-0.7767857313156128,0.035357143729925156,-0.024642856791615486,-0.0,-1.0,-0.24990597367286682,-0.0783306211233139,-0.6155579090118408,0.002243022434413433,0.009457937441766262,0.09741947799921036,-1.0023515224456787,572.8372500743717
2,60,570,246,245,0.24489795918367346,correct,put both the cream cheese box and the butter in the basket,2026080809,7120060,sha256:8d523294b18e3765,mps:0,0.5249999761581421,0.04285714402794838,0.9375,0.0,0.0,-0.0,1.0,0.30811309814453125,0.029671579599380493,0.9169661998748779,-0.009966219775378704,0.0453205481171608,-0.022200701758265495,0.9995138049125671,556.1267919838428
2,60,570,246,245,0.24489795918367346,paraphrase,place the cream cheese box and the butter together inside the basket,2026080809,7120060,sha256:8d523294b18e3765,mps:0,0.5249999761581421,0.04285714402794838,0.9375,0.0,0.0,-0.0,1.0,0.21662485599517822,0.07253313064575195,0.8887880444526672,-0.006574847269803286,0.042250219732522964,-0.01778063178062439,1.002354383468628,523.3089169487357
2,60,570,246,245,0.24489795918367346,contradictory,put the cream cheese box in the basket but leave the butter outside the basket,2026080809,7120060,sha256:8d523294b18e3765,mps:0,0.5249999761581421,0.04285714402794838,0.9375,0.0,0.0,-0.0,1.0,0.24445992708206177,-0.004051730036735535,0.7224147915840149,-0.017192767933011055,0.0619010403752327,-0.027242574840784073,1.00246262550354,563.2595419883728
2,60,570,246,245,0.24489795918367346,unrelated,open the top drawer of the cabinet,2026080809,7120060,sha256:8d523294b18e3765,mps:0,0.5249999761581421,0.04285714402794838,0.9375,0.0,0.0,-0.0,1.0,0.11300060153007507,-0.0695553719997406,0.2850033938884735,-0.002878285013139248,0.060820747166872025,-0.014053133316338062,-1.0078216791152954,540.7743339892477
2,63,573,246,245,0.2571428571428571,correct,put both the cream cheese box and the butter in the basket,2026080809,7120063,sha256:16d7218b6bd3fb96,mps:0,0.09910714626312256,0.12589286267757416,0.9375,0.0,0.0,-0.0,1.0,0.41970375180244446,0.40379804372787476,0.903773844242096,-0.0061438241973519325,0.11692062765359879,0.03341751545667648,0.998616635799408,556.1463749036193
2,63,573,246,245,0.2571428571428571,paraphrase,place the cream cheese box and the butter together inside the basket,2026080809,7120063,sha256:16d7218b6bd3fb96,mps:0,0.09910714626312256,0.12589286267757416,0.9375,0.0,0.0,-0.0,1.0,0.32675012946128845,0.5116943120956421,0.8903665542602539,-0.004054292570799589,0.12053803354501724,0.036959633231163025,1.004795789718628,552.3752910085022
2,63,573,246,245,0.2571428571428571,contradictory,put the cream cheese box in the basket but leave the butter outside the basket,2026080809,7120063,sha256:16d7218b6bd3fb96,mps:0,0.09910714626312256,0.12589286267757416,0.9375,0.0,0.0,-0.0,1.0,0.4427225589752197,0.3155896067619324,0.8710319995880127,-0.004234916530549526,0.12954507768154144,0.008631287142634392,1.0034708976745605,559.7498749848455
2,63,573,246,245,0.2571428571428571,unrelated,open the top drawer of the cabinet,2026080809,7120063,sha256:16d7218b6bd3fb96,mps:0,0.09910714626312256,0.12589286267757416,0.9375,0.0,0.0,-0.0,1.0,0.31942999362945557,0.05305879935622215,0.31627780199050903,-0.004021217580884695,0.1569415181875229,0.028684185817837715,-0.9942511916160583,543.5787499882281
2,75,585,246,245,0.30612244897959184,correct,put both the cream cheese box and the butter in the basket,2026080809,7120075,sha256:b5bcf08a551918ce,mps:0,0.0,0.824999988079071,0.36696428060531616,-0.04500000178813934,0.07607142627239227,0.024642856791615486,1.0,-0.14875319600105286,0.8007106781005859,0.2569062411785126,0.03055543452501297,0.00608440674841404,0.014243736863136292,0.9910809397697449,579.4723751023412
2,75,585,246,245,0.30612244897959184,paraphrase,place the cream cheese box and the butter together inside the basket,2026080809,7120075,sha256:b5bcf08a551918ce,mps:0,0.0,0.824999988079071,0.36696428060531616,-0.04500000178813934,0.07607142627239227,0.024642856791615486,1.0,-0.15753960609436035,0.8253354430198669,0.21501237154006958,0.027341270819306374,0.0019742869772017,0.013711376115679741,0.9953911900520325,529.1642919182777
2,75,585,246,245,0.30612244897959184,contradictory,put the cream cheese box in the basket but leave the butter outside the basket,2026080809,7120075,sha256:b5bcf08a551918ce,mps:0,0.0,0.824999988079071,0.36696428060531616,-0.04500000178813934,0.07607142627239227,0.024642856791615486,1.0,-0.09457651525735855,0.7484202980995178,0.3544400632381439,0.03059597685933113,0.0059079136699438095,-0.0022531591821461916,0.9904455542564392,556.2615839298815
2,75,585,246,245,0.30612244897959184,unrelated,open the top drawer of the cabinet,2026080809,7120075,sha256:b5bcf08a551918ce,mps:0,0.0,0.824999988079071,0.36696428060531616,-0.04500000178813934,0.07607142627239227,0.024642856791615486,1.0,-0.020606234669685364,-0.315358966588974,0.12783971428871155,0.08158903568983078,0.027003690600395203,0.04314666986465454,0.9815208315849304,526.7572081647813
2,86,596,246,245,0.3510204081632653,correct,put both the cream cheese box and the butter in the basket,2026080809,7120086,sha256:2044d658ac355c05,mps:0,-0.01607142947614193,0.8035714030265808,-0.0,-0.008571428246796131,0.0,0.035357143729925156,1.0,-0.17071831226348877,0.7809797525405884,0.10033319145441055,0.015254897996783257,-0.00010718777775764465,-0.000870958436280489,0.9927011132240295,571.4895420242101
2,86,596,246,245,0.3510204081632653,paraphrase,place the cream cheese box and the butter together inside the basket,2026080809,7120086,sha256:2044d658ac355c05,mps:0,-0.01607142947614193,0.8035714030265808,-0.0,-0.008571428246796131,0.0,0.035357143729925156,1.0,-0.17371687293052673,0.8066734671592712,0.05854148417711258,0.00994634535163641,-0.001209198497235775,0.000167112797498703,0.9971734881401062,530.823958106339
2,86,596,246,245,0.3510204081632653,contradictory,put the cream cheese box in the basket but leave the butter outside the basket,2026080809,7120086,sha256:2044d658ac355c05,mps:0,-0.01607142947614193,0.8035714030265808,-0.0,-0.008571428246796131,0.0,0.035357143729925156,1.0,-0.09679516404867172,0.7543001770973206,0.12266290932893753,0.01628122292459011,-0.0028097955510020256,-0.011430958285927773,0.9817729592323303,529.094124911353
2,86,596,246,245,0.3510204081632653,unrelated,open the top drawer of the cabinet,2026080809,7120086,sha256:2044d658ac355c05,mps:0,-0.01607142947614193,0.8035714030265808,-0.0,-0.008571428246796131,0.0,0.035357143729925156,1.0,-0.028905749320983887,0.1804468035697937,-0.20707035064697266,0.09452836960554123,0.028749827295541763,0.0026885271072387695,0.994184672832489,539.2733330372721
2,103,613,246,245,0.4204081632653061,correct,put both the cream cheese box and the butter in the basket,2026080809,7120103,sha256:725d76a12d21e001,mps:0,-0.2142857164144516,0.5142857432365417,-0.3723214268684387,0.02250000089406967,0.0,0.0503571443259716,1.0,-0.5288572907447815,0.4274401068687439,-0.3158278465270996,-0.05226144567131996,-0.03657549247145653,0.06365813314914703,0.9954282641410828,586.2624999135733
2,103,613,246,245,0.4204081632653061,paraphrase,place the cream cheese box and the butter together inside the basket,2026080809,7120103,sha256:725d76a12d21e001,mps:0,-0.2142857164144516,0.5142857432365417,-0.3723214268684387,0.02250000089406967,0.0,0.0503571443259716,1.0,-0.4926455020904541,0.5272418260574341,-0.3537536859512329,-0.03664553537964821,-0.03567301854491234,0.03972144424915314,1.0002827644348145,520.9903749637306
2,103,613,246,245,0.4204081632653061,contradictory,put the cream cheese box in the basket but leave the butter outside the basket,2026080809,7120103,sha256:725d76a12d21e001,mps:0,-0.2142857164144516,0.5142857432365417,-0.3723214268684387,0.02250000089406967,0.0,0.0503571443259716,1.0,-0.37506523728370667,0.2392856925725937,-0.38902872800827026,-0.026185616850852966,-0.04907490313053131,0.026710426434874535,0.988145649433136,532.8625419642776
2,103,613,246,245,0.4204081632653061,unrelated,open the top drawer of the cabinet,2026080809,7120103,sha256:725d76a12d21e001,mps:0,-0.2142857164144516,0.5142857432365417,-0.3723214268684387,0.02250000089406967,0.0,0.0503571443259716,1.0,-0.13371893763542175,-0.275585412979126,0.16011151671409607,-0.04793025553226471,-0.0243772454559803,0.03632728010416031,0.9906697869300842,530.38095892407
2,112,622,246,245,0.45714285714285713,correct,put both the cream cheese box and the butter in the basket,2026080809,7120112,sha256:a9554b97ec8e8120,mps:0,-0.48750001192092896,-0.13928571343421936,-0.6133928298950195,0.1542857140302658,-0.07392857223749161,-0.0,1.0,-0.028999194502830505,-0.020207911729812622,-0.06711330264806747,0.000969726825132966,-0.03050905466079712,-0.030627364292740822,-0.9964918494224548,537.1387500781566
2,112,622,246,245,0.45714285714285713,paraphrase,place the cream cheese box and the butter together inside the basket,2026080809,7120112,sha256:a9554b97ec8e8120,mps:0,-0.48750001192092896,-0.13928571343421936,-0.6133928298950195,0.1542857140302658,-0.07392857223749161,-0.0,1.0,-0.06482497602701187,-0.036343738436698914,-0.21576657891273499,0.012015736661851406,-0.04255836457014084,-0.03080260008573532,-1.0128637552261353,529.3378750793636
2,112,622,246,245,0.45714285714285713,contradictory,put the cream cheese box in the basket but leave the butter outside the basket,2026080809,7120112,sha256:a9554b97ec8e8120,mps:0,-0.48750001192092896,-0.13928571343421936,-0.6133928298950195,0.1542857140302658,-0.07392857223749161,-0.0,1.0,-0.024814389646053314,-0.011360175907611847,0.0009121373295783997,0.0002075699158012867,-0.031375616788864136,-0.04461722820997238,-0.9934084415435791,535.1232918910682
2,112,622,246,245,0.45714285714285713,unrelated,open the top drawer of the cabinet,2026080809,7120112,sha256:a9554b97ec8e8120,mps:0,-0.48750001192092896,-0.13928571343421936,-0.6133928298950195,0.1542857140302658,-0.07392857223749161,-0.0,1.0,0.0256819911301136,-0.20097166299819946,0.07500550895929337,0.0059273336082696915,-0.028154809027910233,-0.04341800510883331,-1.0027761459350586,531.774208182469
2,127,637,246,245,0.5183673469387755,correct,put both the cream cheese box and the butter in the basket,2026080809,7120127,sha256:14f5f2550b1ed20b,mps:0,-0.02410714328289032,0.0,0.14464285969734192,-0.0053571430034935474,0.034285712987184525,-0.006428571417927742,-1.0,0.058710888028144836,0.08496788889169693,0.14392775297164917,-0.024954363703727722,0.008968213573098183,-0.03619489073753357,-1.0023977756500244,580.1353750284761
2,127,637,246,245,0.5183673469387755,paraphrase,place the cream cheese box and the butter together inside the basket,2026080809,7120127,sha256:14f5f2550b1ed20b,mps:0,-0.02410714328289032,0.0,0.14464285969734192,-0.0053571430034935474,0.034285712987184525,-0.006428571417927742,-1.0,0.017198652029037476,0.06879881024360657,0.07442174106836319,-0.006022159475833178,-0.0026168208569288254,-0.03812739998102188,-1.0038386583328247,515.1912090368569
2,127,637,246,245,0.5183673469387755,contradictory,put the cream cheese box in the basket but leave the butter outside the basket,2026080809,7120127,sha256:14f5f2550b1ed20b,mps:0,-0.02410714328289032,0.0,0.14464285969734192,-0.0053571430034935474,0.034285712987184525,-0.006428571417927742,-1.0,0.08358810842037201,0.10701219737529755,0.22650033235549927,-0.027978047728538513,0.00787175539880991,-0.04691420495510101,-0.9976951479911804,527.0169998984784
2,127,637,246,245,0.5183673469387755,unrelated,open the top drawer of the cabinet,2026080809,7120127,sha256:14f5f2550b1ed20b,mps:0,-0.02410714328289032,0.0,0.14464285969734192,-0.0053571430034935474,0.034285712987184525,-0.006428571417927742,-1.0,0.09281738102436066,0.025777708739042282,0.2176041305065155,-0.0121430279687047,0.025119569152593613,-0.04147876054048538,-1.0034795999526978,548.9192081149668
2,146,656,246,245,0.5959183673469388,correct,put both the cream cheese box and the butter in the basket,2026080809,7120146,sha256:8e2624749b759c83,mps:0,0.7875000238418579,-0.4044642746448517,-0.14196428656578064,-0.009642857126891613,0.0,-0.05999999865889549,-1.0,0.3847443759441376,-0.6096065044403076,-0.3431040048599243,-0.0030686662066727877,-0.071512870490551,-0.09383795410394669,-1.0115032196044922,552.4575421586633
2,146,656,246,245,0.5959183673469388,paraphrase,place the cream cheese box and the butter together inside the basket,2026080809,7120146,sha256:8e2624749b759c83,mps:0,0.7875000238418579,-0.4044642746448517,-0.14196428656578064,-0.009642857126891613,0.0,-0.05999999865889549,-1.0,0.1596599817276001,-0.4736875891685486,-0.5802887678146362,-0.0020010010339319706,-0.10819760710000992,-0.10690247267484665,-1.004979133605957,557.791082886979
2,146,656,246,245,0.5959183673469388,contradictory,put the cream cheese box in the basket but leave the butter outside the basket,2026080809,7120146,sha256:8e2624749b759c83,mps:0,0.7875000238418579,-0.4044642746448517,-0.14196428656578064,-0.009642857126891613,0.0,-0.05999999865889549,-1.0,0.028281785547733307,-0.41699373722076416,-0.5903422832489014,-0.0020538289099931717,-0.09655780345201492,-0.11340215802192688,-1.0074946880340576,544.8017499875277
2,146,656,246,245,0.5959183673469388,unrelated,open the top drawer of the cabinet,2026080809,7120146,sha256:8e2624749b759c83,mps:0,0.7875000238418579,-0.4044642746448517,-0.14196428656578064,-0.009642857126891613,0.0,-0.05999999865889549,-1.0,-0.05995107442140579,-0.4803522229194641,-0.09265070408582687,-0.016795210540294647,-0.04876825213432312,-0.0978090763092041,-1.0060724020004272,542.0412081293762
2,149,659,246,245,0.6081632653061224,correct,put both the cream cheese box and the butter in the basket,2026080809,7120149,sha256:ee6ce3eebfb5e9bc,mps:0,0.6616071462631226,-0.19017857313156128,-0.4419642984867096,-0.04285714402794838,-0.055714286863803864,-0.06857142597436905,-1.0,0.1498439610004425,-0.07662996649742126,-0.5983489751815796,-0.05055311694741249,-0.03631988540291786,-0.052680306136608124,-1.0024422407150269,573.2076251879334
2,149,659,246,245,0.6081632653061224,paraphrase,place the cream cheese box and the butter together inside the basket,2026080809,7120149,sha256:ee6ce3eebfb5e9bc,mps:0,0.6616071462631226,-0.19017857313156128,-0.4419642984867096,-0.04285714402794838,-0.055714286863803864,-0.06857142597436905,-1.0,-0.07876693457365036,0.015842169523239136,-0.7556734681129456,-0.03660065680742264,-0.04159509390592575,-0.0518370047211647,-0.9983649849891663,546.0196249186993
2,149,659,246,245,0.6081632653061224,contradictory,put the cream cheese box in the basket but leave the butter outside the basket,2026080809,7120149,sha256:ee6ce3eebfb5e9bc,mps:0,0.6616071462631226,-0.19017857313156128,-0.4419642984867096,-0.04285714402794838,-0.055714286863803864,-0.06857142597436905,-1.0,-0.23516249656677246,0.05104868859052658,-0.7469832897186279,-0.010210254229605198,-0.026971008628606796,-0.03816361725330353,-1.0075793266296387,600.9906670078635
2,149,659,246,245,0.6081632653061224,unrelated,open the top drawer of the cabinet,2026080809,7120149,sha256:ee6ce3eebfb5e9bc,mps:0,0.6616071462631226,-0.19017857313156128,-0.4419642984867096,-0.04285714402794838,-0.055714286863803864,-0.06857142597436905,-1.0,-0.19782698154449463,0.5549723505973816,-0.3845372796058655,-0.04152236506342888,0.005604679696261883,-0.01541705708950758,-1.005407691001892,561.3299580290914
2,167,677,246,245,0.6816326530612244,correct,put both the cream cheese box and the butter in the basket,2026080809,7120167,sha256:85ddd5fa1c902331,mps:0,-0.4526785612106323,0.1875,-0.7017857432365417,-0.09857142716646194,-0.05464285612106323,0.0535714291036129,-1.0,-0.03641798347234726,-0.02651839703321457,-0.3916754722595215,0.031240036711096764,0.11111830919981003,-0.04229022562503815,-0.9838826060295105,544.4391248747706
2,167,677,246,245,0.6816326530612244,paraphrase,place the cream cheese box and the butter together inside the basket,2026080809,7120167,sha256:85ddd5fa1c902331,mps:0,-0.4526785612106323,0.1875,-0.7017857432365417,-0.09857142716646194,-0.05464285612106323,0.0535714291036129,-1.0,-0.09247715026140213,-0.07287892699241638,-0.3959757685661316,0.03846762701869011,0.1008770540356636,-0.0493459552526474,-0.9897525310516357,546.90883285366
2,167,677,246,245,0.6816326530612244,contradictory,put the cream cheese box in the basket but leave the butter outside the basket,2026080809,7120167,sha256:85ddd5fa1c902331,mps:0,-0.4526785612106323,0.1875,-0.7017857432365417,-0.09857142716646194,-0.05464285612106323,0.0535714291036129,-1.0,-0.04417107254266739,-0.06498362123966217,-0.26618605852127075,0.023971866816282272,0.11720681190490723,-0.04206056147813797,-0.9792444705963135,551.0097502265126
2,167,677,246,245,0.6816326530612244,unrelated,open the top drawer of the cabinet,2026080809,7120167,sha256:85ddd5fa1c902331,mps:0,-0.4526785612106323,0.1875,-0.7017857432365417,-0.09857142716646194,-0.05464285612106323,0.0535714291036129,-1.0,0.043152421712875366,0.13334348797798157,-0.25180765986442566,0.03193935006856918,0.12096706032752991,-0.03318655863404274,-1.007912039756775,548.2972920872271
2,180,690,246,245,0.7346938775510204,correct,put both the cream cheese box and the butter in the basket,2026080809,7120180,sha256:a296e5c5e3d3676e,mps:0,0.07767856866121292,-0.05089285597205162,0.28928571939468384,0.0,0.18000000715255737,0.04928571358323097,1.0,-0.047591470181941986,0.007552288472652435,-0.25898268818855286,-0.04785460978746414,-0.022105656564235687,0.021022794768214226,1.0087043046951294,563.7820409610868
2,180,690,246,245,0.7346938775510204,paraphrase,place the cream cheese box and the butter together inside the basket,2026080809,7120180,sha256:a296e5c5e3d3676e,mps:0,0.07767856866121292,-0.05089285597205162,0.28928571939468384,0.0,0.18000000715255737,0.04928571358323097,1.0,-0.14821657538414001,-0.03016754239797592,-0.3296905755996704,-0.03642001748085022,-0.03180200234055519,0.020575743168592453,1.0207905769348145,523.5304171219468
2,180,690,246,245,0.7346938775510204,contradictory,put the cream cheese box in the basket but leave the butter outside the basket,2026080809,7120180,sha256:a296e5c5e3d3676e,mps:0,0.07767856866121292,-0.05089285597205162,0.28928571939468384,0.0,0.18000000715255737,0.04928571358323097,1.0,-0.07736905664205551,-0.01802951842546463,-0.2107090801000595,-0.03935360908508301,-0.01866881549358368,0.013011805713176727,1.0110825300216675,539.2034591641277
2,180,690,246,245,0.7346938775510204,unrelated,open the top drawer of the cabinet,2026080809,7120180,sha256:a296e5c5e3d3676e,mps:0,0.07767856866121292,-0.05089285597205162,0.28928571939468384,0.0,0.18000000715255737,0.04928571358323097,1.0,-0.2613414227962494,0.07032443583011627,-0.44646313786506653,-0.011353844776749611,-0.0296841561794281,0.03222227841615677,-1.0067667961120605,547.9863749351352
2,194,704,246,245,0.7918367346938775,correct,put both the cream cheese box and the butter in the basket,2026080809,7120194,sha256:44fa8cb1291e7ece,mps:0,0.0,0.40714284777641296,0.9375,-0.007499999832361937,0.014999999664723873,-0.03642857074737549,1.0,0.33054038882255554,0.17252758145332336,0.9662399291992188,-0.014145116321742535,0.019200392067432404,-0.015896517783403397,1.0095393657684326,549.4158340152353
2,194,704,246,245,0.7918367346938775,paraphrase,place the cream cheese box and the butter together inside the basket,2026080809,7120194,sha256:44fa8cb1291e7ece,mps:0,0.0,0.40714284777641296,0.9375,-0.007499999832361937,0.014999999664723873,-0.03642857074737549,1.0,0.1976318657398224,0.2983642816543579,0.9659550189971924,-0.010722324252128601,0.01298687607049942,-0.015654396265745163,1.018441915512085,526.0372499469668
2,194,704,246,245,0.7918367346938775,contradictory,put the cream cheese box in the basket but leave the butter outside the basket,2026080809,7120194,sha256:44fa8cb1291e7ece,mps:0,0.0,0.40714284777641296,0.9375,-0.007499999832361937,0.014999999664723873,-0.03642857074737549,1.0,0.3750777244567871,0.1479814648628235,0.9230539798736572,-0.01867005042731762,0.022159907966852188,-0.024646364152431488,1.0063987970352173,551.7991250380874
2,194,704,246,245,0.7918367346938775,unrelated,open the top drawer of the cabinet,2026080809,7120194,sha256:44fa8cb1291e7ece,mps:0,0.0,0.40714284777641296,0.9375,-0.007499999832361937,0.014999999664723873,-0.03642857074737549,1.0,0.18891671299934387,0.04087161645293236,0.3532540798187256,-0.016188841313123703,0.036044128239154816,-0.011130476370453835,-0.9914396405220032,539.1692500561476
2,205,715,246,245,0.8367346938775511,correct,put both the cream cheese box and the butter in the basket,2026080809,7120205,sha256:285882c46155890d,mps:0,-0.34285715222358704,0.6348214149475098,-0.0053571430034935474,0.018214285373687744,0.0,-0.024642856791615486,1.0,-0.3281670808792114,0.7696430683135986,-0.0023057907819747925,-0.0009425528696738183,-0.023498527705669403,-0.0017236638814210892,1.0313830375671387,542.5137078855187
2,205,715,246,245,0.8367346938775511,paraphrase,place the cream cheese box and the butter together inside the basket,2026080809,7120205,sha256:285882c46155890d,mps:0,-0.34285715222358704,0.6348214149475098,-0.0053571430034935474,0.018214285373687744,0.0,-0.024642856791615486,1.0,-0.34374359250068665,0.8027912378311157,-0.1147804856300354,-0.0014339296612888575,-0.03469560667872429,-0.004336361773312092,1.0347731113433838,516.3935418240726
2,205,715,246,245,0.8367346938775511,contradictory,put the cream cheese box in the basket but leave the butter outside the basket,2026080809,7120205,sha256:285882c46155890d,mps:0,-0.34285715222358704,0.6348214149475098,-0.0053571430034935474,0.018214285373687744,0.0,-0.024642856791615486,1.0,-0.2822047770023346,0.21438714861869812,-0.5922622680664062,0.004096036311239004,-0.022743571549654007,-0.0008662892505526543,-0.990744948387146,529.7961658798158
2,205,715,246,245,0.8367346938775511,unrelated,open the top drawer of the cabinet,2026080809,7120205,sha256:285882c46155890d,mps:0,-0.34285715222358704,0.6348214149475098,-0.0053571430034935474,0.018214285373687744,0.0,-0.024642856791615486,1.0,-0.14174532890319824,0.15563364326953888,-0.35745149850845337,-0.0008769201231189072,0.001865973463281989,-0.006018415093421936,-0.9840878844261169,525.4522499162704
2,217,727,246,245,0.8857142857142857,correct,put both the cream cheese box and the butter in the basket,2026080809,7120217,sha256:0d96645364721fc6,mps:0,-0.3883928656578064,0.22232143580913544,-0.27321428060531616,0.05464285612106323,0.04178571328520775,-0.0,1.0,-0.15229550004005432,-0.11402319371700287,-0.4515548646450043,0.029743554070591927,0.04091716185212135,0.0037786103785037994,-1.0033918619155884,538.9135840814561
2,217,727,246,245,0.8857142857142857,paraphrase,place the cream cheese box and the butter together inside the basket,2026080809,7120217,sha256:0d96645364721fc6,mps:0,-0.3883928656578064,0.22232143580913544,-0.27321428060531616,0.05464285612106323,0.04178571328520775,-0.0,1.0,-0.15107157826423645,-0.08013546466827393,-0.6404130458831787,0.05732446908950806,0.027577783912420273,0.006908186711370945,0.9956530928611755,502.7919579297304
2,217,727,246,245,0.8857142857142857,contradictory,put the cream cheese box in the basket but leave the butter outside the basket,2026080809,7120217,sha256:0d96645364721fc6,mps:0,-0.3883928656578064,0.22232143580913544,-0.27321428060531616,0.05464285612106323,0.04178571328520775,-0.0,1.0,-0.15048962831497192,-0.15380661189556122,-0.3262418806552887,0.027822747826576233,0.0319436676800251,-0.021806009113788605,-0.992832362651825,545.77845800668
2,217,727,246,245,0.8857142857142857,unrelated,open the top drawer of the cabinet,2026080809,7120217,sha256:0d96645364721fc6,mps:0,-0.3883928656578064,0.22232143580913544,-0.27321428060531616,0.05464285612106323,0.04178571328520775,-0.0,1.0,-0.1783815622329712,-0.3374391794204712,-0.298526793718338,0.03344007581472397,0.06100691109895706,-0.010920699685811996,-0.9889405965805054,524.0959590300918
2,225,735,246,245,0.9183673469387755,correct,put both the cream cheese box and the butter in the basket,2026080809,7120225,sha256:24df01371cb47e79,mps:0,-0.0669642835855484,0.04821428656578064,-0.0401785708963871,0.013928571715950966,0.05785714462399483,-0.0,1.0,0.06746171414852142,0.08273768424987793,0.1869225800037384,0.006158876232802868,0.012474865652620792,-0.035397712141275406,-0.9962133169174194,539.3465829547495
2,225,735,246,245,0.9183673469387755,paraphrase,place the cream cheese box and the butter together inside the basket,2026080809,7120225,sha256:24df01371cb47e79,mps:0,-0.0669642835855484,0.04821428656578064,-0.0401785708963871,0.013928571715950966,0.05785714462399483,-0.0,1.0,0.03814386576414108,0.06220684200525284,0.08738338202238083,0.019454767927527428,0.00462794816121459,-0.03459940850734711,-1.0012675523757935,542.4693338572979
2,225,735,246,245,0.9183673469387755,contradictory,put the cream cheese box in the basket but leave the butter outside the basket,2026080809,7120225,sha256:24df01371cb47e79,mps:0,-0.0669642835855484,0.04821428656578064,-0.0401785708963871,0.013928571715950966,0.05785714462399483,-0.0,1.0,0.06709292531013489,0.082253098487854,0.28902700543403625,0.0025866732466965914,0.010778261348605156,-0.04605387896299362,-0.9865046143531799,540.4136669822037
2,225,735,246,245,0.9183673469387755,unrelated,open the top drawer of the cabinet,2026080809,7120225,sha256:24df01371cb47e79,mps:0,-0.0669642835855484,0.04821428656578064,-0.0401785708963871,0.013928571715950966,0.05785714462399483,-0.0,1.0,0.10706630349159241,0.00698283314704895,0.39178866147994995,0.01081563625484705,0.028899163007736206,-0.040561698377132416,-0.9850033521652222,529.816250083968
2,245,755,246,245,1.0,correct,put both the cream cheese box and the butter in the basket,2026080809,7120245,sha256:67abb70802a45bb0,mps:0,0.0,0.0,-0.0,0.0,0.0,-0.0,-1.0,-0.004392795264720917,0.03884257376194,0.14052823185920715,0.00929698720574379,-0.002842285670340061,-0.01289178617298603,-1.005147933959961,567.0574591495097
2,245,755,246,245,1.0,paraphrase,place the cream cheese box and the butter together inside the basket,2026080809,7120245,sha256:67abb70802a45bb0,mps:0,0.0,0.0,-0.0,0.0,0.0,-0.0,-1.0,-0.027433104813098907,0.052389152348041534,0.10290459543466568,0.010368814691901207,-0.010461674071848392,-0.012446295469999313,-1.0054690837860107,522.0515409018844
2,245,755,246,245,1.0,contradictory,put the cream cheese box in the basket but leave the butter outside the basket,2026080809,7120245,sha256:67abb70802a45bb0,mps:0,0.0,0.0,-0.0,0.0,0.0,-0.0,-1.0,-0.02219478040933609,0.06772912293672562,0.259565144777298,0.004586299881339073,0.0046782465651631355,-0.021309854462742805,-1.0029363632202148,540.3122918214649
2,245,755,246,245,1.0,unrelated,open the top drawer of the cabinet,2026080809,7120245,sha256:67abb70802a45bb0,mps:0,0.0,0.0,-0.0,0.0,0.0,-0.0,-1.0,-0.030904293060302734,0.07452452927827835,0.24356314539909363,-0.0003458140417933464,-0.0046090614050626755,-0.0032858881168067455,-1.0165561437606812,529.7155419830233
3,0,756,288,287,0.0,correct,put both the cream cheese box and the butter in the basket,2026080810,7130000,sha256:756b9c187ec8e24f,mps:0,0.28928571939468384,-0.010714286006987095,-0.0,-0.029999999329447746,0.002142857061699033,-0.056785713881254196,-1.0,0.063994400203228,0.7077081203460693,-0.23473671078681946,-0.001358740497380495,-0.006747507490217686,0.005232230760157108,-0.9662076234817505,550.5522501189262
3,0,756,288,287,0.0,paraphrase,place the cream cheese box and the butter together inside the basket,2026080810,7130000,sha256:756b9c187ec8e24f,mps:0,0.28928571939468384,-0.010714286006987095,-0.0,-0.029999999329447746,0.002142857061699033,-0.056785713881254196,-1.0,0.17426079511642456,0.7268285751342773,-0.2635582685470581,-0.0011977346148341894,-0.007321367040276527,0.0019497079774737358,-1.0310345888137817,545.2424578834325
3,0,756,288,287,0.0,contradictory,put the cream cheese box in the basket but leave the butter outside the basket,2026080810,7130000,sha256:756b9c187ec8e24f,mps:0,0.28928571939468384,-0.010714286006987095,-0.0,-0.029999999329447746,0.002142857061699033,-0.056785713881254196,-1.0,0.024707183241844177,0.850671112537384,-0.04261781647801399,-0.0010813095141202211,-0.010663011111319065,-0.00294901872985065,1.0100879669189453,531.0164999682456
3,0,756,288,287,0.0,unrelated,open the top drawer of the cabinet,2026080810,7130000,sha256:756b9c187ec8e24f,mps:0,0.28928571939468384,-0.010714286006987095,-0.0,-0.029999999329447746,0.002142857061699033,-0.056785713881254196,-1.0,0.00514143705368042,0.703141987323761,-0.41278302669525146,-0.0023151421919465065,0.006699900608509779,0.02145550586283207,-1.0298079252243042,529.6829580329359
3,22,778,288,287,0.07665505226480836,correct,put both the cream cheese box and the butter in the basket,2026080810,7130022,sha256:e0aad1ccdcd98dc3,mps:0,0.6964285969734192,-0.5062500238418579,-0.16339285671710968,0.029999999329447746,0.002142857061699033,-0.06321428716182709,-1.0,0.6412169337272644,-0.44213390350341797,-0.12314796447753906,0.004755870439112186,0.007464083842933178,-0.03924062103033066,-1.0031275749206543,542.9691669996828
3,22,778,288,287,0.07665505226480836,paraphrase,place the cream cheese box and the butter together inside the basket,2026080810,7130022,sha256:e0aad1ccdcd98dc3,mps:0,0.6964285969734192,-0.5062500238418579,-0.16339285671710968,0.029999999329447746,0.002142857061699033,-0.06321428716182709,-1.0,0.5495290160179138,-0.2877833843231201,-0.290517657995224,0.007487794384360313,-0.008334011770784855,-0.033569686114788055,-1.010050654411316,515.3332909103483
3,22,778,288,287,0.07665505226480836,contradictory,put the cream cheese box in the basket but leave the butter outside the basket,2026080810,7130022,sha256:e0aad1ccdcd98dc3,mps:0,0.6964285969734192,-0.5062500238418579,-0.16339285671710968,0.029999999329447746,0.002142857061699033,-0.06321428716182709,-1.0,0.3998746871948242,-0.2051389515399933,-0.26897671818733215,0.003516154596582055,-0.007182379253208637,-0.037970952689647675,-1.002277135848999,535.4405001271516
3,22,778,288,287,0.07665505226480836,unrelated,open the top drawer of the cabinet,2026080810,7130022,sha256:e0aad1ccdcd98dc3,mps:0,0.6964285969734192,-0.5062500238418579,-0.16339285671710968,0.029999999329447746,0.002142857061699033,-0.06321428716182709,-1.0,0.16198772192001343,-0.274305135011673,-0.3563939332962036,-0.0009782628621906042,0.007328529842197895,0.081431083381176,-0.9896900653839111,546.8900001142174
3,38,794,288,287,0.13240418118466898,correct,put both the cream cheese box and the butter in the basket,2026080810,7130038,sha256:20f78d499b78c367,mps:0,-0.21160714328289032,-0.0803571417927742,-0.7098214030265808,0.062142856419086456,0.0,-0.05999999865889549,-1.0,0.10473918914794922,-0.2656738758087158,-0.5404688715934753,0.037665605545043945,-0.1319059133529663,-0.015158210881054401,-1.016918420791626,538.9560840558261
3,38,794,288,287,0.13240418118466898,paraphrase,place the cream cheese box and the butter together inside the basket,2026080810,7130038,sha256:20f78d499b78c367,mps:0,-0.21160714328289032,-0.0803571417927742,-0.7098214030265808,0.062142856419086456,0.0,-0.05999999865889549,-1.0,-0.05873759835958481,-0.16717946529388428,-0.6078588962554932,0.04284198582172394,-0.14296181499958038,-0.023339923471212387,-1.0072553157806396,523.6894579138607
3,38,794,288,287,0.13240418118466898,contradictory,put the cream cheese box in the basket but leave the butter outside the basket,2026080810,7130038,sha256:20f78d499b78c367,mps:0,-0.21160714328289032,-0.0803571417927742,-0.7098214030265808,0.062142856419086456,0.0,-0.05999999865889549,-1.0,-0.15250056982040405,-0.13159441947937012,-0.5265770554542542,0.03040730394423008,-0.12300048768520355,-0.016746439039707184,-1.0019168853759766,535.752666881308
3,38,794,288,287,0.13240418118466898,unrelated,open the top drawer of the cabinet,2026080810,7130038,sha256:20f78d499b78c367,mps:0,-0.21160714328289032,-0.0803571417927742,-0.7098214030265808,0.062142856419086456,0.0,-0.05999999865889549,-1.0,-0.288723886013031,-0.16843804717063904,-0.5867526531219482,0.02281818725168705,-0.10650362074375153,0.08925943076610565,-0.9979574084281921,538.6915828566998
3,44,800,288,287,0.15331010452961671,correct,put both the cream cheese box and the butter in the basket,2026080810,7130044,sha256:c1f2765665b50c8e,mps:0,-0.2839285731315613,0.02946428582072258,-0.6830357313156128,0.019285714253783226,0.003214285708963871,-0.0,-1.0,-0.4345848858356476,0.034396640956401825,-0.6311398148536682,-0.0010073150042444468,-0.05843595042824745,0.0014516562223434448,-1.01902437210083,575.7963750511408
3,44,800,288,287,0.15331010452961671,paraphrase,place the cream cheese box and the butter together inside the basket,2026080810,7130044,sha256:c1f2765665b50c8e,mps:0,-0.2839285731315613,0.02946428582072258,-0.6830357313156128,0.019285714253783226,0.003214285708963871,-0.0,-1.0,-0.576789140701294,0.04625720903277397,-0.6523898839950562,0.00022220815299078822,-0.06835009902715683,-0.016240663826465607,-1.0193557739257812,517.1227499376982
3,44,800,288,287,0.15331010452961671,contradictory,put the cream cheese box in the basket but leave the butter outside the basket,2026080810,7130044,sha256:c1f2765665b50c8e,mps:0,-0.2839285731315613,0.02946428582072258,-0.6830357313156128,0.019285714253783226,0.003214285708963871,-0.0,-1.0,-0.5848731398582458,0.06116238608956337,-0.5542912483215332,-0.0006116097210906446,-0.057878125458955765,-0.00942274834960699,-1.0084998607635498,546.3400830049068
3,44,800,288,287,0.15331010452961671,unrelated,open the top drawer of the cabinet,2026080810,7130044,sha256:c1f2765665b50c8e,mps:0,-0.2839285731315613,0.02946428582072258,-0.6830357313156128,0.019285714253783226,0.003214285708963871,-0.0,-1.0,-0.5520903468132019,0.1659717559814453,-0.569003164768219,-0.012719003483653069,-0.02304408699274063,0.05260418355464935,-1.0285857915878296,539.4287498202175
3,71,827,288,287,0.24738675958188153,correct,put both the cream cheese box and the butter in the basket,2026080810,7130071,sha256:f0d40877179d5471,mps:0,0.24910713732242584,0.01607142947614193,0.7633928656578064,-0.07178571075201035,0.1403571367263794,0.04285714402794838,1.0,0.08123122900724411,0.13786213099956512,0.98175048828125,-0.003212020266801119,0.01096699945628643,0.05164482444524765,0.993812620639801,545.3133750706911
3,71,827,288,287,0.24738675958188153,paraphrase,place the cream cheese box and the butter together inside the basket,2026080810,7130071,sha256:f0d40877179d5471,mps:0,0.24910713732242584,0.01607142947614193,0.7633928656578064,-0.07178571075201035,0.1403571367263794,0.04285714402794838,1.0,0.009358715265989304,0.1950826197862625,0.984869122505188,-0.0025400668382644653,0.008972162380814552,0.04563836008310318,0.9912568926811218,516.6450419928879
3,71,827,288,287,0.24738675958188153,contradictory,put the cream cheese box in the basket but leave the butter outside the basket,2026080810,7130071,sha256:f0d40877179d5471,mps:0,0.24910713732242584,0.01607142947614193,0.7633928656578064,-0.07178571075201035,0.1403571367263794,0.04285714402794838,1.0,0.061566561460494995,0.1338285505771637,0.9420069456100464,-0.005441674496978521,0.010499335825443268,0.02858671359717846,0.9988955855369568,550.7137500680983
3,71,827,288,287,0.24738675958188153,unrelated,open the top drawer of the cabinet,2026080810,7130071,sha256:f0d40877179d5471,mps:0,0.24910713732242584,0.01607142947614193,0.7633928656578064,-0.07178571075201035,0.1403571367263794,0.04285714402794838,1.0,-0.1829206645488739,0.019717566668987274,0.1617375612258911,-0.01796801947057247,0.002398563316091895,0.15179592370986938,0.9895399212837219,525.3099168185145
3,73,829,288,287,0.25435540069686413,correct,put both the cream cheese box and the butter in the basket,2026080810,7130073,sha256:35b819b4db1b177d,mps:0,0.31607142090797424,0.06160714104771614,0.8812500238418579,-0.046071428805589676,0.11142857372760773,0.046071428805589676,1.0,0.10726407170295715,0.01910347491502762,0.9370245933532715,-0.000719751522410661,0.019178785383701324,-0.0034272070042788982,0.9855886101722717,550.7490411400795
3,73,829,288,287,0.25435540069686413,paraphrase,place the cream cheese box and the butter together inside the basket,2026080810,7130073,sha256:35b819b4db1b177d,mps:0,0.31607142090797424,0.06160714104771614,0.8812500238418579,-0.046071428805589676,0.11142857372760773,0.046071428805589676,1.0,0.0443267747759819,0.08127368986606598,0.9352115392684937,-0.00042597827268764377,0.020278850570321083,-0.002935618394985795,0.9899036288261414,529.1713329497725
3,73,829,288,287,0.25435540069686413,contradictory,put the cream cheese box in the basket but leave the butter outside the basket,2026080810,7130073,sha256:35b819b4db1b177d,mps:0,0.31607142090797424,0.06160714104771614,0.8812500238418579,-0.046071428805589676,0.11142857372760773,0.046071428805589676,1.0,0.08957681059837341,0.018221259117126465,0.8888894319534302,-0.0009175062295980752,0.023997291922569275,-0.013900146819651127,1.0002080202102661,542.4520000815392
3,73,829,288,287,0.25435540069686413,unrelated,open the top drawer of the cabinet,2026080810,7130073,sha256:35b819b4db1b177d,mps:0,0.31607142090797424,0.06160714104771614,0.8812500238418579,-0.046071428805589676,0.11142857372760773,0.046071428805589676,1.0,-0.04899388551712036,-0.05142675340175629,0.18635687232017517,-0.003472871147096157,0.02969016507267952,0.011579085141420364,1.004236102104187,558.0095830373466
3,95,851,288,287,0.3310104529616725,correct,put both the cream cheese box and the butter in the basket,2026080810,7130095,sha256:862dd7670abe81e6,mps:0,-0.3616071343421936,0.8116071224212646,0.0803571417927742,0.0,-0.028928572311997414,-0.0,1.0,-0.21293741464614868,0.7691823840141296,0.43816396594047546,-0.008240840397775173,0.0705929547548294,0.04700234532356262,0.986955463886261,545.2664999756962
3,95,851,288,287,0.3310104529616725,paraphrase,place the cream cheese box and the butter together inside the basket,2026080810,7130095,sha256:862dd7670abe81e6,mps:0,-0.3616071343421936,0.8116071224212646,0.0803571417927742,0.0,-0.028928572311997414,-0.0,1.0,-0.2061256468296051,0.8174113035202026,0.3212871849536896,-0.007075158413499594,0.058126743882894516,0.038971610367298126,0.9905572533607483,515.7440830953419
3,95,851,288,287,0.3310104529616725,contradictory,put the cream cheese box in the basket but leave the butter outside the basket,2026080810,7130095,sha256:862dd7670abe81e6,mps:0,-0.3616071343421936,0.8116071224212646,0.0803571417927742,0.0,-0.028928572311997414,-0.0,1.0,-0.10771671682596207,0.7641230225563049,0.46184125542640686,-0.0033132925163954496,0.05755256861448288,0.02664472721517086,0.9889538884162903,528.7330411374569
3,95,851,288,287,0.3310104529616725,unrelated,open the top drawer of the cabinet,2026080810,7130095,sha256:862dd7670abe81e6,mps:0,-0.3616071343421936,0.8116071224212646,0.0803571417927742,0.0,-0.028928572311997414,-0.0,1.0,-0.04741015285253525,0.13809537887573242,0.4980708658695221,-0.012425946071743965,0.13652881979942322,0.09847571700811386,1.0297019481658936,530.6617501191795
3,106,862,288,287,0.3693379790940767,correct,put both the cream cheese box and the butter in the basket,2026080810,7130106,sha256:3ee6dd6a377b9231,mps:0,-0.05624999850988388,0.8142856955528259,0.06964285671710968,0.0,-0.029999999329447746,-0.0,1.0,-0.11498426645994186,0.8538958430290222,0.02893747389316559,0.020580509677529335,-0.005310355685651302,0.0025078398175537586,0.968365490436554,541.6597919538617
3,106,862,288,287,0.3693379790940767,paraphrase,place the cream cheese box and the butter together inside the basket,2026080810,7130106,sha256:3ee6dd6a377b9231,mps:0,-0.05624999850988388,0.8142856955528259,0.06964285671710968,0.0,-0.029999999329447746,-0.0,1.0,-0.08030246943235397,0.859453022480011,-0.03665991127490997,0.01816224493086338,-0.010351310484111309,0.000896173994988203,0.9741485714912415,534.4477498438209
3,106,862,288,287,0.3693379790940767,contradictory,put the cream cheese box in the basket but leave the butter outside the basket,2026080810,7130106,sha256:3ee6dd6a377b9231,mps:0,-0.05624999850988388,0.8142856955528259,0.06964285671710968,0.0,-0.029999999329447746,-0.0,1.0,-0.015457935631275177,0.8152638673782349,0.04341309517621994,0.02234739437699318,-0.01409063208848238,-0.00815030001103878,0.9640834927558899,524.7229998931289
3,106,862,288,287,0.3693379790940767,unrelated,open the top drawer of the cabinet,2026080810,7130106,sha256:3ee6dd6a377b9231,mps:0,-0.05624999850988388,0.8142856955528259,0.06964285671710968,0.0,-0.029999999329447746,-0.0,1.0,-0.06675393134355545,0.18120604753494263,-0.1857132613658905,0.0719011127948761,0.015112638473510742,0.0015172315761446953,0.986744225025177,535.0735001266003
3,115,871,288,287,0.40069686411149824,correct,put both the cream cheese box and the butter in the basket,2026080810,7130115,sha256:a078afaece9649c1,mps:0,0.0,0.7767857313156128,-0.27589285373687744,0.0,-0.051428571343421936,-0.020357143133878708,1.0,-0.11474920064210892,0.8607054948806763,-0.0497833676636219,-0.00228330516256392,0.047981902956962585,-0.002371193142607808,0.9953178763389587,532.4762919917703
3,115,871,288,287,0.40069686411149824,paraphrase,place the cream cheese box and the butter together inside the basket,2026080810,7130115,sha256:a078afaece9649c1,mps:0,0.0,0.7767857313156128,-0.27589285373687744,0.0,-0.051428571343421936,-0.020357143133878708,1.0,-0.07173248380422592,0.8635954260826111,-0.11469757556915283,-0.002542185829952359,0.03513062745332718,-0.005906041245907545,0.9926506876945496,507.9863329883665
3,115,871,288,287,0.40069686411149824,contradictory,put the cream cheese box in the basket but leave the butter outside the basket,2026080810,7130115,sha256:a078afaece9649c1,mps:0,0.0,0.7767857313156128,-0.27589285373687744,0.0,-0.051428571343421936,-0.020357143133878708,1.0,-0.0024663135409355164,0.8250141143798828,0.014925971627235413,-0.0007253913790918887,0.025668054819107056,-0.014831108041107655,0.9897213578224182,551.7010830808431
3,115,871,288,287,0.40069686411149824,unrelated,open the top drawer of the cabinet,2026080810,7130115,sha256:a078afaece9649c1,mps:0,0.0,0.7767857313156128,-0.27589285373687744,0.0,-0.051428571343421936,-0.020357143133878708,1.0,0.12822869420051575,-0.16088008880615234,0.4748193919658661,-0.003132470417767763,0.15232177078723907,-0.03656402975320816,1.0010701417922974,530.1077500917017
3,141,897,288,287,0.4912891986062718,correct,put both the cream cheese box and the butter in the basket,2026080810,7130141,sha256:731b96fc43778bc7,mps:0,-0.010714286006987095,-0.35624998807907104,0.30267858505249023,0.019285714253783226,0.0,-0.02142857201397419,-1.0,0.14385026693344116,-0.3915039896965027,0.35223644971847534,0.008009010925889015,0.11469297111034393,-0.0009461622685194016,-1.001960039138794,557.2251670528203
3,141,897,288,287,0.4912891986062718,paraphrase,place the cream cheese box and the butter together inside the basket,2026080810,7130141,sha256:731b96fc43778bc7,mps:0,-0.010714286006987095,-0.35624998807907104,0.30267858505249023,0.019285714253783226,0.0,-0.02142857201397419,-1.0,0.04819314181804657,-0.24136978387832642,0.3019685745239258,0.005793323274701834,0.10794401913881302,-9.45129431784153e-05,-1.006231427192688,520.0556248892099
3,141,897,288,287,0.4912891986062718,contradictory,put the cream cheese box in the basket but leave the butter outside the basket,2026080810,7130141,sha256:731b96fc43778bc7,mps:0,-0.010714286006987095,-0.35624998807907104,0.30267858505249023,0.019285714253783226,0.0,-0.02142857201397419,-1.0,0.051983632147312164,-0.14076121151447296,0.40604811906814575,0.0036963557358831167,0.13958586752414703,-0.009443004615604877,-1.0039782524108887,543.3681251015514
3,141,897,288,287,0.4912891986062718,unrelated,open the top drawer of the cabinet,2026080810,7130141,sha256:731b96fc43778bc7,mps:0,-0.010714286006987095,-0.35624998807907104,0.30267858505249023,0.019285714253783226,0.0,-0.02142857201397419,-1.0,-0.01721687614917755,-0.3213995099067688,0.3904053270816803,-0.00036964385071769357,0.12878109514713287,0.03065127320587635,-1.010162591934204,536.9504580739886
3,144,900,288,287,0.5017421602787456,correct,put both the cream cheese box and the butter in the basket,2026080810,7130144,sha256:68fb8f90726110e8,mps:0,0.02142857201397419,-0.6776785850524902,0.2705357074737549,0.05249999836087227,0.0,-0.0,-1.0,0.26592782139778137,-0.8836770057678223,0.04715476185083389,0.06681042909622192,-0.07034078985452652,0.04213479161262512,-1.0138262510299683,583.5494580678642
3,144,900,288,287,0.5017421602787456,paraphrase,place the cream cheese box and the butter together inside the basket,2026080810,7130144,sha256:68fb8f90726110e8,mps:0,0.02142857201397419,-0.6776785850524902,0.2705357074737549,0.05249999836087227,0.0,-0.0,-1.0,0.2182619273662567,-0.892407238483429,-0.032639287412166595,0.07610730826854706,-0.09778415411710739,0.044117726385593414,-1.007826566696167,518.801957834512
3,144,900,288,287,0.5017421602787456,contradictory,put the cream cheese box in the basket but leave the butter outside the basket,2026080810,7130144,sha256:68fb8f90726110e8,mps:0,0.02142857201397419,-0.6776785850524902,0.2705357074737549,0.05249999836087227,0.0,-0.0,-1.0,0.11666543781757355,-0.7988464832305908,0.13564962148666382,0.07029855251312256,-0.05405646562576294,0.023742051795125008,-1.0002771615982056,537.1210838202387
3,144,900,288,287,0.5017421602787456,unrelated,open the top drawer of the cabinet,2026080810,7130144,sha256:68fb8f90726110e8,mps:0,0.02142857201397419,-0.6776785850524902,0.2705357074737549,0.05249999836087227,0.0,-0.0,-1.0,-0.007547371089458466,-0.789848268032074,0.1415955126285553,0.056747470051050186,-0.0908140242099762,0.07807672768831253,-1.0008701086044312,528.4450410399586
3,160,916,288,287,0.5574912891986062,correct,put both the cream cheese box and the butter in the basket,2026080810,7130160,sha256:deae463731ed7c13,mps:0,0.5035714507102966,0.0,-0.6267856955528259,-0.046071428805589676,-0.029999999329447746,-0.023571427911520004,-1.0,-0.2889145314693451,-0.06158459186553955,-0.7697697877883911,-0.03476649895310402,-0.18994419276714325,0.0016364767216145992,-0.9736760258674622,531.0676249209791
3,160,916,288,287,0.5574912891986062,paraphrase,place the cream cheese box and the butter together inside the basket,2026080810,7130160,sha256:deae463731ed7c13,mps:0,0.5035714507102966,0.0,-0.6267856955528259,-0.046071428805589676,-0.029999999329447746,-0.023571427911520004,-1.0,-0.4016607105731964,-0.049356043338775635,-0.7894245386123657,-0.0276916716247797,-0.18212813138961792,-0.012905362993478775,-0.9802772998809814,524.1576659027487
3,160,916,288,287,0.5574912891986062,contradictory,put the cream cheese box in the basket but leave the butter outside the basket,2026080810,7130160,sha256:deae463731ed7c13,mps:0,0.5035714507102966,0.0,-0.6267856955528259,-0.046071428805589676,-0.029999999329447746,-0.023571427911520004,-1.0,-0.4786630868911743,-0.0041286274790763855,-0.7471656203269958,-0.012610192410647869,-0.1329726278781891,-0.014326080679893494,-0.9921779036521912,531.3627088908106
3,160,916,288,287,0.5574912891986062,unrelated,open the top drawer of the cabinet,2026080810,7130160,sha256:deae463731ed7c13,mps:0,0.5035714507102966,0.0,-0.6267856955528259,-0.046071428805589676,-0.029999999329447746,-0.023571427911520004,-1.0,-0.4456661343574524,0.23373457789421082,-0.4815158247947693,-0.021708190441131592,-0.1372896432876587,0.0005969679914414883,-1.0148329734802246,527.4945830460638
3,178,934,288,287,0.6202090592334495,correct,put both the cream cheese box and the butter in the basket,2026080810,7130178,sha256:fff4b947e197a405,mps:0,-0.22232143580913544,-0.0535714291036129,-0.47678571939468384,0.0,0.011785713955760002,0.027857143431901932,-1.0,0.08206009119749069,0.09628375619649887,0.10241051763296127,-0.023563019931316376,0.026259474456310272,-0.013750197365880013,0.9861403107643127,545.0876250397414
3,178,934,288,287,0.6202090592334495,paraphrase,place the cream cheese box and the butter together inside the basket,2026080810,7130178,sha256:fff4b947e197a405,mps:0,-0.22232143580913544,-0.0535714291036129,-0.47678571939468384,0.0,0.011785713955760002,0.027857143431901932,-1.0,0.021560896188020706,0.06622486561536789,0.07499659806489944,-0.019101658836007118,0.014279919676482677,-0.021105261519551277,0.986015260219574,516.1687498912215
3,178,934,288,287,0.6202090592334495,contradictory,put the cream cheese box in the basket but leave the butter outside the basket,2026080810,7130178,sha256:fff4b947e197a405,mps:0,-0.22232143580913544,-0.0535714291036129,-0.47678571939468384,0.0,0.011785713955760002,0.027857143431901932,-1.0,0.05102544277906418,0.07328496873378754,0.1153869703412056,-0.019119294360280037,0.02778351679444313,-0.015170576050877571,0.9865276217460632,526.6346249263734
3,178,934,288,287,0.6202090592334495,unrelated,open the top drawer of the cabinet,2026080810,7130178,sha256:fff4b947e197a405,mps:0,-0.22232143580913544,-0.0535714291036129,-0.47678571939468384,0.0,0.011785713955760002,0.027857143431901932,-1.0,0.08137131482362747,0.13112467527389526,0.0797753557562828,-0.020947052165865898,0.039018142968416214,-0.02266152948141098,0.9795729517936707,541.4611669257283
3,192,948,288,287,0.6689895470383276,correct,put both the cream cheese box and the butter in the basket,2026080810,7130192,sha256:60111792f7665bca,mps:0,-0.03482142835855484,0.04285714402794838,0.11785714328289032,-0.03642857074737549,0.019285714253783226,0.04392857104539871,1.0,0.09431647509336472,-0.061380788683891296,0.3928145170211792,-0.060941457748413086,0.0497264638543129,-0.012148167937994003,0.9846418499946594,535.1829589344561
3,192,948,288,287,0.6689895470383276,paraphrase,place the cream cheese box and the butter together inside the basket,2026080810,7130192,sha256:60111792f7665bca,mps:0,-0.03482142835855484,0.04285714402794838,0.11785714328289032,-0.03642857074737549,0.019285714253783226,0.04392857104539871,1.0,0.0023241452872753143,-0.05411674082279205,0.2747995853424072,-0.059536196291446686,0.04082072153687477,-0.01101107057183981,0.987489640712738,517.4154578708112
3,192,948,288,287,0.6689895470383276,contradictory,put the cream cheese box in the basket but leave the butter outside the basket,2026080810,7130192,sha256:60111792f7665bca,mps:0,-0.03482142835855484,0.04285714402794838,0.11785714328289032,-0.03642857074737549,0.019285714253783226,0.04392857104539871,1.0,-0.02958543598651886,-0.05250294506549835,0.09948737174272537,-0.053230345249176025,0.047831941395998,-0.012242862954735756,0.9935328364372253,526.5856659971178
3,192,948,288,287,0.6689895470383276,unrelated,open the top drawer of the cabinet,2026080810,7130192,sha256:60111792f7665bca,mps:0,-0.03482142835855484,0.04285714402794838,0.11785714328289032,-0.03642857074737549,0.019285714253783226,0.04392857104539871,1.0,-0.04814186692237854,-0.024016767740249634,-0.04512273147702217,-0.04605410620570183,0.07000801712274551,-0.015361386351287365,0.9922516942024231,533.3064999431372
3,208,964,288,287,0.7247386759581882,correct,put both the cream cheese box and the butter in the basket,2026080810,7130208,sha256:3a9e85495d0a8362,mps:0,-0.1741071492433548,0.0,-0.08571428805589676,0.0,0.040714286267757416,0.07821428775787354,-1.0,-0.2408697009086609,0.0911695808172226,-0.500365674495697,0.005471042823046446,0.016172856092453003,-0.044783614575862885,-0.9850910902023315,537.5992089975625
3,208,964,288,287,0.7247386759581882,paraphrase,place the cream cheese box and the butter together inside the basket,2026080810,7130208,sha256:3a9e85495d0a8362,mps:0,-0.1741071492433548,0.0,-0.08571428805589676,0.0,0.040714286267757416,0.07821428775787354,-1.0,-0.3844214081764221,0.09332139790058136,-0.7176858186721802,0.014972330071032047,0.004843634553253651,-0.04760117828845978,-0.9800674319267273,516.7387921828777
3,208,964,288,287,0.7247386759581882,contradictory,put the cream cheese box in the basket but leave the butter outside the basket,2026080810,7130208,sha256:3a9e85495d0a8362,mps:0,-0.1741071492433548,0.0,-0.08571428805589676,0.0,0.040714286267757416,0.07821428775787354,-1.0,-0.3153425455093384,0.06582635641098022,-0.5719632506370544,0.008041230030357838,0.011258253827691078,-0.04947198927402496,-0.9821772575378418,530.9875409584492
3,208,964,288,287,0.7247386759581882,unrelated,open the top drawer of the cabinet,2026080810,7130208,sha256:3a9e85495d0a8362,mps:0,-0.1741071492433548,0.0,-0.08571428805589676,0.0,0.040714286267757416,0.07821428775787354,-1.0,-0.4041022062301636,0.2844650149345398,-0.5493735074996948,0.0013853753916919231,-0.0008979309350252151,-0.04837304353713989,-0.9902428388595581,535.0567500572652
3,218,974,288,287,0.759581881533101,correct,put both the cream cheese box and the butter in the basket,2026080810,7130218,sha256:7ceb5a06cec3439b,mps:0,-0.23571428656578064,-0.0535714291036129,-0.46071428060531616,0.0,-0.028928572311997414,0.08892857283353806,-1.0,-0.1637626588344574,-0.16523930430412292,-0.6338558793067932,0.018772544339299202,0.06611816585063934,0.03367135673761368,0.9675472378730774,545.9957919083536
3,218,974,288,287,0.759581881533101,paraphrase,place the cream cheese box and the butter together inside the basket,2026080810,7130218,sha256:7ceb5a06cec3439b,mps:0,-0.23571428656578064,-0.0535714291036129,-0.46071428060531616,0.0,-0.028928572311997414,0.08892857283353806,-1.0,-0.2555115520954132,-0.2263738512992859,-0.6760037541389465,0.030763499438762665,0.05579305812716484,0.03450383245944977,0.9636377692222595,509.62649984285235
3,218,974,288,287,0.759581881533101,contradictory,put the cream cheese box in the basket but leave the butter outside the basket,2026080810,7130218,sha256:7ceb5a06cec3439b,mps:0,-0.23571428656578064,-0.0535714291036129,-0.46071428060531616,0.0,-0.028928572311997414,0.08892857283353806,-1.0,-0.1985330581665039,-0.2007923722267151,-0.5751281380653381,0.014019050635397434,0.078425332903862,0.015591328963637352,0.9695150256156921,553.779625101015
3,218,974,288,287,0.759581881533101,unrelated,open the top drawer of the cabinet,2026080810,7130218,sha256:7ceb5a06cec3439b,mps:0,-0.23571428656578064,-0.0535714291036129,-0.46071428060531616,0.0,-0.028928572311997414,0.08892857283353806,-1.0,-0.2897697389125824,-0.1818600296974182,-0.6392807960510254,0.008626014925539494,0.05429380014538765,0.029865222051739693,0.9906954169273376,523.5095000825822
3,236,992,288,287,0.8222996515679443,correct,put both the cream cheese box and the butter in the basket,2026080810,7130236,sha256:b5e98b38dfddef2f,mps:0,0.3053571283817291,0.0,0.9375,-0.017142856493592262,0.05249999836087227,0.007499999832361937,1.0,0.5929439067840576,0.15749603509902954,0.945909857749939,-0.061960380524396896,0.02482399344444275,-0.02548208273947239,0.9742724299430847,548.0219591408968
3,236,992,288,287,0.8222996515679443,paraphrase,place the cream cheese box and the butter together inside the basket,2026080810,7130236,sha256:b5e98b38dfddef2f,mps:0,0.3053571283817291,0.0,0.9375,-0.017142856493592262,0.05249999836087227,0.007499999832361937,1.0,0.5022163987159729,0.21080657839775085,0.9403706789016724,-0.05788446217775345,0.018565062433481216,-0.02347315475344658,0.9846677184104919,507.29020894505084
3,236,992,288,287,0.8222996515679443,contradictory,put the cream cheese box in the basket but leave the butter outside the basket,2026080810,7130236,sha256:b5e98b38dfddef2f,mps:0,0.3053571283817291,0.0,0.9375,-0.017142856493592262,0.05249999836087227,0.007499999832361937,1.0,0.5282089710235596,0.17205911874771118,0.880553126335144,-0.06454310566186905,0.027409300208091736,-0.02661643922328949,0.9773895144462585,521.9225408509374
3,236,992,288,287,0.8222996515679443,unrelated,open the top drawer of the cabinet,2026080810,7130236,sha256:b5e98b38dfddef2f,mps:0,0.3053571283817291,0.0,0.9375,-0.017142856493592262,0.05249999836087227,0.007499999832361937,1.0,0.4364928603172302,0.1949574053287506,0.5895392298698425,-0.0623941607773304,0.03524988889694214,-0.01578516885638237,-0.988625705242157,524.9530000146478
3,252,1008,288,287,0.8780487804878049,correct,put both the cream cheese box and the butter in the basket,2026080810,7130252,sha256:eea64bbfbcc94f7c,mps:0,-0.3348214328289032,0.7285714149475098,0.14464285969734192,-0.02678571455180645,-0.025714285671710968,-0.0,1.0,-0.05830752104520798,0.6708483695983887,0.545995831489563,0.006433725822716951,0.013546144589781761,0.0019418885931372643,0.9847126603126526,556.118750013411
3,252,1008,288,287,0.8780487804878049,paraphrase,place the cream cheese box and the butter together inside the basket,2026080810,7130252,sha256:eea64bbfbcc94f7c,mps:0,-0.3348214328289032,0.7285714149475098,0.14464285969734192,-0.02678571455180645,-0.025714285671710968,-0.0,1.0,-0.0854366198182106,0.7551731467247009,0.2720847725868225,0.017784470692276955,0.0033444827422499657,0.002429104410111904,0.9812756180763245,512.5397501979023
3,252,1008,288,287,0.8780487804878049,contradictory,put the cream cheese box in the basket but leave the butter outside the basket,2026080810,7130252,sha256:eea64bbfbcc94f7c,mps:0,-0.3348214328289032,0.7285714149475098,0.14464285969734192,-0.02678571455180645,-0.025714285671710968,-0.0,1.0,0.10484638810157776,0.5597294569015503,0.6725391149520874,-7.521203951910138e-05,0.02428925782442093,-0.004734043963253498,0.9858936667442322,526.5687080100179
3,252,1008,288,287,0.8780487804878049,unrelated,open the top drawer of the cabinet,2026080810,7130252,sha256:eea64bbfbcc94f7c,mps:0,-0.3348214328289032,0.7285714149475098,0.14464285969734192,-0.02678571455180645,-0.025714285671710968,-0.0,1.0,0.06716891378164291,0.06314335763454437,0.10178432613611221,-0.0026174327358603477,0.04307682439684868,-0.007535409182310104,-0.9975208640098572,526.1849169619381
3,271,1027,288,287,0.9442508710801394,correct,put both the cream cheese box and the butter in the basket,2026080810,7130271,sha256:4e62ff205e999f05,mps:0,0.0,0.1607142835855484,-0.0,-0.007499999832361937,0.0,-0.0,-1.0,-0.0562683567404747,0.23487241566181183,0.1873859167098999,-0.0004233982181176543,0.017767079174518585,0.010886549949645996,1.008036494255066,538.2272079586983
3,271,1027,288,287,0.9442508710801394,paraphrase,place the cream cheese box and the butter together inside the basket,2026080810,7130271,sha256:4e62ff205e999f05,mps:0,0.0,0.1607142835855484,-0.0,-0.007499999832361937,0.0,-0.0,-1.0,-0.1012449637055397,0.2885577082633972,0.05119115859270096,0.0005852134199813008,0.009818335063755512,0.013881508260965347,1.0034723281860352,532.5721669942141
3,271,1027,288,287,0.9442508710801394,contradictory,put the cream cheese box in the basket but leave the butter outside the basket,2026080810,7130271,sha256:4e62ff205e999f05,mps:0,0.0,0.1607142835855484,-0.0,-0.007499999832361937,0.0,-0.0,-1.0,-0.015315651893615723,0.07246528565883636,0.23702257871627808,-0.0002238815650343895,0.009370971471071243,-0.01879650354385376,-1.0039609670639038,532.9348749946803
3,271,1027,288,287,0.9442508710801394,unrelated,open the top drawer of the cabinet,2026080810,7130271,sha256:4e62ff205e999f05,mps:0,0.0,0.1607142835855484,-0.0,-0.007499999832361937,0.0,-0.0,-1.0,-0.015953443944454193,0.07347173243761063,0.24592790007591248,-0.0010703562293201685,0.01757102459669113,-0.0018195605371147394,-1.0043959617614746,540.9844999667257
3,287,1043,288,287,1.0,correct,put both the cream cheese box and the butter in the basket,2026080810,7130287,sha256:4b0bcb6641e6e384,mps:0,0.0,0.0,-0.0,0.0,0.0,-0.02250000089406967,-1.0,-0.00011832267045974731,-0.09147854149341583,-0.0485188364982605,0.007237845566123724,0.03100605681538582,-0.06289201229810715,-0.9915919303894043,541.7995830066502
3,287,1043,288,287,1.0,paraphrase,place the cream cheese box and the butter together inside the basket,2026080810,7130287,sha256:4b0bcb6641e6e384,mps:0,0.0,0.0,-0.0,0.0,0.0,-0.02250000089406967,-1.0,-0.024196095764636993,-0.0842667818069458,-0.09133036434650421,0.012283919379115105,0.019651973620057106,-0.057495228946208954,-0.9953824281692505,511.7748330812901
3,287,1043,288,287,1.0,contradictory,put the cream cheese box in the basket but leave the butter outside the basket,2026080810,7130287,sha256:4b0bcb6641e6e384,mps:0,0.0,0.0,-0.0,0.0,0.0,-0.02250000089406967,-1.0,-0.007206171751022339,-0.059043094515800476,-0.03792949020862579,0.0044038924388587475,0.038828156888484955,-0.07165612280368805,-0.9922335147857666,520.418707979843
3,287,1043,288,287,1.0,unrelated,open the top drawer of the cabinet,2026080810,7130287,sha256:4b0bcb6641e6e384,mps:0,0.0,0.0,-0.0,0.0,0.0,-0.02250000089406967,-1.0,-0.028295837342739105,-0.07784132659435272,-0.057071153074502945,-0.0018305936828255653,0.040363676846027374,-0.06631173938512802,-1.0014607906341553,547.9960420634598
4,0,1044,244,243,0.0,correct,put both the cream cheese box and the butter in the basket,2026080811,7140000,sha256:e6c81482d64a9c72,mps:0,0.21696428954601288,-0.2705357074737549,0.0026785715017467737,0.0,-0.003214285708963871,-0.0,-1.0,-0.09350796788930893,0.49425944685935974,-0.1114959865808487,4.466291284188628e-05,-0.008715893141925335,0.01035350002348423,-0.9686318635940552,542.9087078664452
4,0,1044,244,243,0.0,paraphrase,place the cream cheese box and the butter together inside the basket,2026080811,7140000,sha256:e6c81482d64a9c72,mps:0,0.21696428954601288,-0.2705357074737549,0.0026785715017467737,0.0,-0.003214285708963871,-0.0,-1.0,-0.04121273010969162,0.5211218595504761,-0.1467183232307434,0.0012692974414676428,-0.012908297590911388,0.00903333630412817,-0.9687432646751404,509.248707909137
4,0,1044,244,243,0.0,contradictory,put the cream cheese box in the basket but leave the butter outside the basket,2026080811,7140000,sha256:e6c81482d64a9c72,mps:0,0.21696428954601288,-0.2705357074737549,0.0026785715017467737,0.0,-0.003214285708963871,-0.0,-1.0,-0.06171773374080658,0.5649769306182861,-0.0697707086801529,0.0009554736316204071,-0.011935095302760601,0.0001425580121576786,-0.9658531546592712,521.1295420303941
4,0,1044,244,243,0.0,unrelated,open the top drawer of the cabinet,2026080811,7140000,sha256:e6c81482d64a9c72,mps:0,0.21696428954601288,-0.2705357074737549,0.0026785715017467737,0.0,-0.003214285708963871,-0.0,-1.0,-0.16191527247428894,0.2782782018184662,-0.2384428083896637,-0.0006608053226955235,0.007475687190890312,0.028933821246027946,-0.9927929639816284,529.3126250617206
4,15,1059,244,243,0.06172839506172839,correct,put both the cream cheese box and the butter in the basket,2026080811,7140015,sha256:2034d4e55961d2e6,mps:0,0.6803571581840515,-0.7151785492897034,-0.07767856866121292,0.004285714123398066,-0.002142857061699033,-0.002142857061699033,-1.0,0.8196659088134766,-0.4713590741157532,-0.09622781723737717,-0.009006044827401638,0.009167416021227837,-0.021632878109812737,-0.9962411522865295,539.9647089652717
4,15,1059,244,243,0.06172839506172839,paraphrase,place the cream cheese box and the butter together inside the basket,2026080811,7140015,sha256:2034d4e55961d2e6,mps:0,0.6803571581840515,-0.7151785492897034,-0.07767856866121292,0.004285714123398066,-0.002142857061699033,-0.002142857061699033,-1.0,0.8332933783531189,-0.4215705990791321,-0.20603227615356445,-0.004419743083417416,0.004449374042451382,-0.025396279990673065,-1.0063683986663818,507.3449998162687
4,15,1059,244,243,0.06172839506172839,contradictory,put the cream cheese box in the basket but leave the butter outside the basket,2026080811,7140015,sha256:2034d4e55961d2e6,mps:0,0.6803571581840515,-0.7151785492897034,-0.07767856866121292,0.004285714123398066,-0.002142857061699033,-0.002142857061699033,-1.0,0.7932831048965454,-0.3205794095993042,-0.1267053633928299,-0.009466982446610928,0.008973036892712116,-0.022906670346856117,-0.9991270303726196,527.747041080147
4,15,1059,244,243,0.06172839506172839,unrelated,open the top drawer of the cabinet,2026080811,7140015,sha256:2034d4e55961d2e6,mps:0,0.6803571581840515,-0.7151785492897034,-0.07767856866121292,0.004285714123398066,-0.002142857061699033,-0.002142857061699033,-1.0,0.4845035970211029,-0.5091620087623596,-0.16759204864501953,-0.011969654820859432,0.022142630070447922,0.02933143638074398,-0.9903197288513184,522.2382498905063
4,34,1078,244,243,0.13991769547325103,correct,put both the cream cheese box and the butter in the basket,2026080811,7140034,sha256:2a8cd84398ceee9c,mps:0,0.0,-0.24375000596046448,-0.8491071462631226,0.0,-0.03750000149011612,-0.017142856493592262,-1.0,-0.27854183316230774,-0.061499446630477905,-0.6760663986206055,0.015510314144194126,-0.05362509936094284,0.0028985431417822838,-0.996630847454071,540.9604168962687
4,34,1078,244,243,0.13991769547325103,paraphrase,place the cream cheese box and the butter together inside the basket,2026080811,7140034,sha256:2a8cd84398ceee9c,mps:0,0.0,-0.24375000596046448,-0.8491071462631226,0.0,-0.03750000149011612,-0.017142856493592262,-1.0,-0.43013161420822144,-0.04346147179603577,-0.687359631061554,0.020917139947414398,-0.04529508575797081,0.002976519986987114,-0.9954124093055725,509.0311251115054
4,34,1078,244,243,0.13991769547325103,contradictory,put the cream cheese box in the basket but leave the butter outside the basket,2026080811,7140034,sha256:2a8cd84398ceee9c,mps:0,0.0,-0.24375000596046448,-0.8491071462631226,0.0,-0.03750000149011612,-0.017142856493592262,-1.0,-0.4986928701400757,-0.036738261580467224,-0.5958176851272583,0.012962818145751953,-0.03523857519030571,-0.005674766376614571,-0.9862216711044312,550.8830000180751
4,34,1078,244,243,0.13991769547325103,unrelated,open the top drawer of the cabinet,2026080811,7140034,sha256:2a8cd84398ceee9c,mps:0,0.0,-0.24375000596046448,-0.8491071462631226,0.0,-0.03750000149011612,-0.017142856493592262,-1.0,-0.49256306886672974,0.08772622048854828,-0.6856976747512817,0.006050951313227415,-0.030551467090845108,0.10234811902046204,-0.9809958338737488,539.465291891247
4,44,1088,244,243,0.18106995884773663,correct,put both the cream cheese box and the butter in the basket,2026080811,7140044,sha256:6b070088ce538b6a,mps:0,-0.6294642686843872,-0.10446428507566452,-0.6642857193946838,0.0,0.0,-0.019285714253783226,-1.0,-0.252225786447525,-0.11190992593765259,-0.5309160351753235,0.0027954198885709047,0.0016664071008563042,-0.0238480344414711,-0.9956121444702148,548.7558338791132
4,44,1088,244,243,0.18106995884773663,paraphrase,place the cream cheese box and the butter together inside the basket,2026080811,7140044,sha256:6b070088ce538b6a,mps:0,-0.6294642686843872,-0.10446428507566452,-0.6642857193946838,0.0,0.0,-0.019285714253783226,-1.0,-0.3791227340698242,-0.11170220375061035,-0.5667557120323181,0.005345350131392479,-8.131936192512512e-05,-0.027760498225688934,-0.9946793913841248,521.3823330122977
4,44,1088,244,243,0.18106995884773663,contradictory,put the cream cheese box in the basket but leave the butter outside the basket,2026080811,7140044,sha256:6b070088ce538b6a,mps:0,-0.6294642686843872,-0.10446428507566452,-0.6642857193946838,0.0,0.0,-0.019285714253783226,-1.0,-0.39120805263519287,-0.10395616292953491,-0.42011192440986633,0.0023763321805745363,0.0034468730445951223,-0.02925916016101837,-0.9921618103981018,541.1578749772161
4,44,1088,244,243,0.18106995884773663,unrelated,open the top drawer of the cabinet,2026080811,7140044,sha256:6b070088ce538b6a,mps:0,-0.6294642686843872,-0.10446428507566452,-0.6642857193946838,0.0,0.0,-0.019285714253783226,-1.0,-0.4193616211414337,-0.044643983244895935,-0.5102071166038513,-0.0013163015246391296,0.011107664555311203,0.023973003029823303,-0.9924378395080566,545.2945420984179
4,57,1101,244,243,0.2345679012345679,correct,put both the cream cheese box and the butter in the basket,2026080811,7140057,sha256:2427e2ae1d0fa049,mps:0,0.04285714402794838,-0.01607142947614193,0.4312500059604645,-0.0503571443259716,0.0,0.014999999664723873,1.0,0.45154818892478943,0.2447272092103958,1.0123114585876465,-0.03763449937105179,0.03800869360566139,0.04349846392869949,0.995323121547699,571.6940418351442
4,57,1101,244,243,0.2345679012345679,paraphrase,place the cream cheese box and the butter together inside the basket,2026080811,7140057,sha256:2427e2ae1d0fa049,mps:0,0.04285714402794838,-0.01607142947614193,0.4312500059604645,-0.0503571443259716,0.0,0.014999999664723873,1.0,0.35830897092819214,0.29310882091522217,1.013474464416504,-0.03467046096920967,0.03429432585835457,0.04035084694623947,1.0135371685028076,531.5254169981927
4,57,1101,244,243,0.2345679012345679,contradictory,put the cream cheese box in the basket but leave the butter outside the basket,2026080811,7140057,sha256:2427e2ae1d0fa049,mps:0,0.04285714402794838,-0.01607142947614193,0.4312500059604645,-0.0503571443259716,0.0,0.014999999664723873,1.0,0.3598315715789795,0.23570437729358673,0.9765394926071167,-0.03741355612874031,0.03993154317140579,0.028856540098786354,1.0096837282180786,551.6336250584573
4,57,1101,244,243,0.2345679012345679,unrelated,open the top drawer of the cabinet,2026080811,7140057,sha256:2427e2ae1d0fa049,mps:0,0.04285714402794838,-0.01607142947614193,0.4312500059604645,-0.0503571443259716,0.0,0.014999999664723873,1.0,0.25754088163375854,0.15739706158638,0.7383384108543396,-0.04605086147785187,0.05544709414243698,0.06983522325754166,-0.9820142984390259,539.4388330169022
4,65,1109,244,243,0.2674897119341564,correct,put both the cream cheese box and the butter in the basket,2026080811,7140065,sha256:1df0e7e4f0dd8910,mps:0,-0.01607142947614193,0.0,0.9375,0.0,-0.006428571417927742,-0.0,1.0,0.2399456799030304,0.1453959196805954,0.9404566287994385,-0.032143134623765945,-0.016900330781936646,0.01544089987874031,1.0159461498260498,552.8047501575202
4,65,1109,244,243,0.2674897119341564,paraphrase,place the cream cheese box and the butter together inside the basket,2026080811,7140065,sha256:1df0e7e4f0dd8910,mps:0,-0.01607142947614193,0.0,0.9375,0.0,-0.006428571417927742,-0.0,1.0,0.17517349123954773,0.2171652913093567,0.9179308414459229,-0.03394971415400505,-0.017558395862579346,0.014373542740941048,1.0213299989700317,526.1761250440031
4,65,1109,244,243,0.2674897119341564,contradictory,put the cream cheese box in the basket but leave the butter outside the basket,2026080811,7140065,sha256:1df0e7e4f0dd8910,mps:0,-0.01607142947614193,0.0,0.9375,0.0,-0.006428571417927742,-0.0,1.0,0.17734968662261963,0.08793783187866211,0.7005429863929749,-0.05102388560771942,-0.006884909234941006,0.008151762187480927,1.0141258239746094,524.7914160136133
4,65,1109,244,243,0.2674897119341564,unrelated,open the top drawer of the cabinet,2026080811,7140065,sha256:1df0e7e4f0dd8910,mps:0,-0.01607142947614193,0.0,0.9375,0.0,-0.006428571417927742,-0.0,1.0,0.012173470109701157,0.051422495394945145,0.2857392430305481,-0.03761376440525055,-0.013892936520278454,0.033050596714019775,-1.0047928094863892,524.6175001375377
4,83,1127,244,243,0.34156378600823045,correct,put both the cream cheese box and the butter in the basket,2026080811,7140083,sha256:8975ed223e71eee5,mps:0,-0.02946428582072258,0.7633928656578064,0.4178571403026581,0.0,0.0,0.0535714291036129,1.0,-0.1973068118095398,0.7980921864509583,0.3147430121898651,-0.0032913442701101303,0.04327964782714844,0.013207079842686653,1.001597285270691,540.1841660495847
4,83,1127,244,243,0.34156378600823045,paraphrase,place the cream cheese box and the butter together inside the basket,2026080811,7140083,sha256:8975ed223e71eee5,mps:0,-0.02946428582072258,0.7633928656578064,0.4178571403026581,0.0,0.0,0.0535714291036129,1.0,-0.180650532245636,0.8234522938728333,0.2504151463508606,-0.0029288141522556543,0.03293757885694504,0.011870652437210083,0.9989309906959534,512.8014998044819
4,83,1127,244,243,0.34156378600823045,contradictory,put the cream cheese box in the basket but leave the butter outside the basket,2026080811,7140083,sha256:8975ed223e71eee5,mps:0,-0.02946428582072258,0.7633928656578064,0.4178571403026581,0.0,0.0,0.0535714291036129,1.0,-0.141167551279068,0.7534454464912415,0.40244176983833313,-0.001849902095273137,0.03585440292954445,-0.00035691214725375175,0.9978163838386536,528.3829169347882
4,83,1127,244,243,0.34156378600823045,unrelated,open the top drawer of the cabinet,2026080811,7140083,sha256:8975ed223e71eee5,mps:0,-0.02946428582072258,0.7633928656578064,0.4178571403026581,0.0,0.0,0.0535714291036129,1.0,0.03792790323495865,-0.30971965193748474,0.3033570647239685,-0.0025811379309743643,0.08480451256036758,0.008962210267782211,0.9947280287742615,540.0379169732332
4,90,1134,244,243,0.37037037037037035,correct,put both the cream cheese box and the butter in the basket,2026080811,7140090,sha256:e892be108eeddd1e,mps:0,0.0,0.824999988079071,0.23571428656578064,0.0,0.002142857061699033,0.04392857104539871,1.0,-0.16747626662254333,0.8464478254318237,0.16480004787445068,-0.025368167087435722,-0.020178038626909256,0.010442079976201057,0.9989061951637268,538.1899999920279
4,90,1134,244,243,0.37037037037037035,paraphrase,place the cream cheese box and the butter together inside the basket,2026080811,7140090,sha256:e892be108eeddd1e,mps:0,0.0,0.824999988079071,0.23571428656578064,0.0,0.002142857061699033,0.04392857104539871,1.0,-0.14874529838562012,0.8547300696372986,0.11515571922063828,-0.02309952676296234,-0.022387944161891937,0.01020732056349516,0.9983416199684143,507.47004081495106
4,90,1134,244,243,0.37037037037037035,contradictory,put the cream cheese box in the basket but leave the butter outside the basket,2026080811,7140090,sha256:e892be108eeddd1e,mps:0,0.0,0.824999988079071,0.23571428656578064,0.0,0.002142857061699033,0.04392857104539871,1.0,-0.09688545018434525,0.8138400316238403,0.20063012838363647,-0.019657913595438004,-0.025414425879716873,-6.694300100207329e-05,0.9947864413261414,524.648749968037
4,90,1134,244,243,0.37037037037037035,unrelated,open the top drawer of the cabinet,2026080811,7140090,sha256:e892be108eeddd1e,mps:0,0.0,0.824999988079071,0.23571428656578064,0.0,0.002142857061699033,0.04392857104539871,1.0,-0.02193574607372284,0.46641066670417786,-0.008931756019592285,-0.015515122562646866,-0.0053497543558478355,0.034937091171741486,0.9954654574394226,518.2044999673963
4,107,1151,244,243,0.4403292181069959,correct,put both the cream cheese box and the butter in the basket,2026080811,7140107,sha256:b7351d033c811f6d,mps:0,0.0,0.7098214030265808,-0.4044642746448517,0.04285714402794838,0.0010714285308495164,-0.0,1.0,-0.4217686951160431,0.6553746461868286,-0.3216547667980194,-0.027679096907377243,-0.06625412404537201,0.020767806097865105,1.0157127380371094,552.5383751373738
4,107,1151,244,243,0.4403292181069959,paraphrase,place the cream cheese box and the butter together inside the basket,2026080811,7140107,sha256:b7351d033c811f6d,mps:0,0.0,0.7098214030265808,-0.4044642746448517,0.04285714402794838,0.0010714285308495164,-0.0,1.0,-0.3935433328151703,0.7140277624130249,-0.3378773331642151,-0.02112252451479435,-0.07232742756605148,0.009738904424011707,1.0114529132843018,506.3441670499742
4,107,1151,244,243,0.4403292181069959,contradictory,put the cream cheese box in the basket but leave the butter outside the basket,2026080811,7140107,sha256:b7351d033c811f6d,mps:0,0.0,0.7098214030265808,-0.4044642746448517,0.04285714402794838,0.0010714285308495164,-0.0,1.0,-0.3465227484703064,0.6564747095108032,-0.32303592562675476,-0.019076155498623848,-0.0898214802145958,0.0003101276233792305,1.0078953504562378,531.0465828515589
4,107,1151,244,243,0.4403292181069959,unrelated,open the top drawer of the cabinet,2026080811,7140107,sha256:b7351d033c811f6d,mps:0,0.0,0.7098214030265808,-0.4044642746448517,0.04285714402794838,0.0010714285308495164,-0.0,1.0,-0.11846291273832321,-0.07464121282100677,0.11035887151956558,-0.032163623720407486,-0.03281313180923462,0.0011763600632548332,-0.9898814558982849,527.8961251024157
4,120,1164,244,243,0.49382716049382713,correct,put both the cream cheese box and the butter in the basket,2026080811,7140120,sha256:dd0fccb729516aad,mps:0,-0.2410714328289032,0.04821428656578064,-0.22499999403953552,0.051428571343421936,0.07178571075201035,-0.009642857126891613,1.0,-0.11181054264307022,-0.025165267288684845,-0.296276718378067,0.03849215805530548,0.01985907182097435,-0.017250414937734604,1.006584644317627,561.1171659547836
4,120,1164,244,243,0.49382716049382713,paraphrase,place the cream cheese box and the butter together inside the basket,2026080811,7140120,sha256:dd0fccb729516aad,mps:0,-0.2410714328289032,0.04821428656578064,-0.22499999403953552,0.051428571343421936,0.07178571075201035,-0.009642857126891613,1.0,-0.12851768732070923,-0.05786439776420593,-0.4545254409313202,0.06836633384227753,0.0027751033194363117,-0.01902845874428749,1.0079015493392944,531.1278749722987
4,120,1164,244,243,0.49382716049382713,contradictory,put the cream cheese box in the basket but leave the butter outside the basket,2026080811,7140120,sha256:dd0fccb729516aad,mps:0,-0.2410714328289032,0.04821428656578064,-0.22499999403953552,0.051428571343421936,0.07178571075201035,-0.009642857126891613,1.0,-0.06222359091043472,-0.13149715960025787,0.014005772769451141,0.020816391333937645,0.011189762502908707,-0.043871790170669556,-0.9997418522834778,554.1739161126316
4,120,1164,244,243,0.49382716049382713,unrelated,open the top drawer of the cabinet,2026080811,7140120,sha256:dd0fccb729516aad,mps:0,-0.2410714328289032,0.04821428656578064,-0.22499999403953552,0.051428571343421936,0.07178571075201035,-0.009642857126891613,1.0,0.058286815881729126,-0.4887745976448059,0.2914275825023651,0.03552981838583946,0.040180835872888565,-0.027788879349827766,-0.9984630942344666,528.7622078321874
4,127,1171,244,243,0.522633744855967,correct,put both the cream cheese box and the butter in the basket,2026080811,7140127,sha256:f31e9fd3103091da,mps:0,-0.14196428656578064,0.0,-0.0,0.0,0.0,-0.02142857201397419,1.0,0.05173039436340332,0.11798818409442902,0.24203649163246155,-0.05083472281694412,0.03510275483131409,0.010934550315141678,-0.9919114708900452,547.130832914263
4,127,1171,244,243,0.522633744855967,paraphrase,place the cream cheese box and the butter together inside the basket,2026080811,7140127,sha256:f31e9fd3103091da,mps:0,-0.14196428656578064,0.0,-0.0,0.0,0.0,-0.02142857201397419,1.0,0.02582194283604622,0.1037222370505333,0.1688232421875,-0.036019958555698395,0.02453174814581871,0.0066373711451888084,-0.999961793422699,513.0597911775112
4,127,1171,244,243,0.522633744855967,contradictory,put the cream cheese box in the basket but leave the butter outside the basket,2026080811,7140127,sha256:f31e9fd3103091da,mps:0,-0.14196428656578064,0.0,-0.0,0.0,0.0,-0.02142857201397419,1.0,0.08595612645149231,0.116850346326828,0.36280158162117004,-0.04574817791581154,0.03912394121289253,-0.0021329824812710285,-0.9848315715789795,538.9244998805225
4,127,1171,244,243,0.522633744855967,unrelated,open the top drawer of the cabinet,2026080811,7140127,sha256:f31e9fd3103091da,mps:0,-0.14196428656578064,0.0,-0.0,0.0,0.0,-0.02142857201397419,1.0,0.19298988580703735,0.005133375525474548,0.4460047781467438,-0.037787437438964844,0.09090665727853775,0.012330569326877594,-1.0014821290969849,536.0539997927845
4,138,1182,244,243,0.5679012345679012,correct,put both the cream cheese box and the butter in the basket,2026080811,7140138,sha256:939b4a88c43bdeed,mps:0,0.0026785715017467737,-0.2946428656578064,0.16339285671710968,0.0,0.019285714253783226,-0.07392857223749161,-1.0,0.24246352910995483,-0.6069395542144775,0.08591260761022568,0.006170294247567654,0.05054585635662079,-0.10400421917438507,-0.9957614541053772,539.4277919549495
4,138,1182,244,243,0.5679012345679012,paraphrase,place the cream cheese box and the butter together inside the basket,2026080811,7140138,sha256:939b4a88c43bdeed,mps:0,0.0026785715017467737,-0.2946428656578064,0.16339285671710968,0.0,0.019285714253783226,-0.07392857223749161,-1.0,0.13499563932418823,-0.5750091075897217,0.01772025227546692,0.017677616328001022,0.03192964196205139,-0.10695205628871918,-0.9964932799339294,512.8920839633793
4,138,1182,244,243,0.5679012345679012,contradictory,put the cream cheese box in the basket but leave the butter outside the basket,2026080811,7140138,sha256:939b4a88c43bdeed,mps:0,0.0026785715017467737,-0.2946428656578064,0.16339285671710968,0.0,0.019285714253783226,-0.07392857223749161,-1.0,0.07796651124954224,-0.4060869812965393,0.13914695382118225,0.009642220102250576,0.07049767673015594,-0.1169469878077507,-0.9880103468894958,536.2584998365492
4,138,1182,244,243,0.5679012345679012,unrelated,open the top drawer of the cabinet,2026080811,7140138,sha256:939b4a88c43bdeed,mps:0,0.0026785715017467737,-0.2946428656578064,0.16339285671710968,0.0,0.019285714253783226,-0.07392857223749161,-1.0,0.011601749807596207,-0.6352444291114807,0.10553059726953506,0.006191940978169441,0.056934475898742676,-0.09023226797580719,-0.9837974309921265,541.7674579657614
4,150,1194,244,243,0.6172839506172839,correct,put both the cream cheese box and the butter in the basket,2026080811,7140150,sha256:efd02dc3a28152b1,mps:0,0.5544642806053162,-0.7580357193946838,-0.1205357164144516,0.007499999832361937,-0.06321428716182709,-0.0010714285308495164,-1.0,0.3175155818462372,-0.728829562664032,-0.18554267287254333,0.0016238931566476822,0.0125453295186162,-0.02352672815322876,-1.0040234327316284,550.1443750690669
4,150,1194,244,243,0.6172839506172839,paraphrase,place the cream cheese box and the butter together inside the basket,2026080811,7140150,sha256:efd02dc3a28152b1,mps:0,0.5544642806053162,-0.7580357193946838,-0.1205357164144516,0.007499999832361937,-0.06321428716182709,-0.0010714285308495164,-1.0,0.18776118755340576,-0.639899492263794,-0.35728248953819275,0.002045118249952793,-0.00039156945422291756,-0.025167040526866913,-1.0087734460830688,557.533917017281
4,150,1194,244,243,0.6172839506172839,contradictory,put the cream cheese box in the basket but leave the butter outside the basket,2026080811,7140150,sha256:efd02dc3a28152b1,mps:0,0.5544642806053162,-0.7580357193946838,-0.1205357164144516,0.007499999832361937,-0.06321428716182709,-0.0010714285308495164,-1.0,-0.06163939833641052,-0.5201175212860107,-0.33768990635871887,-0.0002391287125647068,0.017919018864631653,-0.023164885118603706,-1.0060880184173584,545.1023748610169
4,150,1194,244,243,0.6172839506172839,unrelated,open the top drawer of the cabinet,2026080811,7140150,sha256:efd02dc3a28152b1,mps:0,0.5544642806053162,-0.7580357193946838,-0.1205357164144516,0.007499999832361937,-0.06321428716182709,-0.0010714285308495164,-1.0,-0.18243438005447388,-0.4406600594520569,0.034417420625686646,-0.007211508695036173,0.08151862770318985,-0.011036691255867481,-1.000893473625183,541.6446670424193
4,162,1206,244,243,0.6666666666666666,correct,put both the cream cheese box and the butter in the basket,2026080811,7140162,sha256:8d1dafe59f3ccb60,mps:0,-0.47678571939468384,0.0,-0.8598214387893677,-0.03642857074737549,-0.06964285671710968,0.04500000178813934,-1.0,-0.47950655221939087,-0.037422195076942444,-0.6692505478858948,-0.02671169303357601,-0.11828085035085678,0.07042146474123001,-0.9872470498085022,560.5158749967813
4,162,1206,244,243,0.6666666666666666,paraphrase,place the cream cheese box and the butter together inside the basket,2026080811,7140162,sha256:8d1dafe59f3ccb60,mps:0,-0.47678571939468384,0.0,-0.8598214387893677,-0.03642857074737549,-0.06964285671710968,0.04500000178813934,-1.0,-0.5539817810058594,0.009733229875564575,-0.6874456405639648,-0.016487665474414825,-0.11832831054925919,0.052850306034088135,-0.9876280426979065,524.8637080658227
4,162,1206,244,243,0.6666666666666666,contradictory,put the cream cheese box in the basket but leave the butter outside the basket,2026080811,7140162,sha256:8d1dafe59f3ccb60,mps:0,-0.47678571939468384,0.0,-0.8598214387893677,-0.03642857074737549,-0.06964285671710968,0.04500000178813934,-1.0,-0.5711218118667603,0.011436119675636292,-0.6289743781089783,-0.005256537813693285,-0.09378305822610855,0.03601924329996109,-0.9821611046791077,546.416207915172
4,162,1206,244,243,0.6666666666666666,unrelated,open the top drawer of the cabinet,2026080811,7140162,sha256:8d1dafe59f3ccb60,mps:0,-0.47678571939468384,0.0,-0.8598214387893677,-0.03642857074737549,-0.06964285671710968,0.04500000178813934,-1.0,-0.33245712518692017,0.5042632222175598,-0.3604469895362854,-0.005795145872980356,-0.07457052916288376,0.06893154233694077,-0.9984351396560669,537.1247499715537
4,179,1223,244,243,0.7366255144032922,correct,put both the cream cheese box and the butter in the basket,2026080811,7140179,sha256:b9287dbbe03648ad,mps:0,0.20357142388820648,0.30000001192092896,-0.0,-0.05892857164144516,0.09857142716646194,-0.0,1.0,-0.023177221417427063,0.03737957775592804,-0.13143199682235718,-0.013456347398459911,0.09208308905363083,0.012629866600036621,0.989146888256073,560.261958045885
4,179,1223,244,243,0.7366255144032922,paraphrase,place the cream cheese box and the butter together inside the basket,2026080811,7140179,sha256:b9287dbbe03648ad,mps:0,0.20357142388820648,0.30000001192092896,-0.0,-0.05892857164144516,0.09857142716646194,-0.0,1.0,-0.08588313311338425,-0.00832638144493103,-0.16055765748023987,-0.007724972907453775,0.08035527169704437,0.012362413108348846,0.9905642867088318,532.2575839236379
4,179,1223,244,243,0.7366255144032922,contradictory,put the cream cheese box in the basket but leave the butter outside the basket,2026080811,7140179,sha256:b9287dbbe03648ad,mps:0,0.20357142388820648,0.30000001192092896,-0.0,-0.05892857164144516,0.09857142716646194,-0.0,1.0,-0.07375036925077438,-0.0025441572070121765,-0.12712383270263672,-0.011691424064338207,0.08566433936357498,0.008538058958947659,0.973666250705719,552.7842501178384
4,179,1223,244,243,0.7366255144032922,unrelated,open the top drawer of the cabinet,2026080811,7140179,sha256:b9287dbbe03648ad,mps:0,0.20357142388820648,0.30000001192092896,-0.0,-0.05892857164144516,0.09857142716646194,-0.0,1.0,-0.11524730175733566,0.05565708130598068,-0.18886849284172058,-0.014521555975079536,0.09448659420013428,0.0144619420170784,0.9814292788505554,560.1427920628339
4,183,1227,244,243,0.7530864197530864,correct,put both the cream cheese box and the butter in the basket,2026080811,7140183,sha256:0c40002e6efe8b2d,mps:0,0.3776785731315613,0.02678571455180645,0.2651785612106323,-0.05464285612106323,0.06750000268220901,-0.11678571254014969,1.0,0.16013136506080627,0.09227342903614044,0.11791252344846725,-0.006117925047874451,0.04769964888691902,-0.009229887276887894,0.9998896718025208,540.6942500267178
4,183,1227,244,243,0.7530864197530864,paraphrase,place the cream cheese box and the butter together inside the basket,2026080811,7140183,sha256:0c40002e6efe8b2d,mps:0,0.3776785731315613,0.02678571455180645,0.2651785612106323,-0.05464285612106323,0.06750000268220901,-0.11678571254014969,1.0,0.03420434892177582,0.08113644272089005,-0.20944486558437347,-0.00037828582571819425,0.0355738028883934,-0.0059404512867331505,-0.9891343712806702,507.658707909286
4,183,1227,244,243,0.7530864197530864,contradictory,put the cream cheese box in the basket but leave the butter outside the basket,2026080811,7140183,sha256:0c40002e6efe8b2d,mps:0,0.3776785731315613,0.02678571455180645,0.2651785612106323,-0.05464285612106323,0.06750000268220901,-0.11678571254014969,1.0,0.044113606214523315,0.046153414994478226,-0.0733681172132492,-0.001215377589687705,0.04139280691742897,-0.005598376505076885,0.993052065372467,529.3899590615183
4,183,1227,244,243,0.7530864197530864,unrelated,open the top drawer of the cabinet,2026080811,7140183,sha256:0c40002e6efe8b2d,mps:0,0.3776785731315613,0.02678571455180645,0.2651785612106323,-0.05464285612106323,0.06750000268220901,-0.11678571254014969,1.0,0.0091477669775486,0.24723130464553833,-0.25350421667099,-0.001644193660467863,0.026399239897727966,0.0004362096078693867,-1.0047879219055176,526.6980829183012
4,205,1249,244,243,0.8436213991769548,correct,put both the cream cheese box and the butter in the basket,2026080811,7140205,sha256:9dde6e2503c40d91,mps:0,-0.5249999761581421,0.7580357193946838,0.1607142835855484,-0.023571427911520004,0.0,-0.0,1.0,-0.08807940036058426,0.8407405018806458,0.37007471919059753,-0.000690363987814635,-0.013390508480370045,-0.010767214000225067,1.0194374322891235,528.5363749135286
4,205,1249,244,243,0.8436213991769548,paraphrase,place the cream cheese box and the butter together inside the basket,2026080811,7140205,sha256:9dde6e2503c40d91,mps:0,-0.5249999761581421,0.7580357193946838,0.1607142835855484,-0.023571427911520004,0.0,-0.0,1.0,-0.07846640795469284,0.8696908354759216,0.2022959291934967,-0.0009045062470249832,-0.01984957978129387,-0.009605810046195984,1.0245139598846436,517.0027089770883
4,205,1249,244,243,0.8436213991769548,contradictory,put the cream cheese box in the basket but leave the butter outside the basket,2026080811,7140205,sha256:9dde6e2503c40d91,mps:0,-0.5249999761581421,0.7580357193946838,0.1607142835855484,-0.023571427911520004,0.0,-0.0,1.0,0.0200628861784935,0.7914549112319946,0.42963382601737976,-0.0011043234262615442,-0.012883252464234829,-0.020677834749221802,1.0096635818481445,532.918666023761
4,205,1249,244,243,0.8436213991769548,unrelated,open the top drawer of the cabinet,2026080811,7140205,sha256:9dde6e2503c40d91,mps:0,-0.5249999761581421,0.7580357193946838,0.1607142835855484,-0.023571427911520004,0.0,-0.0,1.0,0.03169111907482147,0.6014863848686218,-0.20139861106872559,0.0003270498418714851,-0.01003244984894991,-0.012782415375113487,-0.9906420707702637,529.8017081804574
4,211,1255,244,243,0.8683127572016461,correct,put both the cream cheese box and the butter in the basket,2026080811,7140211,sha256:6f9809f0baa5a2e3,mps:0,-0.20357142388820648,0.8491071462631226,-0.0,-0.009642857126891613,0.0,-0.0,1.0,-0.17409363389015198,0.7495559453964233,0.3178335428237915,-0.0037918523885309696,0.01419470552355051,-0.010344957932829857,1.0070918798446655,535.6972080189735
4,211,1255,244,243,0.8683127572016461,paraphrase,place the cream cheese box and the butter together inside the basket,2026080811,7140211,sha256:6f9809f0baa5a2e3,mps:0,-0.20357142388820648,0.8491071462631226,-0.0,-0.009642857126891613,0.0,-0.0,1.0,-0.20534241199493408,0.8105818033218384,0.1233261302113533,-0.001952294260263443,0.0022139197681099176,-0.009209861978888512,1.010273814201355,512.1860420331359
4,211,1255,244,243,0.8683127572016461,contradictory,put the cream cheese box in the basket but leave the butter outside the basket,2026080811,7140211,sha256:6f9809f0baa5a2e3,mps:0,-0.20357142388820648,0.8491071462631226,-0.0,-0.009642857126891613,0.0,-0.0,1.0,-0.02595631033182144,0.3764006793498993,0.11539939790964127,0.00011455541243776679,0.02435297891497612,-0.01960371807217598,1.0061790943145752,541.9386250432581
4,211,1255,244,243,0.8683127572016461,unrelated,open the top drawer of the cabinet,2026080811,7140211,sha256:6f9809f0baa5a2e3,mps:0,-0.20357142388820648,0.8491071462631226,-0.0,-0.009642857126891613,0.0,-0.0,1.0,0.03451055288314819,0.11219964921474457,0.09509003907442093,-0.00823863223195076,0.02740020677447319,-0.018328800797462463,-0.9956427812576294,534.6391659695655
4,224,1268,244,243,0.9218106995884774,correct,put both the cream cheese box and the butter in the basket,2026080811,7140224,sha256:eaa03c93770d6c95,mps:0,-0.09107142686843872,0.1473214328289032,-0.28928571939468384,0.08464285731315613,0.16500000655651093,-0.0,1.0,0.010760534554719925,-0.04136887192726135,0.061521731317043304,0.0009223406668752432,0.01200009137392044,-0.029293742030858994,-0.9910922646522522,537.89525013417
4,224,1268,244,243,0.9218106995884774,paraphrase,place the cream cheese box and the butter together inside the basket,2026080811,7140224,sha256:eaa03c93770d6c95,mps:0,-0.09107142686843872,0.1473214328289032,-0.28928571939468384,0.08464285731315613,0.16500000655651093,-0.0,1.0,-0.008867420256137848,-0.052225515246391296,0.031818218529224396,0.0010051941499114037,0.00433683767914772,-0.030549881979823112,-0.9979932904243469,521.9103749841452
4,224,1268,244,243,0.9218106995884774,contradictory,put the cream cheese box in the basket but leave the butter outside the basket,2026080811,7140224,sha256:eaa03c93770d6c95,mps:0,-0.09107142686843872,0.1473214328289032,-0.28928571939468384,0.08464285731315613,0.16500000655651093,-0.0,1.0,0.019591402262449265,-0.040198713541030884,0.1056373342871666,0.0004506796831265092,0.012222439981997013,-0.04343125969171524,-0.9890992045402527,526.1760829016566
4,224,1268,244,243,0.9218106995884774,unrelated,open the top drawer of the cabinet,2026080811,7140224,sha256:eaa03c93770d6c95,mps:0,-0.09107142686843872,0.1473214328289032,-0.28928571939468384,0.08464285731315613,0.16500000655651093,-0.0,1.0,0.016544513404369354,-0.06308642029762268,0.06532024592161179,-3.172032302245498e-05,0.02141386643052101,-0.030687138438224792,-0.9953822493553162,531.089625088498
4,243,1287,244,243,1.0,correct,put both the cream cheese box and the butter in the basket,2026080811,7140243,sha256:677d808850dafb20,mps:0,0.0,0.0,-0.0,0.0,0.0,-0.0,-1.0,0.11416606605052948,-0.027460597455501556,0.18406805396080017,0.032791364938020706,0.04828987643122673,-0.026662535965442657,-0.9967736005783081,556.5582909621298
4,243,1287,244,243,1.0,paraphrase,place the cream cheese box and the butter together inside the basket,2026080811,7140243,sha256:677d808850dafb20,mps:0,0.0,0.0,-0.0,0.0,0.0,-0.0,-1.0,0.08319851756095886,-0.02381892502307892,0.13916167616844177,0.03864322230219841,0.03632428124547005,-0.023489199578762054,-1.00038743019104,522.2813331056386
4,243,1287,244,243,1.0,contradictory,put the cream cheese box in the basket but leave the butter outside the basket,2026080811,7140243,sha256:677d808850dafb20,mps:0,0.0,0.0,-0.0,0.0,0.0,-0.0,-1.0,0.10422519594430923,0.0020100176334381104,0.28693875670433044,0.029656024649739265,0.0665305033326149,-0.03185703977942467,-0.9966205954551697,531.9403749890625
4,243,1287,244,243,1.0,unrelated,open the top drawer of the cabinet,2026080811,7140243,sha256:677d808850dafb20,mps:0,0.0,0.0,-0.0,0.0,0.0,-0.0,-1.0,0.11638273298740387,-0.03114202618598938,0.2797299325466156,0.026233773678541183,0.05286838486790657,-0.01505884900689125,-1.0023422241210938,542.6269578747451
5,0,1288,279,278,0.0,correct,put both the cream cheese box and the butter in the basket,2026080812,7150000,sha256:1344d45ea0967570,mps:0,0.2008928507566452,-0.01607142947614193,-0.0,0.0,0.0,-0.07071428745985031,-1.0,0.14985136687755585,0.07339133322238922,-0.004890859127044678,-0.001324098790064454,0.0037283780984580517,-0.012801248580217361,-1.008080244064331,553.7214998621494
5,0,1288,279,278,0.0,paraphrase,place the cream cheese box and the butter together inside the basket,2026080812,7150000,sha256:1344d45ea0967570,mps:0,0.2008928507566452,-0.01607142947614193,-0.0,0.0,0.0,-0.07071428745985031,-1.0,0.34888413548469543,-0.01880890130996704,-0.059512488543987274,-0.000722543045412749,0.0006899596191942692,-0.018823619931936264,-1.0088881254196167,537.8134169150144
5,0,1288,279,278,0.0,contradictory,put the cream cheese box in the basket but leave the butter outside the basket,2026080812,7150000,sha256:1344d45ea0967570,mps:0,0.2008928507566452,-0.01607142947614193,-0.0,0.0,0.0,-0.07071428745985031,-1.0,0.11596383154392242,0.1334291398525238,0.016826927661895752,-0.00017781596397981048,-0.002243984490633011,-0.014240856282413006,-1.0043014287948608,521.8390410300344
5,0,1288,279,278,0.0,unrelated,open the top drawer of the cabinet,2026080812,7150000,sha256:1344d45ea0967570,mps:0,0.2008928507566452,-0.01607142947614193,-0.0,0.0,0.0,-0.07071428745985031,-1.0,0.19381842017173767,-0.4822431802749634,0.07365616410970688,-0.0031303027644753456,0.029690809547901154,-0.0018254327587783337,-0.9947096705436707,519.5357908960432
5,16,1304,279,278,0.05755395683453238,correct,put both the cream cheese box and the butter in the basket,2026080812,7150016,sha256:dcca1dc15332651d,mps:0,0.8008928298950195,-0.5330356955528259,-0.0,0.0,0.06535714119672775,-0.06642857193946838,-1.0,0.8194752335548401,-0.4735468029975891,-0.04858246445655823,-0.004217113368213177,-0.015148094855248928,-0.03549958020448685,-1.0031241178512573,542.8228329401463
5,16,1304,279,278,0.05755395683453238,paraphrase,place the cream cheese box and the butter together inside the basket,2026080812,7150016,sha256:dcca1dc15332651d,mps:0,0.8008928298950195,-0.5330356955528259,-0.0,0.0,0.06535714119672775,-0.06642857193946838,-1.0,0.8352099061012268,-0.45389997959136963,-0.1309872269630432,-0.0004293553065508604,-0.02908005565404892,-0.03526831418275833,-1.0062413215637207,507.093874970451
5,16,1304,279,278,0.05755395683453238,contradictory,put the cream cheese box in the basket but leave the butter outside the basket,2026080812,7150016,sha256:dcca1dc15332651d,mps:0,0.8008928298950195,-0.5330356955528259,-0.0,0.0,0.06535714119672775,-0.06642857193946838,-1.0,0.7719164490699768,-0.3678768277168274,-0.016979463398456573,-0.0021176571026444435,-0.02039150893688202,-0.03525262326002121,-0.9973359704017639,522.5535829085857
5,16,1304,279,278,0.05755395683453238,unrelated,open the top drawer of the cabinet,2026080812,7150016,sha256:dcca1dc15332651d,mps:0,0.8008928298950195,-0.5330356955528259,-0.0,0.0,0.06535714119672775,-0.06642857193946838,-1.0,0.3024667203426361,-0.5263091921806335,-0.13219121098518372,-0.0029978251550346613,-0.04290645197033882,0.028516480699181557,-0.9748892188072205,536.3697088323534
5,27,1315,279,278,0.09712230215827339,correct,put both the cream cheese box and the butter in the basket,2026080812,7150027,sha256:de900d29d04e17a4,mps:0,0.4258928596973419,-0.4526785612106323,-0.5035714507102966,0.0,-0.023571427911520004,-0.15857142210006714,-1.0,0.5188817977905273,-0.4286186695098877,-0.38103148341178894,0.01004355400800705,-0.01908814162015915,-0.10933353006839752,-1.0211987495422363,548.7424589227885
5,27,1315,279,278,0.09712230215827339,paraphrase,place the cream cheese box and the butter together inside the basket,2026080812,7150027,sha256:de900d29d04e17a4,mps:0,0.4258928596973419,-0.4526785612106323,-0.5035714507102966,0.0,-0.023571427911520004,-0.15857142210006714,-1.0,0.31338855624198914,-0.2997824549674988,-0.5777269005775452,0.019912661984562874,-0.05804677680134773,-0.10646332800388336,-1.0211254358291626,517.2444998752326
5,27,1315,279,278,0.09712230215827339,contradictory,put the cream cheese box in the basket but leave the butter outside the basket,2026080812,7150027,sha256:de900d29d04e17a4,mps:0,0.4258928596973419,-0.4526785612106323,-0.5035714507102966,0.0,-0.023571427911520004,-0.15857142210006714,-1.0,0.18144284188747406,-0.22915586829185486,-0.5510639548301697,0.009142959490418434,-0.06011214479804039,-0.10218532383441925,-1.0146949291229248,531.7430410068482
5,27,1315,279,278,0.09712230215827339,unrelated,open the top drawer of the cabinet,2026080812,7150027,sha256:de900d29d04e17a4,mps:0,0.4258928596973419,-0.4526785612106323,-0.5035714507102966,0.0,-0.023571427911520004,-0.15857142210006714,-1.0,0.08038735389709473,-0.3948461413383484,-0.5291811227798462,0.00018749263836070895,-0.017654020339250565,-0.01592119224369526,-1.0040019750595093,523.9727499429137
5,51,1339,279,278,0.18345323741007194,correct,put both the cream cheese box and the butter in the basket,2026080812,7150051,sha256:9f4970d3752830f4,mps:0,-0.24910713732242584,0.0,-0.5544642806053162,0.0,0.0,0.05999999865889549,-1.0,-0.4688972234725952,-0.16734224557876587,-0.6964457035064697,0.0017198114655911922,0.006973920855671167,0.04932471364736557,-0.99350506067276,565.158624900505
5,51,1339,279,278,0.18345323741007194,paraphrase,place the cream cheese box and the butter together inside the basket,2026080812,7150051,sha256:9f4970d3752830f4,mps:0,-0.24910713732242584,0.0,-0.5544642806053162,0.0,0.0,0.05999999865889549,-1.0,-0.583954393863678,-0.17318615317344666,-0.7097586989402771,0.0024560505989938974,0.004529337864369154,0.029677817597985268,-0.9987453818321228,520.6638330128044
5,51,1339,279,278,0.18345323741007194,contradictory,put the cream cheese box in the basket but leave the butter outside the basket,2026080812,7150051,sha256:9f4970d3752830f4,mps:0,-0.24910713732242584,0.0,-0.5544642806053162,0.0,0.0,0.05999999865889549,-1.0,-0.5477327108383179,-0.1667749583721161,-0.5765253901481628,0.0020620550494641066,0.010589484125375748,0.017953133210539818,-1.0001204013824463,546.5885000303388
5,51,1339,279,278,0.18345323741007194,unrelated,open the top drawer of the cabinet,2026080812,7150051,sha256:9f4970d3752830f4,mps:0,-0.24910713732242584,0.0,-0.5544642806053162,0.0,0.0,0.05999999865889549,-1.0,-0.5577269792556763,-0.12763486802577972,-0.657605767250061,-0.003904864192008972,0.021047038957476616,0.12007874250411987,-0.989651083946228,543.1981661822647
5,61,1349,279,278,0.21942446043165467,correct,put both the cream cheese box and the butter in the basket,2026080812,7150061,sha256:e2c6ed6cf6d697a8,mps:0,0.0,-0.008035714738070965,0.3589285612106323,0.0,0.02678571455180645,0.0053571430034935474,1.0,0.14496198296546936,-0.06941592693328857,0.9222830533981323,0.00033077417174354196,-0.016289755702018738,0.06082094460725784,0.9927255511283875,553.0540000181645
5,61,1349,279,278,0.21942446043165467,paraphrase,place the cream cheese box and the butter together inside the basket,2026080812,7150061,sha256:e2c6ed6cf6d697a8,mps:0,0.0,-0.008035714738070965,0.3589285612106323,0.0,0.02678571455180645,0.0053571430034935474,1.0,0.07701582461595535,0.010355740785598755,0.9273995161056519,-0.0007577688083983958,-0.016391154378652573,0.0487048402428627,1.0061391592025757,519.110833061859
5,61,1349,279,278,0.21942446043165467,contradictory,put the cream cheese box in the basket but leave the butter outside the basket,2026080812,7150061,sha256:e2c6ed6cf6d697a8,mps:0,0.0,-0.008035714738070965,0.3589285612106323,0.0,0.02678571455180645,0.0053571430034935474,1.0,0.0834713876247406,-0.045251041650772095,0.7380582690238953,-0.0031119503546506166,-0.01947525516152382,0.036399051547050476,1.0112255811691284,554.7282078769058
5,61,1349,279,278,0.21942446043165467,unrelated,open the top drawer of the cabinet,2026080812,7150061,sha256:e2c6ed6cf6d697a8,mps:0,0.0,-0.008035714738070965,0.3589285612106323,0.0,0.02678571455180645,0.0053571430034935474,1.0,-0.04644398391246796,-0.08835466206073761,0.2375999093055725,-0.020352540537714958,-0.029694486409425735,0.13596117496490479,0.9919108748435974,537.0641248300672
5,76,1364,279,278,0.2733812949640288,correct,put both the cream cheese box and the butter in the basket,2026080812,7150076,sha256:51c9f43448b8b7be,mps:0,-0.09910714626312256,0.6616071462631226,0.9107142686843872,-0.008571428246796131,-0.05249999836087227,-0.0,1.0,0.2788925766944885,0.7772300839424133,0.7119541764259338,-0.001494657015427947,-0.027807626873254776,-0.010987544432282448,1.0125452280044556,559.3097500968724
5,76,1364,279,278,0.2733812949640288,paraphrase,place the cream cheese box and the butter together inside the basket,2026080812,7150076,sha256:51c9f43448b8b7be,mps:0,-0.09910714626312256,0.6616071462631226,0.9107142686843872,-0.008571428246796131,-0.05249999836087227,-0.0,1.0,0.23906955122947693,0.8272863030433655,0.6050450205802917,-0.001848823856562376,-0.02494705468416214,-0.010408353060483932,1.0204349756240845,531.4234169200063
5,76,1364,279,278,0.2733812949640288,contradictory,put the cream cheese box in the basket but leave the butter outside the basket,2026080812,7150076,sha256:51c9f43448b8b7be,mps:0,-0.09910714626312256,0.6616071462631226,0.9107142686843872,-0.008571428246796131,-0.05249999836087227,-0.0,1.0,0.3942447304725647,0.7172439694404602,0.851987361907959,-0.00455102976411581,-0.01871481165289879,-0.02501644194126129,1.0121569633483887,548.6114581581205
5,76,1364,279,278,0.2733812949640288,unrelated,open the top drawer of the cabinet,2026080812,7150076,sha256:51c9f43448b8b7be,mps:0,-0.09910714626312256,0.6616071462631226,0.9107142686843872,-0.008571428246796131,-0.05249999836087227,-0.0,1.0,0.5604156851768494,0.3053359091281891,0.5175716280937195,-0.009788790717720985,0.01290595717728138,0.0022976729087531567,-0.9676175713539124,558.5802078712732
5,88,1376,279,278,0.31654676258992803,correct,put both the cream cheese box and the butter in the basket,2026080812,7150088,sha256:6c6c8b376a137748,mps:0,-0.28125,0.8116071224212646,-0.0,-0.002142857061699033,-0.04500000178813934,-0.0,1.0,-0.29653996229171753,0.8066612482070923,0.48685333132743835,-0.0008574979729019105,-0.03548131138086319,0.005632669664919376,1.0120947360992432,561.9198339991271
5,88,1376,279,278,0.31654676258992803,paraphrase,place the cream cheese box and the butter together inside the basket,2026080812,7150088,sha256:6c6c8b376a137748,mps:0,-0.28125,0.8116071224212646,-0.0,-0.002142857061699033,-0.04500000178813934,-0.0,1.0,-0.29719460010528564,0.8407297134399414,0.39373037219047546,-0.001639675348997116,-0.03301658481359482,0.004792571999132633,1.010482668876648,534.7895419690758
5,88,1376,279,278,0.31654676258992803,contradictory,put the cream cheese box in the basket but leave the butter outside the basket,2026080812,7150088,sha256:6c6c8b376a137748,mps:0,-0.28125,0.8116071224212646,-0.0,-0.002142857061699033,-0.04500000178813934,-0.0,1.0,-0.2176390290260315,0.7450140118598938,0.6177993416786194,-0.0013027272652834654,-0.033178143203258514,-0.007372938096523285,1.0023101568222046,539.3919590860605
5,88,1376,279,278,0.31654676258992803,unrelated,open the top drawer of the cabinet,2026080812,7150088,sha256:6c6c8b376a137748,mps:0,-0.28125,0.8116071224212646,-0.0,-0.002142857061699033,-0.04500000178813934,-0.0,1.0,0.02787236124277115,0.12237758934497833,0.8507363200187683,-0.005306335166096687,-0.0008916454389691353,0.02546052448451519,1.0097949504852295,553.750041872263
5,107,1395,279,278,0.38489208633093525,correct,put both the cream cheese box and the butter in the basket,2026080812,7150107,sha256:6422d5d13ee0c0ff,mps:0,-0.11517857015132904,0.8651785850524902,-0.0,-0.0053571430034935474,0.0,-0.0,1.0,-0.3585239350795746,0.5365184545516968,-0.058505333960056305,-0.004798580892384052,-0.028530273586511612,-0.0203838013112545,1.0079683065414429,556.6424168646336
5,107,1395,279,278,0.38489208633093525,paraphrase,place the cream cheese box and the butter together inside the basket,2026080812,7150107,sha256:6422d5d13ee0c0ff,mps:0,-0.11517857015132904,0.8651785850524902,-0.0,-0.0053571430034935474,0.0,-0.0,1.0,-0.30821987986564636,0.6175017356872559,-0.1633223295211792,-0.0021089110523462296,-0.03830466791987419,-0.02808457240462303,1.0089390277862549,522.7882920298725
5,107,1395,279,278,0.38489208633093525,contradictory,put the cream cheese box in the basket but leave the butter outside the basket,2026080812,7150107,sha256:6422d5d13ee0c0ff,mps:0,-0.11517857015132904,0.8651785850524902,-0.0,-0.0053571430034935474,0.0,-0.0,1.0,-0.26209327578544617,0.3727366328239441,-0.2341395914554596,0.00041561247780919075,-0.045310065150260925,-0.044353365898132324,0.9974443316459656,527.865500189364
5,107,1395,279,278,0.38489208633093525,unrelated,open the top drawer of the cabinet,2026080812,7150107,sha256:6422d5d13ee0c0ff,mps:0,-0.11517857015132904,0.8651785850524902,-0.0,-0.0053571430034935474,0.0,-0.0,1.0,-0.04457463324069977,-0.3653278052806854,0.4097829759120941,-0.004409176763147116,0.015169980004429817,-0.0635795146226883,0.999168336391449,522.6729998830706
5,120,1408,279,278,0.4316546762589928,correct,put both the cream cheese box and the butter in the basket,2026080812,7150120,sha256:8e96f294fe37d135,mps:0,-0.01875000074505806,0.0,-0.3241071403026581,0.0,0.03750000149011612,0.020357143133878708,1.0,0.03472938388586044,0.2554474174976349,-0.4221931993961334,0.0012012114748358727,0.029213640838861465,0.002045098692178726,1.0041100978851318,528.3284580800682
5,120,1408,279,278,0.4316546762589928,paraphrase,place the cream cheese box and the butter together inside the basket,2026080812,7150120,sha256:8e96f294fe37d135,mps:0,-0.01875000074505806,0.0,-0.3241071403026581,0.0,0.03750000149011612,0.020357143133878708,1.0,0.007113263010978699,0.25399357080459595,-0.5214281678199768,0.012306942604482174,0.009626178070902824,-0.0006244801916182041,1.0022788047790527,517.0434578321874
5,120,1408,279,278,0.4316546762589928,contradictory,put the cream cheese box in the basket but leave the butter outside the basket,2026080812,7150120,sha256:8e96f294fe37d135,mps:0,-0.01875000074505806,0.0,-0.3241071403026581,0.0,0.03750000149011612,0.020357143133878708,1.0,0.045992858707904816,0.088559590280056,-0.0924791544675827,-0.0009006847976706922,0.011754000559449196,-0.028878796845674515,-1.0045071840286255,553.2034581992775
5,120,1408,279,278,0.4316546762589928,unrelated,open the top drawer of the cabinet,2026080812,7150120,sha256:8e96f294fe37d135,mps:0,-0.01875000074505806,0.0,-0.3241071403026581,0.0,0.03750000149011612,0.020357143133878708,1.0,0.09322629868984222,0.03944026678800583,-0.07026906311511993,-0.0011064514983445406,0.037817131727933884,-0.02191915363073349,-1.0161190032958984,536.5752081852406
5,134,1422,279,278,0.48201438848920863,correct,put both the cream cheese box and the butter in the basket,2026080812,7150134,sha256:b289cb1e3e4b3bcf,mps:0,-0.013392857275903225,-0.13124999403953552,0.3508928716182709,-0.010714286006987095,0.025714285671710968,0.028928572311997414,-1.0,0.23619452118873596,-0.12099659442901611,0.26877158880233765,0.002715571317821741,0.060812193900346756,-0.06935406476259232,-0.9945464730262756,539.3434159923345
5,134,1422,279,278,0.48201438848920863,paraphrase,place the cream cheese box and the butter together inside the basket,2026080812,7150134,sha256:b289cb1e3e4b3bcf,mps:0,-0.013392857275903225,-0.13124999403953552,0.3508928716182709,-0.010714286006987095,0.025714285671710968,0.028928572311997414,-1.0,0.13603475689888,-0.06084313988685608,0.1760386824607849,0.004963086452335119,0.03818903863430023,-0.05874698609113693,-1.0062768459320068,522.6414161734283
5,134,1422,279,278,0.48201438848920863,contradictory,put the cream cheese box in the basket but leave the butter outside the basket,2026080812,7150134,sha256:b289cb1e3e4b3bcf,mps:0,-0.013392857275903225,-0.13124999403953552,0.3508928716182709,-0.010714286006987095,0.025714285671710968,0.028928572311997414,-1.0,0.1876135617494583,-0.030600205063819885,0.3357357382774353,0.00043909845408052206,0.07066584378480911,-0.0668918639421463,-1.0002070665359497,527.5457911193371
5,134,1422,279,278,0.48201438848920863,unrelated,open the top drawer of the cabinet,2026080812,7150134,sha256:b289cb1e3e4b3bcf,mps:0,-0.013392857275903225,-0.13124999403953552,0.3508928716182709,-0.010714286006987095,0.025714285671710968,0.028928572311997414,-1.0,0.18904054164886475,-0.1465991735458374,0.3149033486843109,0.000882742227986455,0.06247600167989731,-0.05579889565706253,-1.0092417001724243,522.0034588128328
5,143,1431,279,278,0.5143884892086331,correct,put both the cream cheese box and the butter in the basket,2026080812,7150143,sha256:0ca00e62b387f3ab,mps:0,0.32678571343421936,-0.8812500238418579,0.07232142984867096,0.09000000357627869,0.0,-0.0,-1.0,0.324578195810318,-0.8015892505645752,0.05154398828744888,0.015508336946368217,0.015267658978700638,-0.00378325954079628,-0.9990757703781128,557.7983751427382
5,143,1431,279,278,0.5143884892086331,paraphrase,place the cream cheese box and the butter together inside the basket,2026080812,7150143,sha256:0ca00e62b387f3ab,mps:0,0.32678571343421936,-0.8812500238418579,0.07232142984867096,0.09000000357627869,0.0,-0.0,-1.0,0.21757444739341736,-0.7705972790718079,0.010966867208480835,0.02051662467420101,0.0004047499969601631,-0.0025722456630319357,-1.00419282913208,530.8770420961082
5,143,1431,279,278,0.5143884892086331,contradictory,put the cream cheese box in the basket but leave the butter outside the basket,2026080812,7150143,sha256:0ca00e62b387f3ab,mps:0,0.32678571343421936,-0.8812500238418579,0.07232142984867096,0.09000000357627869,0.0,-0.0,-1.0,0.036987580358982086,-0.4877534508705139,0.22903433442115784,0.007355061359703541,0.047149937599897385,-0.011043066158890724,-0.9902498126029968,554.8029581550509
5,143,1431,279,278,0.5143884892086331,unrelated,open the top drawer of the cabinet,2026080812,7150143,sha256:0ca00e62b387f3ab,mps:0,0.32678571343421936,-0.8812500238418579,0.07232142984867096,0.09000000357627869,0.0,-0.0,-1.0,8.203089237213135e-05,-0.5690256953239441,0.2637275159358978,-0.0024804084096103907,0.05006638541817665,0.0041761985048651695,-0.9902883172035217,527.1568750031292
5,160,1448,279,278,0.5755395683453237,correct,put both the cream cheese box and the butter in the basket,2026080812,7150160,sha256:05951eb19c476edc,mps:0,0.0,-0.03482142835855484,-0.6857143044471741,-0.04392857104539871,0.011785713955760002,-0.0,-1.0,-0.2187897264957428,-0.017797984182834625,-0.7042475938796997,0.04019441455602646,0.026675190776586533,0.05754420906305313,-0.9882516264915466,537.3652500566095
5,160,1448,279,278,0.5755395683453237,paraphrase,place the cream cheese box and the butter together inside the basket,2026080812,7150160,sha256:05951eb19c476edc,mps:0,0.0,-0.03482142835855484,-0.6857143044471741,-0.04392857104539871,0.011785713955760002,-0.0,-1.0,-0.2638802230358124,-0.0021293088793754578,-0.7346734404563904,0.042166221886873245,0.01573237217962742,0.033961765468120575,-0.9836360216140747,535.4376658797264
5,160,1448,279,278,0.5755395683453237,contradictory,put the cream cheese box in the basket but leave the butter outside the basket,2026080812,7150160,sha256:05951eb19c476edc,mps:0,0.0,-0.03482142835855484,-0.6857143044471741,-0.04392857104539871,0.011785713955760002,-0.0,-1.0,-0.31166601181030273,-0.01054130494594574,-0.6818263530731201,0.03772014006972313,0.03266219422221184,0.02684331126511097,-0.9820044636726379,541.6590839158744
5,160,1448,279,278,0.5755395683453237,unrelated,open the top drawer of the cabinet,2026080812,7150160,sha256:05951eb19c476edc,mps:0,0.0,-0.03482142835855484,-0.6857143044471741,-0.04392857104539871,0.011785713955760002,-0.0,-1.0,-0.1174425259232521,0.5685520172119141,-0.4114609360694885,0.01287849061191082,0.034923356026411057,0.09433546662330627,-0.9882609844207764,546.7963330447674
5,170,1458,279,278,0.6115107913669064,correct,put both the cream cheese box and the butter in the basket,2026080812,7150170,sha256:fd587ec36621ddbd,mps:0,-0.3642857074737549,-0.20892857015132904,-0.543749988079071,0.046071428805589676,0.06857142597436905,0.014999999664723873,-1.0,-0.448402464389801,0.04965934157371521,-0.7992690801620483,-0.001634608255699277,-0.06089765205979347,0.11854632198810577,-0.9812479019165039,548.6562501173466
5,170,1458,279,278,0.6115107913669064,paraphrase,place the cream cheese box and the butter together inside the basket,2026080812,7150170,sha256:fd587ec36621ddbd,mps:0,-0.3642857074737549,-0.20892857015132904,-0.543749988079071,0.046071428805589676,0.06857142597436905,0.014999999664723873,-1.0,-0.5126182436943054,0.05261249467730522,-0.7997032999992371,-3.279070369899273e-05,-0.06808356195688248,0.08301067352294922,-0.9852508306503296,504.18129097670317
5,170,1458,279,278,0.6115107913669064,contradictory,put the cream cheese box in the basket but leave the butter outside the basket,2026080812,7150170,sha256:fd587ec36621ddbd,mps:0,-0.3642857074737549,-0.20892857015132904,-0.543749988079071,0.046071428805589676,0.06857142597436905,0.014999999664723873,-1.0,-0.5249810218811035,0.04536658525466919,-0.7612640261650085,0.0002647471847012639,-0.048922646790742874,0.05193445831537247,-0.9844917058944702,526.2480829842389
5,170,1458,279,278,0.6115107913669064,unrelated,open the top drawer of the cabinet,2026080812,7150170,sha256:fd587ec36621ddbd,mps:0,-0.3642857074737549,-0.20892857015132904,-0.543749988079071,0.046071428805589676,0.06857142597436905,0.014999999664723873,-1.0,-0.42206013202667236,0.43236491084098816,-0.7113465070724487,-0.00885502714663744,-0.04180667921900749,0.11062900722026825,-0.9907353520393372,541.4677918888628
5,183,1471,279,278,0.658273381294964,correct,put both the cream cheese box and the butter in the basket,2026080812,7150183,sha256:0a201498705f9712,mps:0,-0.0535714291036129,0.04553571343421936,-0.0669642835855484,0.0,0.04821428656578064,0.019285714253783226,1.0,0.07185691595077515,-0.009668499231338501,0.48542794585227966,-0.000938387296628207,0.05152323842048645,-0.02655348926782608,0.9852516055107117,536.4205411169678
5,183,1471,279,278,0.658273381294964,paraphrase,place the cream cheese box and the butter together inside the basket,2026080812,7150183,sha256:0a201498705f9712,mps:0,-0.0535714291036129,0.04553571343421936,-0.0669642835855484,0.0,0.04821428656578064,0.019285714253783226,1.0,-0.053479500114917755,-0.029453441500663757,0.28398826718330383,-4.383129999041557e-05,0.03474071994423866,-0.023328132927417755,0.9842967391014099,506.3817910850048
5,183,1471,279,278,0.658273381294964,contradictory,put the cream cheese box in the basket but leave the butter outside the basket,2026080812,7150183,sha256:0a201498705f9712,mps:0,-0.0535714291036129,0.04553571343421936,-0.0669642835855484,0.0,0.04821428656578064,0.019285714253783226,1.0,-0.08091054111719131,-0.030342213809490204,0.06316331773996353,-0.0015709607396274805,0.04635510966181755,-0.020998617634177208,0.9929443001747131,526.7412920948118
5,183,1471,279,278,0.658273381294964,unrelated,open the top drawer of the cabinet,2026080812,7150183,sha256:0a201498705f9712,mps:0,-0.0535714291036129,0.04553571343421936,-0.0669642835855484,0.0,0.04821428656578064,0.019285714253783226,1.0,-0.09525474160909653,0.010614842176437378,-0.008170388638973236,-0.002290294738486409,0.05906357243657112,-0.018935441970825195,0.9996926188468933,528.2054170966148
5,206,1494,279,278,0.7410071942446043,correct,put both the cream cheese box and the butter in the basket,2026080812,7150206,sha256:4723e80636663fc4,mps:0,-0.13660714030265808,0.05624999850988388,-0.5142857432365417,0.0,0.03857142850756645,0.019285714253783226,-1.0,-0.16088375449180603,0.002726025879383087,-0.8070701956748962,-0.00509278941899538,-0.025299206376075745,-0.008518473245203495,-0.9912267327308655,554.1915830690414
5,206,1494,279,278,0.7410071942446043,paraphrase,place the cream cheese box and the butter together inside the basket,2026080812,7150206,sha256:4723e80636663fc4,mps:0,-0.13660714030265808,0.05624999850988388,-0.5142857432365417,0.0,0.03857142850756645,0.019285714253783226,-1.0,-0.2517680525779724,-0.020119234919548035,-0.821009635925293,-0.0028162540402263403,-0.02988532930612564,-0.0021699685603380203,-0.9871683716773987,524.8342920094728
5,206,1494,279,278,0.7410071942446043,contradictory,put the cream cheese box in the basket but leave the butter outside the basket,2026080812,7150206,sha256:4723e80636663fc4,mps:0,-0.13660714030265808,0.05624999850988388,-0.5142857432365417,0.0,0.03857142850756645,0.019285714253783226,-1.0,-0.2729930579662323,-0.025263473391532898,-0.7642078995704651,-0.0010340926237404346,-0.020213298499584198,-0.012918222695589066,-0.9913758039474487,540.2477500028908
5,206,1494,279,278,0.7410071942446043,unrelated,open the top drawer of the cabinet,2026080812,7150206,sha256:4723e80636663fc4,mps:0,-0.13660714030265808,0.05624999850988388,-0.5142857432365417,0.0,0.03857142850756645,0.019285714253783226,-1.0,-0.2853967249393463,0.046500612050294876,-0.8431499004364014,-0.01763821579515934,-0.025385871529579163,-0.016858650371432304,-0.9938547611236572,523.066708818078
5,218,1506,279,278,0.7841726618705036,correct,put both the cream cheese box and the butter in the basket,2026080812,7150218,sha256:0a5838f5d7525a43,mps:0,0.2008928507566452,0.0,0.7366071343421936,0.0,0.0,-0.024642856791615486,1.0,0.3916913568973541,0.25708097219467163,0.7526082992553711,-0.006938164122402668,-0.03643723204731941,-0.040163032710552216,0.9995774626731873,544.4360000547022
5,218,1506,279,278,0.7841726618705036,paraphrase,place the cream cheese box and the butter together inside the basket,2026080812,7150218,sha256:0a5838f5d7525a43,mps:0,0.2008928507566452,0.0,0.7366071343421936,0.0,0.0,-0.024642856791615486,1.0,0.2765995264053345,0.3198135495185852,0.6919034123420715,-0.004994803108274937,-0.05699806287884712,-0.04018440097570419,1.0085095167160034,511.7254580836743
5,218,1506,279,278,0.7841726618705036,contradictory,put the cream cheese box in the basket but leave the butter outside the basket,2026080812,7150218,sha256:0a5838f5d7525a43,mps:0,0.2008928507566452,0.0,0.7366071343421936,0.0,0.0,-0.024642856791615486,1.0,0.2851006090641022,0.2647744119167328,0.5283252000808716,-0.006795516237616539,-0.05317399650812149,-0.04706501215696335,0.9956647753715515,536.8674171622843
5,218,1506,279,278,0.7841726618705036,unrelated,open the top drawer of the cabinet,2026080812,7150218,sha256:0a5838f5d7525a43,mps:0,0.2008928507566452,0.0,0.7366071343421936,0.0,0.0,-0.024642856791615486,1.0,0.18068554997444153,0.26110658049583435,0.03878279775381088,-0.008138165809214115,-0.07640404254198074,-0.04297063499689102,1.0156053304672241,524.0240418352187
5,230,1518,279,278,0.8273381294964028,correct,put both the cream cheese box and the butter in the basket,2026080812,7150230,sha256:727d9925731cdbf0,mps:0,-0.05892857164144516,0.4446428716182709,0.65625,0.0,0.025714285671710968,-0.034285712987184525,1.0,-0.17698198556900024,0.1427551507949829,0.7414053678512573,0.04081146419048309,0.009693551808595657,-0.051509372889995575,1.0023051500320435,544.9618750717491
5,230,1518,279,278,0.8273381294964028,paraphrase,place the cream cheese box and the butter together inside the basket,2026080812,7150230,sha256:727d9925731cdbf0,mps:0,-0.05892857164144516,0.4446428716182709,0.65625,0.0,0.025714285671710968,-0.034285712987184525,1.0,-0.31392914056777954,0.29127246141433716,0.5193823575973511,0.05841615051031113,-0.009323627687990665,-0.058267511427402496,1.0011906623840332,528.0379168689251
5,230,1518,279,278,0.8273381294964028,contradictory,put the cream cheese box in the basket but leave the butter outside the basket,2026080812,7150230,sha256:727d9925731cdbf0,mps:0,-0.05892857164144516,0.4446428716182709,0.65625,0.0,0.025714285671710968,-0.034285712987184525,1.0,-0.23181211948394775,-0.15277642011642456,-0.058603618294000626,0.046962618827819824,0.023015573620796204,-0.06556466221809387,-0.9782106280326843,530.2479160018265
5,230,1518,279,278,0.8273381294964028,unrelated,open the top drawer of the cabinet,2026080812,7150230,sha256:727d9925731cdbf0,mps:0,-0.05892857164144516,0.4446428716182709,0.65625,0.0,0.025714285671710968,-0.034285712987184525,1.0,-0.4616313576698303,-0.21806654334068298,-0.34294527769088745,0.05748743191361427,0.04924575611948967,-0.08664670586585999,-0.98015958070755,559.2927499674261
5,241,1529,279,278,0.8669064748201439,correct,put both the cream cheese box and the butter in the basket,2026080812,7150241,sha256:0fdcd4537516f6ee,mps:0,-0.6535714268684387,0.5946428775787354,-0.1607142835855484,-0.0503571443259716,-0.09428571164608002,-0.0,1.0,-0.16152247786521912,0.7153002619743347,-0.11363688111305237,0.002395195420831442,0.009742062538862228,-0.007489753887057304,1.0137470960617065,578.9566249586642
5,241,1529,279,278,0.8669064748201439,paraphrase,place the cream cheese box and the butter together inside the basket,2026080812,7150241,sha256:0fdcd4537516f6ee,mps:0,-0.6535714268684387,0.5946428775787354,-0.1607142835855484,-0.0503571443259716,-0.09428571164608002,-0.0,1.0,-0.12814760208129883,0.7015296220779419,-0.2423182725906372,0.013084475882351398,0.0009713512845337391,-0.014480180107057095,1.0093309879302979,520.8672501612455
5,241,1529,279,278,0.8669064748201439,contradictory,put the cream cheese box in the basket but leave the butter outside the basket,2026080812,7150241,sha256:0fdcd4537516f6ee,mps:0,-0.6535714268684387,0.5946428775787354,-0.1607142835855484,-0.0503571443259716,-0.09428571164608002,-0.0,1.0,-0.058758921921253204,0.4711472988128662,-0.3404846489429474,0.03199101611971855,-0.0016641258262097836,-0.02405202016234398,1.0072358846664429,534.0777919627726
5,241,1529,279,278,0.8669064748201439,unrelated,open the top drawer of the cabinet,2026080812,7150241,sha256:0fdcd4537516f6ee,mps:0,-0.6535714268684387,0.5946428775787354,-0.1607142835855484,-0.0503571443259716,-0.09428571164608002,-0.0,1.0,-0.21162039041519165,-0.2222365438938141,-0.352697491645813,0.036171019077301025,0.05683702602982521,-0.044985584914684296,-0.9878138899803162,528.3214170485735
5,252,1540,279,278,0.9064748201438849,correct,put both the cream cheese box and the butter in the basket,2026080812,7150252,sha256:3d7bcf67d3bf0784,mps:0,0.3214285671710968,0.2973214387893677,-0.1741071492433548,0.007499999832361937,0.15857142210006714,0.0053571430034935474,1.0,-0.04282202571630478,0.184418186545372,-0.13042543828487396,-0.020867154002189636,0.07382669299840927,0.020843228325247765,-1.0164110660552979,551.3466249685735
5,252,1540,279,278,0.9064748201438849,paraphrase,place the cream cheese box and the butter together inside the basket,2026080812,7150252,sha256:3d7bcf67d3bf0784,mps:0,0.3214285671710968,0.2973214387893677,-0.1741071492433548,0.007499999832361937,0.15857142210006714,0.0053571430034935474,1.0,-0.06365083903074265,0.26092636585235596,-0.24435290694236755,-0.0028303423896431923,0.07494042813777924,0.02514839731156826,1.0082193613052368,560.2101250551641
5,252,1540,279,278,0.9064748201438849,contradictory,put the cream cheese box in the basket but leave the butter outside the basket,2026080812,7150252,sha256:3d7bcf67d3bf0784,mps:0,0.3214285671710968,0.2973214387893677,-0.1741071492433548,0.007499999832361937,0.15857142210006714,0.0053571430034935474,1.0,-0.008586302399635315,0.09449154138565063,0.021282151341438293,-0.009869747795164585,0.05815107375383377,-0.004479296505451202,-0.9922410249710083,528.4367499407381
5,252,1540,279,278,0.9064748201438849,unrelated,open the top drawer of the cabinet,2026080812,7150252,sha256:3d7bcf67d3bf0784,mps:0,0.3214285671710968,0.2973214387893677,-0.1741071492433548,0.007499999832361937,0.15857142210006714,0.0053571430034935474,1.0,-0.03340589255094528,0.07384718954563141,-0.010390162467956543,-0.015367366373538971,0.0805990993976593,0.015822388231754303,-1.0034669637680054,560.6110410299152
5,278,1566,279,278,1.0,correct,put both the cream cheese box and the butter in the basket,2026080812,7150278,sha256:2c6406c90ca50e77,mps:0,0.07232142984867096,-0.09375,-0.0,0.0,0.0,-0.04928571358323097,-1.0,0.15849441289901733,0.0626237690448761,0.11287083476781845,-0.0056877885945141315,0.04535500705242157,-0.01720612123608589,-0.9984107613563538,575.631249928847
5,278,1566,279,278,1.0,paraphrase,place the cream cheese box and the butter together inside the basket,2026080812,7150278,sha256:2c6406c90ca50e77,mps:0,0.07232142984867096,-0.09375,-0.0,0.0,0.0,-0.04928571358323097,-1.0,0.1237444132566452,0.07158510386943817,0.07552545517683029,-0.003051686566323042,0.032256074249744415,-0.013239284977316856,-1.000876545906067,545.7694579381496
5,278,1566,279,278,1.0,contradictory,put the cream cheese box in the basket but leave the butter outside the basket,2026080812,7150278,sha256:2c6406c90ca50e77,mps:0,0.07232142984867096,-0.09375,-0.0,0.0,0.0,-0.04928571358323097,-1.0,0.17134076356887817,0.12611961364746094,0.2140209674835205,-0.016902681440114975,0.05400429666042328,-0.02440190501511097,-0.9944064617156982,542.3926669172943
5,278,1566,279,278,1.0,unrelated,open the top drawer of the cabinet,2026080812,7150278,sha256:2c6406c90ca50e77,mps:0,0.07232142984867096,-0.09375,-0.0,0.0,0.0,-0.04928571358323097,-1.0,0.19246622920036316,0.09679309278726578,0.17554941773414612,-0.015292558819055557,0.051725514233112335,-0.0036119860596954823,-1.0032764673233032,557.9194999299943
6,0,1567,303,302,0.0,correct,put both the cream cheese box and the butter in the basket,2026080813,7160000,sha256:f4545ba941310b2a,mps:0,0.02142857201397419,0.0,-0.0,0.0,0.004285714123398066,-0.0,-1.0,0.08435234427452087,-0.07954514026641846,-0.20946207642555237,-0.0010433988645672798,-0.0070408303290605545,0.0218174010515213,-1.0048017501831055,583.7746250908822
6,0,1567,303,302,0.0,paraphrase,place the cream cheese box and the butter together inside the basket,2026080813,7160000,sha256:f4545ba941310b2a,mps:0,0.02142857201397419,0.0,-0.0,0.0,0.004285714123398066,-0.0,-1.0,0.158232182264328,-0.10889984667301178,-0.29153332114219666,-0.00032767432276159525,-0.01115573663264513,0.014847137033939362,-1.0038264989852905,553.3214169554412
6,0,1567,303,302,0.0,contradictory,put the cream cheese box in the basket but leave the butter outside the basket,2026080813,7160000,sha256:f4545ba941310b2a,mps:0,0.02142857201397419,0.0,-0.0,0.0,0.004285714123398066,-0.0,-1.0,-0.016982585191726685,-0.00398610532283783,-0.23599880933761597,0.0001159300736617297,-0.008737942203879356,0.013231556862592697,-1.001099705696106,566.5908330120146
6,0,1567,303,302,0.0,unrelated,open the top drawer of the cabinet,2026080813,7160000,sha256:f4545ba941310b2a,mps:0,0.02142857201397419,0.0,-0.0,0.0,0.004285714123398066,-0.0,-1.0,-0.08087477833032608,-0.4039362668991089,-0.26168450713157654,-0.0040525635704398155,0.004281316418200731,0.06112850457429886,-0.9975109100341797,563.0314170848578
6,27,1594,303,302,0.08940397350993377,correct,put both the cream cheese box and the butter in the basket,2026080813,7160027,sha256:952a9bd8dcfb37ca,mps:0,0.4928571283817291,-0.731249988079071,-0.15803571045398712,0.02250000089406967,0.0,-0.009642857126891613,-1.0,0.5727531313896179,-0.7064764499664307,-0.005851812660694122,0.04221026599407196,0.01019361987709999,0.012181617319583893,-1.013556957244873,603.1326251104474
6,27,1594,303,302,0.08940397350993377,paraphrase,place the cream cheese box and the butter together inside the basket,2026080813,7160027,sha256:952a9bd8dcfb37ca,mps:0,0.4928571283817291,-0.731249988079071,-0.15803571045398712,0.02250000089406967,0.0,-0.009642857126891613,-1.0,0.5606014132499695,-0.651035726070404,-0.1202000305056572,0.05175098776817322,0.0014710836112499237,0.004158675670623779,-1.0177741050720215,546.4889579452574
6,27,1594,303,302,0.08940397350993377,contradictory,put the cream cheese box in the basket but leave the butter outside the basket,2026080813,7160027,sha256:952a9bd8dcfb37ca,mps:0,0.4928571283817291,-0.731249988079071,-0.15803571045398712,0.02250000089406967,0.0,-0.009642857126891613,-1.0,0.5064054727554321,-0.6123864054679871,-0.02446669340133667,0.04303686320781708,0.009800506755709648,-0.0014502673875540495,-1.0017437934875488,569.7466251440346
6,27,1594,303,302,0.08940397350993377,unrelated,open the top drawer of the cabinet,2026080813,7160027,sha256:952a9bd8dcfb37ca,mps:0,0.4928571283817291,-0.731249988079071,-0.15803571045398712,0.02250000089406967,0.0,-0.009642857126891613,-1.0,0.15529677271842957,-0.706421971321106,-0.08608974516391754,0.017643196508288383,0.015729740262031555,0.06217966973781586,-0.9902262687683105,572.6792919449508
6,30,1597,303,302,0.09933774834437085,correct,put both the cream cheese box and the butter in the basket,2026080813,7160030,sha256:59d0fa7dac03bf8f,mps:0,0.43660715222358704,-0.6321428418159485,-0.38035714626312256,0.028928572311997414,0.0,-0.0053571430034935474,-1.0,0.38495171070098877,-0.3956851065158844,-0.40119442343711853,0.0037082997150719166,-0.0282241553068161,-0.011081277392804623,-1.0096116065979004,584.7120829857886
6,30,1597,303,302,0.09933774834437085,paraphrase,place the cream cheese box and the butter together inside the basket,2026080813,7160030,sha256:59d0fa7dac03bf8f,mps:0,0.43660715222358704,-0.6321428418159485,-0.38035714626312256,0.028928572311997414,0.0,-0.0053571430034935474,-1.0,0.22064632177352905,-0.16504544019699097,-0.6464467644691467,0.005923036020249128,-0.04973917827010155,-0.00958484411239624,-1.0074005126953125,561.45462510176
6,30,1597,303,302,0.09933774834437085,contradictory,put the cream cheese box in the basket but leave the butter outside the basket,2026080813,7160030,sha256:59d0fa7dac03bf8f,mps:0,0.43660715222358704,-0.6321428418159485,-0.38035714626312256,0.028928572311997414,0.0,-0.0053571430034935474,-1.0,0.07284364849328995,-0.08765493333339691,-0.6512420773506165,0.004760477691888809,-0.045917682349681854,-0.011142456904053688,-1.00733482837677,563.3539999835193
6,30,1597,303,302,0.09933774834437085,unrelated,open the top drawer of the cabinet,2026080813,7160030,sha256:59d0fa7dac03bf8f,mps:0,0.43660715222358704,-0.6321428418159485,-0.38035714626312256,0.028928572311997414,0.0,-0.0053571430034935474,-1.0,-0.217161625623703,-0.19434359669685364,-0.6577041745185852,-0.002114617731422186,-0.0414285883307457,0.0636088028550148,-1.0045851469039917,573.5945000778884
6,46,1613,303,302,0.152317880794702,correct,put both the cream cheese box and the butter in the basket,2026080813,7160046,sha256:635d7867345bcc8d,mps:0,0.05892857164144516,-0.008035714738070965,-0.7071428298950195,0.034285712987184525,0.028928572311997414,-0.07607142627239227,-1.0,-0.11632896214723587,0.24582095444202423,-0.4744196832180023,-0.012545740231871605,-0.0010408395901322365,0.036577969789505005,-1.0089255571365356,585.8008340001106
6,46,1613,303,302,0.152317880794702,paraphrase,place the cream cheese box and the butter together inside the basket,2026080813,7160046,sha256:635d7867345bcc8d,mps:0,0.05892857164144516,-0.008035714738070965,-0.7071428298950195,0.034285712987184525,0.028928572311997414,-0.07607142627239227,-1.0,-0.23929715156555176,0.26304876804351807,-0.5088952779769897,-0.010007796809077263,-0.004401191137731075,0.02985048107802868,-1.0047012567520142,550.2627089153975
6,46,1613,303,302,0.152317880794702,contradictory,put the cream cheese box in the basket but leave the butter outside the basket,2026080813,7160046,sha256:635d7867345bcc8d,mps:0,0.05892857164144516,-0.008035714738070965,-0.7071428298950195,0.034285712987184525,0.028928572311997414,-0.07607142627239227,-1.0,-0.26668429374694824,0.25719451904296875,-0.3363278806209564,-0.020105477422475815,-0.0003759716637432575,0.013306273147463799,-0.9981001019477844,576.1690000072122
6,46,1613,303,302,0.152317880794702,unrelated,open the top drawer of the cabinet,2026080813,7160046,sha256:635d7867345bcc8d,mps:0,0.05892857164144516,-0.008035714738070965,-0.7071428298950195,0.034285712987184525,0.028928572311997414,-0.07607142627239227,-1.0,-0.2325860559940338,0.5518571138381958,-0.38853755593299866,-0.011380660347640514,0.002419595140963793,0.132650226354599,-0.9944512844085693,562.6538752112538
6,70,1637,303,302,0.23178807947019867,correct,put both the cream cheese box and the butter in the basket,2026080813,7160070,sha256:51f8149b02368796,mps:0,0.3053571283817291,0.4580357074737549,0.9375,-0.031071428209543228,0.003214285708963871,-0.0,1.0,-0.06510283797979355,-0.006649792194366455,0.6594058871269226,-0.0018703651148825884,-0.01878456026315689,-0.022297166287899017,1.0055793523788452,584.5220831688493
6,70,1637,303,302,0.23178807947019867,paraphrase,place the cream cheese box and the butter together inside the basket,2026080813,7160070,sha256:51f8149b02368796,mps:0,0.3053571283817291,0.4580357074737549,0.9375,-0.031071428209543228,0.003214285708963871,-0.0,1.0,-0.19493037462234497,-0.07603998482227325,0.06138763576745987,-0.0007406719378195703,-0.029085896909236908,-0.01296471618115902,1.0117285251617432,544.2754589021206
6,70,1637,303,302,0.23178807947019867,contradictory,put the cream cheese box in the basket but leave the butter outside the basket,2026080813,7160070,sha256:51f8149b02368796,mps:0,0.3053571283817291,0.4580357074737549,0.9375,-0.031071428209543228,0.003214285708963871,-0.0,1.0,-0.16464650630950928,-0.09759773313999176,-0.0982370674610138,-0.000506398908328265,-0.017729084938764572,-0.020265299826860428,1.0022854804992676,570.4834579955786
6,70,1637,303,302,0.23178807947019867,unrelated,open the top drawer of the cabinet,2026080813,7160070,sha256:51f8149b02368796,mps:0,0.3053571283817291,0.4580357074737549,0.9375,-0.031071428209543228,0.003214285708963871,-0.0,1.0,-0.31095197796821594,-0.11781682074069977,-0.3126031756401062,-0.00035682827001437545,-0.03261755034327507,-0.005059769377112389,-1.0006647109985352,572.9243748355657
6,84,1651,303,302,0.2781456953642384,correct,put both the cream cheese box and the butter in the basket,2026080813,7160084,sha256:b65ebe80d48b7914,mps:0,-0.5276785492897034,0.7285714149475098,0.17142857611179352,-0.06750000268220901,0.008571428246796131,-0.0,1.0,-0.18923580646514893,0.8199731111526489,0.41861751675605774,-0.0018622546922415495,-0.002219388261437416,0.018334878608584404,1.000868320465088,564.1447079833597
6,84,1651,303,302,0.2781456953642384,paraphrase,place the cream cheese box and the butter together inside the basket,2026080813,7160084,sha256:b65ebe80d48b7914,mps:0,-0.5276785492897034,0.7285714149475098,0.17142857611179352,-0.06750000268220901,0.008571428246796131,-0.0,1.0,-0.16667434573173523,0.8460690379142761,0.3234577476978302,-0.0014875398483127356,-0.01055822428315878,0.014208471402525902,1.0080680847167969,527.6365000754595
6,84,1651,303,302,0.2781456953642384,contradictory,put the cream cheese box in the basket but leave the butter outside the basket,2026080813,7160084,sha256:b65ebe80d48b7914,mps:0,-0.5276785492897034,0.7285714149475098,0.17142857611179352,-0.06750000268220901,0.008571428246796131,-0.0,1.0,-0.11397584527730942,0.7704694867134094,0.5533693432807922,-0.002336291130632162,-0.0045868270099163055,0.0048478515818715096,0.99870365858078,552.7537909802049
6,84,1651,303,302,0.2781456953642384,unrelated,open the top drawer of the cabinet,2026080813,7160084,sha256:b65ebe80d48b7914,mps:0,-0.5276785492897034,0.7285714149475098,0.17142857611179352,-0.06750000268220901,0.008571428246796131,-0.0,1.0,-0.007988877594470978,0.04450484737753868,0.4208976924419403,-0.004860688000917435,0.028958197683095932,0.042054325342178345,-0.9864752888679504,592.7281249314547
6,104,1671,303,302,0.3443708609271523,correct,put both the cream cheese box and the butter in the basket,2026080813,7160104,sha256:ac1333e7dfdeb805,mps:0,-0.02410714328289032,0.84375,0.02410714328289032,0.027857143431901932,0.0053571430034935474,0.018214285373687744,1.0,0.028888806700706482,0.7618476748466492,0.16978499293327332,-0.002558144275099039,-0.02426489070057869,0.012528551742434502,1.0059783458709717,582.6760840136558
6,104,1671,303,302,0.3443708609271523,paraphrase,place the cream cheese box and the butter together inside the basket,2026080813,7160104,sha256:ac1333e7dfdeb805,mps:0,-0.02410714328289032,0.84375,0.02410714328289032,0.027857143431901932,0.0053571430034935474,0.018214285373687744,1.0,0.029845446348190308,0.7996776103973389,0.04088788479566574,-0.0015349916648119688,-0.03723609820008278,0.010031784884631634,1.0147777795791626,555.4059999994934
6,104,1671,303,302,0.3443708609271523,contradictory,put the cream cheese box in the basket but leave the butter outside the basket,2026080813,7160104,sha256:ac1333e7dfdeb805,mps:0,-0.02410714328289032,0.84375,0.02410714328289032,0.027857143431901932,0.0053571430034935474,0.018214285373687744,1.0,0.19960853457450867,0.6818666458129883,0.3740294873714447,-0.0014252429828047752,-0.036298636347055435,-0.005361122079193592,1.0116099119186401,560.9415408689529
6,104,1671,303,302,0.3443708609271523,unrelated,open the top drawer of the cabinet,2026080813,7160104,sha256:ac1333e7dfdeb805,mps:0,-0.02410714328289032,0.84375,0.02410714328289032,0.027857143431901932,0.0053571430034935474,0.018214285373687744,1.0,0.16582448780536652,-0.12799760699272156,0.2610844075679779,-0.012379189021885395,-0.017759103327989578,0.010392259806394577,-0.9845498204231262,562.0118328370154
6,114,1681,303,302,0.37748344370860926,correct,put both the cream cheese box and the butter in the basket,2026080813,7160114,sha256:1fc6c201303143dd,mps:0,0.0,0.6080357432365417,-0.4446428716182709,0.01607142947614193,0.006428571417927742,0.020357143133878708,1.0,0.28482702374458313,0.08494552224874496,0.11964204162359238,-0.0030708415433764458,0.05264759063720703,-0.055380791425704956,1.0115386247634888,572.5816669873893
6,114,1681,303,302,0.37748344370860926,paraphrase,place the cream cheese box and the butter together inside the basket,2026080813,7160114,sha256:1fc6c201303143dd,mps:0,0.0,0.6080357432365417,-0.4446428716182709,0.01607142947614193,0.006428571417927742,0.020357143133878708,1.0,0.20722395181655884,0.16261634230613708,-0.13422168791294098,0.0018967657815665007,0.035342738032341,-0.04193417727947235,1.0131341218948364,546.4255828410387
6,114,1681,303,302,0.37748344370860926,contradictory,put the cream cheese box in the basket but leave the butter outside the basket,2026080813,7160114,sha256:1fc6c201303143dd,mps:0,0.0,0.6080357432365417,-0.4446428716182709,0.01607142947614193,0.006428571417927742,0.020357143133878708,1.0,0.3510873019695282,0.040613435208797455,0.26809728145599365,-0.007637337315827608,0.03104420006275177,-0.07297737151384354,1.0259052515029907,568.7021249905229
6,114,1681,303,302,0.37748344370860926,unrelated,open the top drawer of the cabinet,2026080813,7160114,sha256:1fc6c201303143dd,mps:0,0.0,0.6080357432365417,-0.4446428716182709,0.01607142947614193,0.006428571417927742,0.020357143133878708,1.0,0.4563221037387848,-0.34228619933128357,0.5103623867034912,-0.005808308720588684,0.04948066920042038,-0.07567127794027328,1.0175307989120483,548.1035420671105
6,134,1701,303,302,0.44370860927152317,correct,put both the cream cheese box and the butter in the basket,2026080813,7160134,sha256:e1d580806084e198,mps:0,0.0,-0.02946428582072258,0.14464285969734192,0.03642857074737549,0.0,-0.003214285708963871,-1.0,-0.012445174157619476,0.0047898069024086,0.058001019060611725,-0.0013013065326958895,-0.0005931919440627098,-0.012735376134514809,-0.9967693090438843,579.8046248964965
6,134,1701,303,302,0.44370860927152317,paraphrase,place the cream cheese box and the butter together inside the basket,2026080813,7160134,sha256:e1d580806084e198,mps:0,0.0,-0.02946428582072258,0.14464285969734192,0.03642857074737549,0.0,-0.003214285708963871,-1.0,-0.02274266630411148,0.006471678614616394,0.027116619050502777,3.760826075449586e-05,-0.008406481705605984,-0.01177523285150528,-1.0028674602508545,543.6081250663847
6,134,1701,303,302,0.44370860927152317,contradictory,put the cream cheese box in the basket but leave the butter outside the basket,2026080813,7160134,sha256:e1d580806084e198,mps:0,0.0,-0.02946428582072258,0.14464285969734192,0.03642857074737549,0.0,-0.003214285708963871,-1.0,0.0021777935326099396,0.022973738610744476,0.1240580752491951,-0.002194842090830207,0.0028427811339497566,-0.020955890417099,-0.992866039276123,563.6927501764148
6,134,1701,303,302,0.44370860927152317,unrelated,open the top drawer of the cabinet,2026080813,7160134,sha256:e1d580806084e198,mps:0,0.0,-0.02946428582072258,0.14464285969734192,0.03642857074737549,0.0,-0.003214285708963871,-1.0,-0.002751961350440979,-0.07505866885185242,0.1368899643421173,-0.002195167588070035,0.007201331201940775,-0.004735519178211689,-0.9940565824508667,578.9630839135498
6,146,1713,303,302,0.48344370860927155,correct,put both the cream cheese box and the butter in the basket,2026080813,7160146,sha256:47c48f3cee94110f,mps:0,0.35624998807907104,-0.8571428656578064,-0.01875000074505806,0.0835714265704155,-0.007499999832361937,-0.0,-1.0,0.016397617757320404,-0.25279298424720764,0.10443278402090073,0.013091623783111572,0.05383698642253876,-0.047657787799835205,-0.9971665740013123,582.535499939695
6,146,1713,303,302,0.48344370860927155,paraphrase,place the cream cheese box and the butter together inside the basket,2026080813,7160146,sha256:47c48f3cee94110f,mps:0,0.35624998807907104,-0.8571428656578064,-0.01875000074505806,0.0835714265704155,-0.007499999832361937,-0.0,-1.0,-0.03472477197647095,-0.14428763091564178,0.02343083918094635,0.01332857646048069,0.03624933958053589,-0.04066034406423569,-1.0057566165924072,552.0953331142664
6,146,1713,303,302,0.48344370860927155,contradictory,put the cream cheese box in the basket but leave the butter outside the basket,2026080813,7160146,sha256:47c48f3cee94110f,mps:0,0.35624998807907104,-0.8571428656578064,-0.01875000074505806,0.0835714265704155,-0.007499999832361937,-0.0,-1.0,-0.013560257852077484,-0.05205945670604706,0.10845843702554703,2.2844120394438505e-05,0.058246660977602005,-0.04854808747768402,-1.0053101778030396,565.038374857977
6,146,1713,303,302,0.48344370860927155,unrelated,open the top drawer of the cabinet,2026080813,7160146,sha256:47c48f3cee94110f,mps:0,0.35624998807907104,-0.8571428656578064,-0.01875000074505806,0.0835714265704155,-0.007499999832361937,-0.0,-1.0,-0.05798599123954773,-0.17665618658065796,0.1371230185031891,-0.0012744010891765356,0.05974515900015831,-0.03355393931269646,-1.0097806453704834,567.5812910776585
6,159,1726,303,302,0.5264900662251656,correct,put both the cream cheese box and the butter in the basket,2026080813,7160159,sha256:9d7e75918f17cfb4,mps:0,0.18214285373687744,-0.5330356955528259,-0.3214285671710968,0.0,-0.04392857104539871,-0.0,-1.0,0.07404252886772156,-0.10913297533988953,-0.7639117240905762,-9.861425496637821e-05,-0.04015844687819481,-0.0033118827268481255,-0.9908236265182495,608.9137499220669
6,159,1726,303,302,0.5264900662251656,paraphrase,place the cream cheese box and the butter together inside the basket,2026080813,7160159,sha256:9d7e75918f17cfb4,mps:0,0.18214285373687744,-0.5330356955528259,-0.3214285671710968,0.0,-0.04392857104539871,-0.0,-1.0,-0.12662392854690552,-0.06455615162849426,-0.8045527338981628,0.00018391344929113984,-0.044212792068719864,0.0015708855353295803,-0.9895392060279846,542.0441250316799
6,159,1726,303,302,0.5264900662251656,contradictory,put the cream cheese box in the basket but leave the butter outside the basket,2026080813,7160159,sha256:9d7e75918f17cfb4,mps:0,0.18214285373687744,-0.5330356955528259,-0.3214285671710968,0.0,-0.04392857104539871,-0.0,-1.0,-0.2084786593914032,-0.056203365325927734,-0.7847204804420471,0.0014367372496053576,-0.02267935499548912,-0.00731938611716032,-0.9902619123458862,574.8586668632925
6,159,1726,303,302,0.5264900662251656,unrelated,open the top drawer of the cabinet,2026080813,7160159,sha256:9d7e75918f17cfb4,mps:0,0.18214285373687744,-0.5330356955528259,-0.3214285671710968,0.0,-0.04392857104539871,-0.0,-1.0,-0.35088199377059937,-0.01205473393201828,-0.7703658938407898,-0.01900678314268589,-0.03914375230669975,0.012550149112939835,-0.9992954730987549,562.2933339327574
6,175,1742,303,302,0.5794701986754967,correct,put both the cream cheese box and the butter in the basket,2026080813,7160175,sha256:e346e3698b6a28ca,mps:0,0.0,0.19017857313156128,-0.5383928418159485,0.0,-0.07607142627239227,0.019285714253783226,-1.0,-0.015114806592464447,0.14800581336021423,-0.6080614328384399,-0.0029392666183412075,0.01936570182442665,0.015704268589615822,-0.990679144859314,578.4212909638882
6,175,1742,303,302,0.5794701986754967,paraphrase,place the cream cheese box and the butter together inside the basket,2026080813,7160175,sha256:e346e3698b6a28ca,mps:0,0.0,0.19017857313156128,-0.5383928418159485,0.0,-0.07607142627239227,0.019285714253783226,-1.0,-0.09439221769571304,0.10665486007928848,-0.6258692145347595,-0.001427144045010209,0.01222577691078186,0.01562175340950489,-0.9889490008354187,542.8231249097735
6,175,1742,303,302,0.5794701986754967,contradictory,put the cream cheese box in the basket but leave the butter outside the basket,2026080813,7160175,sha256:e346e3698b6a28ca,mps:0,0.0,0.19017857313156128,-0.5383928418159485,0.0,-0.07607142627239227,0.019285714253783226,-1.0,-0.1059475913643837,0.08394166827201843,-0.5730174779891968,-0.0012692785821855068,0.02663443610072136,0.018238965421915054,-0.9926643371582031,564.9198750033975
6,175,1742,303,302,0.5794701986754967,unrelated,open the top drawer of the cabinet,2026080813,7160175,sha256:e346e3698b6a28ca,mps:0,0.0,0.19017857313156128,-0.5383928418159485,0.0,-0.07607142627239227,0.019285714253783226,-1.0,-0.08155766874551773,0.27004122734069824,-0.625253438949585,-0.004824219737201929,0.03143671154975891,0.04445122927427292,-1.0078974962234497,577.8892089147121
6,181,1748,303,302,0.5993377483443708,correct,put both the cream cheese box and the butter in the basket,2026080813,7160181,sha256:953a16968d993235,mps:0,0.13928571343421936,0.0,-0.15803571045398712,0.0,0.0,-0.011785713955760002,1.0,-0.029882505536079407,0.036230675876140594,-0.35358014702796936,-0.0021593733690679073,-0.014616650529205799,-0.029084499925374985,0.983120858669281,581.5130420960486
6,181,1748,303,302,0.5993377483443708,paraphrase,place the cream cheese box and the butter together inside the basket,2026080813,7160181,sha256:953a16968d993235,mps:0,0.13928571343421936,0.0,-0.15803571045398712,0.0,0.0,-0.011785713955760002,1.0,-0.10445491224527359,-0.0071550458669662476,-0.39834970235824585,-0.0001769420923665166,-0.02176784723997116,-0.030685652047395706,0.9921640753746033,525.147708132863
6,181,1748,303,302,0.5993377483443708,contradictory,put the cream cheese box in the basket but leave the butter outside the basket,2026080813,7160181,sha256:953a16968d993235,mps:0,0.13928571343421936,0.0,-0.15803571045398712,0.0,0.0,-0.011785713955760002,1.0,-0.07161975651979446,0.009189784526824951,-0.3128964900970459,-0.0026949893217533827,-0.007319949567317963,-0.017622465267777443,0.9873320460319519,557.6252918690443
6,181,1748,303,302,0.5993377483443708,unrelated,open the top drawer of the cabinet,2026080813,7160181,sha256:953a16968d993235,mps:0,0.13928571343421936,0.0,-0.15803571045398712,0.0,0.0,-0.011785713955760002,1.0,-0.09122718125581741,0.027881212532520294,-0.36450666189193726,-0.004538762383162975,-0.00960659421980381,-0.011768385767936707,0.9948967099189758,552.354667102918
6,203,1770,303,302,0.6721854304635762,correct,put both the cream cheese box and the butter in the basket,2026080813,7160203,sha256:8b8974ee99771afc,mps:0,0.10446428507566452,-0.09375,-0.6187499761581421,0.04928571358323097,0.06535714119672775,0.004285714123398066,1.0,0.09046350419521332,-0.055137038230895996,0.00020600110292434692,-0.025509415194392204,0.006545358337461948,0.00043955864384770393,-0.971468985080719,537.5899160280824
6,203,1770,303,302,0.6721854304635762,paraphrase,place the cream cheese box and the butter together inside the basket,2026080813,7160203,sha256:8b8974ee99771afc,mps:0,0.10446428507566452,-0.09375,-0.6187499761581421,0.04928571358323097,0.06535714119672775,0.004285714123398066,1.0,0.030543722212314606,-0.08188080787658691,-0.21879252791404724,-0.010353987105190754,-0.008343561552464962,-0.005170055665075779,-0.9753316640853882,541.9342920649797
6,203,1770,303,302,0.6721854304635762,contradictory,put the cream cheese box in the basket but leave the butter outside the basket,2026080813,7160203,sha256:8b8974ee99771afc,mps:0,0.10446428507566452,-0.09375,-0.6187499761581421,0.04928571358323097,0.06535714119672775,0.004285714123398066,1.0,-0.005015075206756592,-0.04949021339416504,-0.1792040467262268,-0.01314610056579113,-0.001017967239022255,-0.007975893095135689,-0.9678179621696472,561.984249856323
6,203,1770,303,302,0.6721854304635762,unrelated,open the top drawer of the cabinet,2026080813,7160203,sha256:8b8974ee99771afc,mps:0,0.10446428507566452,-0.09375,-0.6187499761581421,0.04928571358323097,0.06535714119672775,0.004285714123398066,1.0,0.13781428337097168,-0.044182732701301575,0.37057048082351685,-0.04975132271647453,0.0016728690825402737,0.0023224055767059326,-0.970299243927002,570.4849169123918
6,223,1790,303,302,0.7384105960264901,correct,put both the cream cheese box and the butter in the basket,2026080813,7160223,sha256:4256cc0ff5bb55a4,mps:0,-0.2946428656578064,0.0,-0.15535713732242584,-0.061071429401636124,0.05249999836087227,0.07392857223749161,-1.0,-0.12125537544488907,0.014880463480949402,-0.30115416646003723,-0.002378636272624135,0.009485728107392788,-0.003720649518072605,-0.9867504239082336,582.114625023678
6,223,1790,303,302,0.7384105960264901,paraphrase,place the cream cheese box and the butter together inside the basket,2026080813,7160223,sha256:4256cc0ff5bb55a4,mps:0,-0.2946428656578064,0.0,-0.15535713732242584,-0.061071429401636124,0.05249999836087227,0.07392857223749161,-1.0,-0.2110918164253235,-0.02538473904132843,-0.34949904680252075,-0.0006840432179160416,0.0008366717956960201,-0.00911195483058691,-0.9847817420959473,544.7847088798881
6,223,1790,303,302,0.7384105960264901,contradictory,put the cream cheese box in the basket but leave the butter outside the basket,2026080813,7160223,sha256:4256cc0ff5bb55a4,mps:0,-0.2946428656578064,0.0,-0.15535713732242584,-0.061071429401636124,0.05249999836087227,0.07392857223749161,-1.0,-0.19830641150474548,-0.011592686176300049,-0.26137226819992065,-0.0005144284223206341,0.0127252247184515,-0.010442715138196945,-0.985935389995575,561.3819998688996
6,223,1790,303,302,0.7384105960264901,unrelated,open the top drawer of the cabinet,2026080813,7160223,sha256:4256cc0ff5bb55a4,mps:0,-0.2946428656578064,0.0,-0.15535713732242584,-0.061071429401636124,0.05249999836087227,0.07392857223749161,-1.0,-0.21672114729881287,0.12269099056720734,-0.3494941294193268,-0.012695400975644588,0.006443163380026817,0.0035585230216383934,-0.9972302913665771,554.8493338283151
6,229,1796,303,302,0.7582781456953642,correct,put both the cream cheese box and the butter in the basket,2026080813,7160229,sha256:b25f3c9bc585e008,mps:0,-0.05089285597205162,-0.03214285895228386,-0.0,-0.04500000178813934,0.025714285671710968,0.061071429401636124,1.0,-0.14309045672416687,-0.014459513127803802,-0.16194374859333038,-0.0453367680311203,-0.0019690319895744324,0.012410148978233337,1.0123486518859863,553.2446668948978
6,229,1796,303,302,0.7582781456953642,paraphrase,place the cream cheese box and the butter together inside the basket,2026080813,7160229,sha256:b25f3c9bc585e008,mps:0,-0.05089285597205162,-0.03214285895228386,-0.0,-0.04500000178813934,0.025714285671710968,0.061071429401636124,1.0,-0.3547833561897278,-0.055273398756980896,-0.40008544921875,-0.032277513295412064,-0.014699156396090984,0.013654042035341263,-1.027011752128601,539.2804171424359
6,229,1796,303,302,0.7582781456953642,contradictory,put the cream cheese box in the basket but leave the butter outside the basket,2026080813,7160229,sha256:b25f3c9bc585e008,mps:0,-0.05089285597205162,-0.03214285895228386,-0.0,-0.04500000178813934,0.025714285671710968,0.061071429401636124,1.0,-0.19322243332862854,-0.04022642970085144,-0.19338932633399963,-0.041333019733428955,-0.0007127625867724419,0.0097905732691288,1.0099132061004639,573.5048749484122
6,229,1796,303,302,0.7582781456953642,unrelated,open the top drawer of the cabinet,2026080813,7160229,sha256:b25f3c9bc585e008,mps:0,-0.05089285597205162,-0.03214285895228386,-0.0,-0.04500000178813934,0.025714285671710968,0.061071429401636124,1.0,-0.3911289572715759,0.011811479926109314,-0.3465229570865631,-0.04315948113799095,0.00474251713603735,0.018695799633860588,-1.0134726762771606,562.1837498620152
6,244,1811,303,302,0.8079470198675497,correct,put both the cream cheese box and the butter in the basket,2026080813,7160244,sha256:360b4cf7c044a636,mps:0,0.2008928507566452,0.2973214387893677,0.9375,0.0,0.007499999832361937,-0.03642857074737549,1.0,0.2950824797153473,0.17044857144355774,0.968157172203064,-0.012978832237422466,0.01328226551413536,-0.05615391582250595,0.9841745495796204,552.6501249987632
6,244,1811,303,302,0.8079470198675497,paraphrase,place the cream cheese box and the butter together inside the basket,2026080813,7160244,sha256:360b4cf7c044a636,mps:0,0.2008928507566452,0.2973214387893677,0.9375,0.0,0.007499999832361937,-0.03642857074737549,1.0,0.19525611400604248,0.24080081284046173,0.955756425857544,-0.010601974092423916,0.004045013338327408,-0.05380634963512421,0.983651340007782,544.1240000072867
6,244,1811,303,302,0.8079470198675497,contradictory,put the cream cheese box in the basket but leave the butter outside the basket,2026080813,7160244,sha256:360b4cf7c044a636,mps:0,0.2008928507566452,0.2973214387893677,0.9375,0.0,0.007499999832361937,-0.03642857074737549,1.0,0.2346847951412201,0.15602490305900574,0.8954343199729919,-0.017404166981577873,0.009742488153278828,-0.06032104790210724,0.9841629862785339,550.8477080147713
6,244,1811,303,302,0.8079470198675497,unrelated,open the top drawer of the cabinet,2026080813,7160244,sha256:360b4cf7c044a636,mps:0,0.2008928507566452,0.2973214387893677,0.9375,0.0,0.007499999832361937,-0.03642857074737549,1.0,0.1676679253578186,0.11270156502723694,0.49931374192237854,-0.027375254780054092,0.017224334180355072,-0.054335251450538635,1.0032144784927368,569.3595421034843
6,257,1824,303,302,0.8509933774834437,correct,put both the cream cheese box and the butter in the basket,2026080813,7160257,sha256:efabe3340981546f,mps:0,-0.3214285671710968,0.824999988079071,0.2973214387893677,-0.040714286267757416,0.019285714253783226,0.003214285708963871,1.0,-0.18577024340629578,0.7923644185066223,0.43362560868263245,-0.001244972925633192,-0.007180330343544483,0.018841296434402466,1.0039249658584595,558.2340001128614
6,257,1824,303,302,0.8509933774834437,paraphrase,place the cream cheese box and the butter together inside the basket,2026080813,7160257,sha256:efabe3340981546f,mps:0,-0.3214285671710968,0.824999988079071,0.2973214387893677,-0.040714286267757416,0.019285714253783226,0.003214285708963871,1.0,-0.18725192546844482,0.8367769718170166,0.23278021812438965,-0.0009335011127404869,-0.018205393105745316,0.013492267578840256,1.0079619884490967,549.0213751327246
6,257,1824,303,302,0.8509933774834437,contradictory,put the cream cheese box in the basket but leave the butter outside the basket,2026080813,7160257,sha256:efabe3340981546f,mps:0,-0.3214285671710968,0.824999988079071,0.2973214387893677,-0.040714286267757416,0.019285714253783226,0.003214285708963871,1.0,-0.07126275449991226,0.7176433801651001,0.5099831223487854,-0.0009182545472867787,-0.013757175765931606,0.008355832658708096,0.9980339407920837,570.5692081246525
6,257,1824,303,302,0.8509933774834437,unrelated,open the top drawer of the cabinet,2026080813,7160257,sha256:efabe3340981546f,mps:0,-0.3214285671710968,0.824999988079071,0.2973214387893677,-0.040714286267757416,0.019285714253783226,0.003214285708963871,1.0,-0.022238463163375854,0.03498026356101036,0.29767417907714844,-0.0025436163414269686,0.014056907966732979,0.014658413827419281,-1.0090566873550415,572.4550830200315
6,282,1849,303,302,0.9337748344370861,correct,put both the cream cheese box and the butter in the basket,2026080813,7160282,sha256:ebd3964ac5e7acbf,mps:0,0.0,0.20357142388820648,0.11249999701976776,-0.024642856791615486,-0.006428571417927742,0.03857142850756645,1.0,-0.07320281118154526,0.03154028579592705,0.006817854940891266,0.003833180293440819,-0.07878115773200989,-0.013821990229189396,-0.9904910326004028,601.3369588181376
6,282,1849,303,302,0.9337748344370861,paraphrase,place the cream cheese box and the butter together inside the basket,2026080813,7160282,sha256:ebd3964ac5e7acbf,mps:0,0.0,0.20357142388820648,0.11249999701976776,-0.024642856791615486,-0.006428571417927742,0.03857142850756645,1.0,-0.09196106344461441,0.021081075072288513,-0.04942766949534416,0.011074294336140156,-0.08347310870885849,-0.015074615366756916,-0.99216628074646,545.9512919187546
6,282,1849,303,302,0.9337748344370861,contradictory,put the cream cheese box in the basket but leave the butter outside the basket,2026080813,7160282,sha256:ebd3964ac5e7acbf,mps:0,0.0,0.20357142388820648,0.11249999701976776,-0.024642856791615486,-0.006428571417927742,0.03857142850756645,1.0,-0.058104656636714935,0.029138412326574326,0.06659948080778122,0.0029040579684078693,-0.07775552570819855,-0.026855014264583588,-0.9841532111167908,567.5723748281598
6,282,1849,303,302,0.9337748344370861,unrelated,open the top drawer of the cabinet,2026080813,7160282,sha256:ebd3964ac5e7acbf,mps:0,0.0,0.20357142388820648,0.11249999701976776,-0.024642856791615486,-0.006428571417927742,0.03857142850756645,1.0,-0.07434044033288956,-0.041791245341300964,0.04748689383268356,0.005429619457572699,-0.12821638584136963,-0.016757313162088394,-0.9830357432365417,565.3755830135196
6,302,1869,303,302,1.0,correct,put both the cream cheese box and the butter in the basket,2026080813,7160302,sha256:e40412bf657858eb,mps:0,0.0,-0.04553571343421936,-0.0,0.02678571455180645,0.011785713955760002,-0.0,-1.0,0.13525235652923584,-0.03826984763145447,0.2028750479221344,0.017658138647675514,-0.14036665856838226,-0.04324590414762497,-0.9807819724082947,574.6863749809563
6,302,1869,303,302,1.0,paraphrase,place the cream cheese box and the butter together inside the basket,2026080813,7160302,sha256:e40412bf657858eb,mps:0,0.0,-0.04553571343421936,-0.0,0.02678571455180645,0.011785713955760002,-0.0,-1.0,0.09243554621934891,-0.015290461480617523,0.13726776838302612,0.02222832851111889,-0.16133540868759155,-0.03987447917461395,-0.9863755106925964,572.4224580917507
6,302,1869,303,302,1.0,contradictory,put the cream cheese box in the basket but leave the butter outside the basket,2026080813,7160302,sha256:e40412bf657858eb,mps:0,0.0,-0.04553571343421936,-0.0,0.02678571455180645,0.011785713955760002,-0.0,-1.0,0.0997844934463501,0.022401951253414154,0.27928242087364197,0.011853732168674469,-0.13751575350761414,-0.05576372146606445,-0.9781051874160767,566.2902079056948
6,302,1869,303,302,1.0,unrelated,open the top drawer of the cabinet,2026080813,7160302,sha256:e40412bf657858eb,mps:0,0.0,-0.04553571343421936,-0.0,0.02678571455180645,0.011785713955760002,-0.0,-1.0,0.17647451162338257,-0.17254140973091125,0.34595927596092224,0.016649393364787102,-0.1944558322429657,-0.02895604446530342,-0.9812183976173401,539.8430000059307
7,0,1870,247,246,0.0,correct,put both the cream cheese box and the butter in the basket,2026080814,7170000,sha256:c88caf223c76ed2c,mps:0,0.1339285671710968,0.0,-0.0,-0.020357143133878708,0.034285712987184525,-0.0,-1.0,0.03909359127283096,-0.014561071991920471,-0.1311386674642563,0.021532591432332993,0.023891139775514603,0.021200111135840416,-0.9960224032402039,554.981832858175
7,0,1870,247,246,0.0,paraphrase,place the cream cheese box and the butter together inside the basket,2026080814,7170000,sha256:c88caf223c76ed2c,mps:0,0.1339285671710968,0.0,-0.0,-0.020357143133878708,0.034285712987184525,-0.0,-1.0,0.11600258946418762,-0.01117253303527832,-0.22060298919677734,0.029532911255955696,0.021331235766410828,0.014905780553817749,-1.0001825094223022,550.6621671374887
7,0,1870,247,246,0.0,contradictory,put the cream cheese box in the basket but leave the butter outside the basket,2026080814,7170000,sha256:c88caf223c76ed2c,mps:0,0.1339285671710968,0.0,-0.0,-0.020357143133878708,0.034285712987184525,-0.0,-1.0,0.023197323083877563,0.04023432359099388,-0.14074544608592987,0.02310137264430523,0.013449108228087425,0.010269952937960625,-0.9905722737312317,583.00408301875
7,0,1870,247,246,0.0,unrelated,open the top drawer of the cabinet,2026080814,7170000,sha256:c88caf223c76ed2c,mps:0,0.1339285671710968,0.0,-0.0,-0.020357143133878708,0.034285712987184525,-0.0,-1.0,-0.09701714664697647,-0.36836495995521545,-0.1843414008617401,0.025484571233391762,0.04287368059158325,0.06005023419857025,-0.9964277744293213,568.4373748954386
7,21,1891,247,246,0.08536585365853659,correct,put both the cream cheese box and the butter in the basket,2026080814,7170021,sha256:2fb5d19c7eb830b6,mps:0,0.5705357193946838,-0.7633928656578064,-0.19285714626312256,0.014999999664723873,-0.018214285373687744,-0.0,-1.0,0.5283975601196289,-0.5722342133522034,-0.14753687381744385,0.002688723849132657,-0.003522719256579876,-0.07033749669790268,-0.9920007586479187,577.2549591492862
7,21,1891,247,246,0.08536585365853659,paraphrase,place the cream cheese box and the butter together inside the basket,2026080814,7170021,sha256:2fb5d19c7eb830b6,mps:0,0.5705357193946838,-0.7633928656578064,-0.19285714626312256,0.014999999664723873,-0.018214285373687744,-0.0,-1.0,0.46224865317344666,-0.46979469060897827,-0.31258124113082886,0.0041528791189193726,-0.018801860511302948,-0.08472658693790436,-0.9975704550743103,527.3015419952571
7,21,1891,247,246,0.08536585365853659,contradictory,put the cream cheese box in the basket but leave the butter outside the basket,2026080814,7170021,sha256:2fb5d19c7eb830b6,mps:0,0.5705357193946838,-0.7633928656578064,-0.19285714626312256,0.014999999664723873,-0.018214285373687744,-0.0,-1.0,0.38530224561691284,-0.4105488955974579,-0.26244357228279114,0.0020091072656214237,-0.01919819787144661,-0.08194158971309662,-0.9977952241897583,534.3949580565095
7,21,1891,247,246,0.08536585365853659,unrelated,open the top drawer of the cabinet,2026080814,7170021,sha256:2fb5d19c7eb830b6,mps:0,0.5705357193946838,-0.7633928656578064,-0.19285714626312256,0.014999999664723873,-0.018214285373687744,-0.0,-1.0,0.03385627269744873,-0.5978173613548279,-0.21214066445827484,-0.0009036675910465419,-0.004800673574209213,-0.011143771931529045,-0.9944842457771301,540.9653750248253
7,35,1905,247,246,0.14227642276422764,correct,put both the cream cheese box and the butter in the basket,2026080814,7170035,sha256:225ad91ed82fff31,mps:0,0.1205357164144516,0.03482142835855484,-0.8357142806053162,0.0,-0.1103571429848671,-0.0,-1.0,0.25819864869117737,-0.18862754106521606,-0.707373857498169,0.04491337016224861,-0.0672888308763504,-0.05902417004108429,-1.0147361755371094,568.0048749782145
7,35,1905,247,246,0.14227642276422764,paraphrase,place the cream cheese box and the butter together inside the basket,2026080814,7170035,sha256:225ad91ed82fff31,mps:0,0.1205357164144516,0.03482142835855484,-0.8357142806053162,0.0,-0.1103571429848671,-0.0,-1.0,0.07625570893287659,-0.1299394816160202,-0.7703986763954163,0.05849181488156319,-0.0722663551568985,-0.04366345703601837,-1.0121634006500244,532.9499579966068
7,35,1905,247,246,0.14227642276422764,contradictory,put the cream cheese box in the basket but leave the butter outside the basket,2026080814,7170035,sha256:225ad91ed82fff31,mps:0,0.1205357164144516,0.03482142835855484,-0.8357142806053162,0.0,-0.1103571429848671,-0.0,-1.0,-0.09016142040491104,-0.10027077794075012,-0.7160953283309937,0.04617179185152054,-0.06976840645074844,-0.04694321006536484,-1.0089186429977417,527.029792079702
7,35,1905,247,246,0.14227642276422764,unrelated,open the top drawer of the cabinet,2026080814,7170035,sha256:225ad91ed82fff31,mps:0,0.1205357164144516,0.03482142835855484,-0.8357142806053162,0.0,-0.1103571429848671,-0.0,-1.0,-0.16387319564819336,-0.13923892378807068,-0.8123016357421875,0.047783419489860535,-0.07344643771648407,0.01051647961139679,-0.9988732933998108,528.6347079090774
7,39,1909,247,246,0.15853658536585366,correct,put both the cream cheese box and the butter in the basket,2026080814,7170039,sha256:83f8fa6fd5e5ddbc,mps:0,0.0,0.2705357074737549,-0.7848214507102966,-0.010714286006987095,-0.11999999731779099,-0.0,-1.0,-0.17631670832633972,-0.36107900738716125,-0.6488545536994934,0.002834388054907322,-0.0036993585526943207,0.036921560764312744,-1.00299072265625,545.3164998907596
7,39,1909,247,246,0.15853658536585366,paraphrase,place the cream cheese box and the butter together inside the basket,2026080814,7170039,sha256:83f8fa6fd5e5ddbc,mps:0,0.0,0.2705357074737549,-0.7848214507102966,-0.010714286006987095,-0.11999999731779099,-0.0,-1.0,-0.3639393448829651,-0.34223294258117676,-0.6964460611343384,0.006196741480380297,-0.0061612483114004135,0.028522340580821037,-1.006636381149292,535.7257910072803
7,39,1909,247,246,0.15853658536585366,contradictory,put the cream cheese box in the basket but leave the butter outside the basket,2026080814,7170039,sha256:83f8fa6fd5e5ddbc,mps:0,0.0,0.2705357074737549,-0.7848214507102966,-0.010714286006987095,-0.11999999731779099,-0.0,-1.0,-0.4622080326080322,-0.33145231008529663,-0.5839797854423523,0.0030627066735178232,-0.0036060595884919167,0.01188928633928299,-0.9958358407020569,535.4107921011746
7,39,1909,247,246,0.15853658536585366,unrelated,open the top drawer of the cabinet,2026080814,7170039,sha256:83f8fa6fd5e5ddbc,mps:0,0.0,0.2705357074737549,-0.7848214507102966,-0.010714286006987095,-0.11999999731779099,-0.0,-1.0,-0.48901647329330444,-0.2812815010547638,-0.6436334848403931,-0.0021514100953936577,0.004191052168607712,0.12125302851200104,-0.9879265427589417,535.0085000973195
7,49,1919,247,246,0.1991869918699187,correct,put both the cream cheese box and the butter in the basket,2026080814,7170049,sha256:f887ab444e6a6f4b,mps:0,-0.2973214387893677,-0.16607142984867096,-0.6937500238418579,0.0,-0.056785713881254196,-0.0,-1.0,-0.4029717445373535,0.04534485563635826,-0.5796337723731995,0.00123648252338171,-0.018653731793165207,0.03933709114789963,-1.0058702230453491,535.6092499569058
7,49,1919,247,246,0.1991869918699187,paraphrase,place the cream cheese box and the butter together inside the basket,2026080814,7170049,sha256:f887ab444e6a6f4b,mps:0,-0.2973214387893677,-0.16607142984867096,-0.6937500238418579,0.0,-0.056785713881254196,-0.0,-1.0,-0.540460467338562,0.040672533214092255,-0.5961654186248779,0.002402819460257888,-0.02205885574221611,0.029695862904191017,-1.0086928606033325,514.6606671623886
7,49,1919,247,246,0.1991869918699187,contradictory,put the cream cheese box in the basket but leave the butter outside the basket,2026080814,7170049,sha256:f887ab444e6a6f4b,mps:0,-0.2973214387893677,-0.16607142984867096,-0.6937500238418579,0.0,-0.056785713881254196,-0.0,-1.0,-0.4196930229663849,0.041988879442214966,-0.38640961050987244,-0.00011638813884928823,-0.004076031967997551,0.01235075294971466,1.006727933883667,534.4045411329716
7,49,1919,247,246,0.1991869918699187,unrelated,open the top drawer of the cabinet,2026080814,7170049,sha256:f887ab444e6a6f4b,mps:0,-0.2973214387893677,-0.16607142984867096,-0.6937500238418579,0.0,-0.056785713881254196,-0.0,-1.0,-0.6108822822570801,0.1457829475402832,-0.529957115650177,-0.0032439962960779667,-0.01497992780059576,0.1088835746049881,-1.0023099184036255,558.031665859744
7,67,1937,247,246,0.27235772357723576,correct,put both the cream cheese box and the butter in the basket,2026080814,7170067,sha256:df1036601f954563,mps:0,0.0,0.4017857015132904,0.9375,0.0,0.0,-0.0,1.0,-0.00406811386346817,0.29578375816345215,0.8684356212615967,-0.012444507330656052,0.046836622059345245,0.015095129609107971,1.0074174404144287,567.5387501250952
7,67,1937,247,246,0.27235772357723576,paraphrase,place the cream cheese box and the butter together inside the basket,2026080814,7170067,sha256:df1036601f954563,mps:0,0.0,0.4017857015132904,0.9375,0.0,0.0,-0.0,1.0,-0.07972673326730728,0.37031301856040955,0.8397215008735657,-0.014450072310864925,0.04749109223484993,0.011199397966265678,1.0128800868988037,539.921916089952
7,67,1937,247,246,0.27235772357723576,contradictory,put the cream cheese box in the basket but leave the butter outside the basket,2026080814,7170067,sha256:df1036601f954563,mps:0,0.0,0.4017857015132904,0.9375,0.0,0.0,-0.0,1.0,-0.015949830412864685,0.08667761832475662,0.5216164588928223,-0.020794576033949852,0.0740026980638504,0.001611162442713976,0.9976707100868225,557.9782500863075
7,67,1937,247,246,0.27235772357723576,unrelated,open the top drawer of the cabinet,2026080814,7170067,sha256:df1036601f954563,mps:0,0.0,0.4017857015132904,0.9375,0.0,0.0,-0.0,1.0,-0.0872311219573021,0.05170806869864464,0.10786785930395126,-0.02073436789214611,0.0892845094203949,0.03343537449836731,-1.0080225467681885,554.5234999153763
7,83,1953,247,246,0.33739837398373984,correct,put both the cream cheese box and the butter in the basket,2026080814,7170083,sha256:6c4c06a343cb50fc,mps:0,-0.3375000059604645,0.7446428537368774,0.32678571343421936,0.0,-0.0503571443259716,-0.0,1.0,-0.014394842088222504,0.792643666267395,0.4582269489765167,-0.00240164902061224,-0.010728429071605206,-0.013899152167141438,1.0188299417495728,580.4242920130491
7,83,1953,247,246,0.33739837398373984,paraphrase,place the cream cheese box and the butter together inside the basket,2026080814,7170083,sha256:6c4c06a343cb50fc,mps:0,-0.3375000059604645,0.7446428537368774,0.32678571343421936,0.0,-0.0503571443259716,-0.0,1.0,-0.015078738331794739,0.8386023044586182,0.3596475124359131,-0.0031731058843433857,-0.011119593866169453,-0.012992314994335175,1.0241806507110596,534.9303330294788
7,83,1953,247,246,0.33739837398373984,contradictory,put the cream cheese box in the basket but leave the butter outside the basket,2026080814,7170083,sha256:6c4c06a343cb50fc,mps:0,-0.3375000059604645,0.7446428537368774,0.32678571343421936,0.0,-0.0503571443259716,-0.0,1.0,0.03907696157693863,0.7429807186126709,0.5426262021064758,-0.002483187010511756,-0.009975160472095013,-0.024709273129701614,1.0145207643508911,566.8615000322461
7,83,1953,247,246,0.33739837398373984,unrelated,open the top drawer of the cabinet,2026080814,7170083,sha256:6c4c06a343cb50fc,mps:0,-0.3375000059604645,0.7446428537368774,0.32678571343421936,0.0,-0.0503571443259716,-0.0,1.0,0.236006498336792,0.031211145222187042,0.32660216093063354,-0.002919635968282819,0.03321292623877525,-0.019550330936908722,-0.994530975818634,551.7568751238286
7,89,1959,247,246,0.3617886178861789,correct,put both the cream cheese box and the butter in the basket,2026080814,7170089,sha256:bd027dde059881f9,mps:0,-0.19017857313156128,0.824999988079071,0.03214285895228386,0.0,-0.03642857074737549,-0.0,1.0,0.024187777191400528,0.8596432209014893,0.174867182970047,-0.00700658792629838,-0.0010880595073103905,-0.001553329173475504,1.00843346118927,547.1314999740571
7,89,1959,247,246,0.3617886178861789,paraphrase,place the cream cheese box and the butter together inside the basket,2026080814,7170089,sha256:bd027dde059881f9,mps:0,-0.19017857313156128,0.824999988079071,0.03214285895228386,0.0,-0.03642857074737549,-0.0,1.0,0.0378282368183136,0.8650374412536621,0.08082800358533859,-0.007114389445632696,-0.00660238042473793,-0.00202358141541481,1.012302041053772,525.8875000290573
7,89,1959,247,246,0.3617886178861789,contradictory,put the cream cheese box in the basket but leave the butter outside the basket,2026080814,7170089,sha256:bd027dde059881f9,mps:0,-0.19017857313156128,0.824999988079071,0.03214285895228386,0.0,-0.03642857074737549,-0.0,1.0,0.09082585573196411,0.8258429765701294,0.20433476567268372,-0.004261077381670475,-0.003705316223204136,-0.008607925847172737,1.008604645729065,555.6132909841835
7,89,1959,247,246,0.3617886178861789,unrelated,open the top drawer of the cabinet,2026080814,7170089,sha256:bd027dde059881f9,mps:0,-0.19017857313156128,0.824999988079071,0.03214285895228386,0.0,-0.03642857074737549,-0.0,1.0,0.24636751413345337,0.2893655300140381,-0.022050857543945312,-0.0031132923904806376,0.03555867820978165,-0.012902071699500084,-0.9975177049636841,554.6127092093229
7,101,1971,247,246,0.4105691056910569,correct,put both the cream cheese box and the butter in the basket,2026080814,7170101,sha256:37b2854b8add2912,mps:0,0.0,0.84375,-0.0,0.0,0.0,-0.0,1.0,-0.6292230486869812,0.7257173657417297,0.28172481060028076,-0.04018884524703026,0.015359394252300262,0.028482580557465553,1.0096904039382935,571.1560419294983
7,101,1971,247,246,0.4105691056910569,paraphrase,place the cream cheese box and the butter together inside the basket,2026080814,7170101,sha256:37b2854b8add2912,mps:0,0.0,0.84375,-0.0,0.0,0.0,-0.0,1.0,-0.5815682411193848,0.7829223871231079,0.20715102553367615,-0.03321981430053711,0.00724857347086072,0.015873445197939873,1.012248158454895,547.7933750953525
7,101,1971,247,246,0.4105691056910569,contradictory,put the cream cheese box in the basket but leave the butter outside the basket,2026080814,7170101,sha256:37b2854b8add2912,mps:0,0.0,0.84375,-0.0,0.0,0.0,-0.0,1.0,-0.5095300674438477,0.7356575131416321,0.21857121586799622,-0.03038674220442772,0.0007324777543544769,0.0077934423461556435,1.0070542097091675,563.389791874215
7,101,1971,247,246,0.4105691056910569,unrelated,open the top drawer of the cabinet,2026080814,7170101,sha256:37b2854b8add2912,mps:0,0.0,0.84375,-0.0,0.0,0.0,-0.0,1.0,-0.22266355156898499,-0.13070857524871826,0.37631601095199585,-0.006196765229105949,0.08342587947845459,0.016444852575659752,-1.0027358531951904,562.6458330079913
7,116,1986,247,246,0.4715447154471545,correct,put both the cream cheese box and the butter in the basket,2026080814,7170116,sha256:7395ef5adb32e8ce,mps:0,-0.3508928716182709,0.11517857015132904,-0.5625,0.0,0.062142856419086456,0.11249999701976776,1.0,0.14590851962566376,0.3087778389453888,0.18984541296958923,-0.08309021592140198,0.21440181136131287,0.0621538907289505,0.9939084649085999,574.3624998722225
7,116,1986,247,246,0.4715447154471545,paraphrase,place the cream cheese box and the butter together inside the basket,2026080814,7170116,sha256:7395ef5adb32e8ce,mps:0,-0.3508928716182709,0.11517857015132904,-0.5625,0.0,0.062142856419086456,0.11249999701976776,1.0,0.1110517680644989,0.3182474970817566,0.14136996865272522,-0.06356113404035568,0.20670029520988464,0.048423051834106445,0.9918628334999084,547.2897500731051
7,116,1986,247,246,0.4715447154471545,contradictory,put the cream cheese box in the basket but leave the butter outside the basket,2026080814,7170116,sha256:7395ef5adb32e8ce,mps:0,-0.3508928716182709,0.11517857015132904,-0.5625,0.0,0.062142856419086456,0.11249999701976776,1.0,0.18183791637420654,0.2281038612127304,0.1914871335029602,-0.07202782481908798,0.19721658527851105,0.03093528188765049,0.995543897151947,563.220749842003
7,116,1986,247,246,0.4715447154471545,unrelated,open the top drawer of the cabinet,2026080814,7170116,sha256:7395ef5adb32e8ce,mps:0,-0.3508928716182709,0.11517857015132904,-0.5625,0.0,0.062142856419086456,0.11249999701976776,1.0,0.2405599057674408,0.07463774085044861,0.2994624972343445,-0.0476665161550045,0.21858076751232147,0.03665860742330551,1.0026153326034546,562.0922080706805
7,126,1996,247,246,0.5121951219512195,correct,put both the cream cheese box and the butter in the basket,2026080814,7170126,sha256:18cb72405715d3dd,mps:0,0.10446428507566452,0.1875,-0.0,-0.04392857104539871,0.1039285734295845,0.024642856791615486,1.0,-0.019308678805828094,0.023700974881649017,0.21312615275382996,-0.002843878697603941,0.007165495306253433,0.0014553866349160671,-0.9859266877174377,570.1825420837849
7,126,1996,247,246,0.5121951219512195,paraphrase,place the cream cheese box and the butter together inside the basket,2026080814,7170126,sha256:18cb72405715d3dd,mps:0,0.10446428507566452,0.1875,-0.0,-0.04392857104539871,0.1039285734295845,0.024642856791615486,1.0,-0.030157551169395447,0.01947801560163498,0.17999422550201416,0.0001500328944530338,-0.0005835779011249542,-0.0025588995777070522,-0.9891043901443481,537.6535409595817
7,126,1996,247,246,0.5121951219512195,contradictory,put the cream cheese box in the basket but leave the butter outside the basket,2026080814,7170126,sha256:18cb72405715d3dd,mps:0,0.10446428507566452,0.1875,-0.0,-0.04392857104539871,0.1039285734295845,0.024642856791615486,1.0,0.02590462565422058,0.03349106386303902,0.34052392840385437,-0.003916568122804165,0.02285487949848175,-0.009036470204591751,-0.9837408065795898,553.1182079575956
7,126,1996,247,246,0.5121951219512195,unrelated,open the top drawer of the cabinet,2026080814,7170126,sha256:18cb72405715d3dd,mps:0,0.10446428507566452,0.1875,-0.0,-0.04392857104539871,0.1039285734295845,0.024642856791615486,1.0,0.02928054705262184,0.004004523158073425,0.2919963002204895,-0.0019035786390304565,0.030601337552070618,0.004433459602296352,-1.0036094188690186,555.4094589315355
7,139,2009,247,246,0.5650406504065041,correct,put both the cream cheese box and the butter in the basket,2026080814,7170139,sha256:e5eb847a3cda9c1d,mps:0,0.20624999701976776,-0.375,0.05624999850988388,-0.035357143729925156,0.0503571443259716,-0.01607142947614193,-1.0,0.3236715495586395,-0.4066881835460663,0.1545717418193817,0.036340270191431046,0.08152808994054794,-0.011585124768316746,-1.0014647245407104,565.297125140205
7,139,2009,247,246,0.5650406504065041,paraphrase,place the cream cheese box and the butter together inside the basket,2026080814,7170139,sha256:e5eb847a3cda9c1d,mps:0,0.20624999701976776,-0.375,0.05624999850988388,-0.035357143729925156,0.0503571443259716,-0.01607142947614193,-1.0,0.20252472162246704,-0.2436787486076355,0.05685756355524063,0.040244460105895996,0.06293398886919022,-0.0056026591919362545,-1.0124707221984863,533.4524170029908
7,139,2009,247,246,0.5650406504065041,contradictory,put the cream cheese box in the basket but leave the butter outside the basket,2026080814,7170139,sha256:e5eb847a3cda9c1d,mps:0,0.20624999701976776,-0.375,0.05624999850988388,-0.035357143729925156,0.0503571443259716,-0.01607142947614193,-1.0,0.16627231240272522,-0.12773221731185913,0.15575775504112244,0.02582533098757267,0.09558525681495667,-0.013698832131922245,-1.0017287731170654,546.0170418955386
7,139,2009,247,246,0.5650406504065041,unrelated,open the top drawer of the cabinet,2026080814,7170139,sha256:e5eb847a3cda9c1d,mps:0,0.20624999701976776,-0.375,0.05624999850988388,-0.035357143729925156,0.0503571443259716,-0.01607142947614193,-1.0,0.2831050753593445,-0.3170115053653717,0.22616833448410034,0.020632006227970123,0.12262401729822159,0.0006099790334701538,-0.9999048709869385,554.3114158790559
7,154,2024,247,246,0.6260162601626016,correct,put both the cream cheese box and the butter in the basket,2026080814,7170154,sha256:3dc0ed660e1f9c44,mps:0,0.08303571492433548,-0.7473214268684387,-0.38035714626312256,0.0,0.0,-0.031071428209543228,-1.0,0.27597108483314514,-0.6433395743370056,-0.4309123456478119,0.013327280059456825,-0.03182484582066536,0.04636616259813309,-1.0020358562469482,566.1248341202736
7,154,2024,247,246,0.6260162601626016,paraphrase,place the cream cheese box and the butter together inside the basket,2026080814,7170154,sha256:3dc0ed660e1f9c44,mps:0,0.08303571492433548,-0.7473214268684387,-0.38035714626312256,0.0,0.0,-0.031071428209543228,-1.0,0.024069949984550476,-0.47227275371551514,-0.6117526292800903,0.008038869127631187,-0.059904325753450394,0.055821701884269714,-0.99858558177948,538.9285839628428
7,154,2024,247,246,0.6260162601626016,contradictory,put the cream cheese box in the basket but leave the butter outside the basket,2026080814,7170154,sha256:3dc0ed660e1f9c44,mps:0,0.08303571492433548,-0.7473214268684387,-0.38035714626312256,0.0,0.0,-0.031071428209543228,-1.0,-0.11850406974554062,-0.31462153792381287,-0.7176952958106995,0.007236620411276817,-0.04133961722254753,0.05901843309402466,-0.9917176961898804,551.2538328766823
7,154,2024,247,246,0.6260162601626016,unrelated,open the top drawer of the cabinet,2026080814,7170154,sha256:3dc0ed660e1f9c44,mps:0,0.08303571492433548,-0.7473214268684387,-0.38035714626312256,0.0,0.0,-0.031071428209543228,-1.0,-0.2507435977458954,-0.16808170080184937,-0.5611720681190491,-0.011479091830551624,-0.0339205376803875,0.20552487671375275,-1.001851201057434,537.5384998042136
7,165,2035,247,246,0.6707317073170732,correct,put both the cream cheese box and the butter in the basket,2026080814,7170165,sha256:0dfaf19ff7d988c8,mps:0,-0.10446428507566452,0.05624999850988388,-0.8491071462631226,0.0,0.0,-0.0,-1.0,0.13693448901176453,-0.08058251440525055,-0.18590709567070007,-0.004410507157444954,0.0421004593372345,0.07546994090080261,-0.985361635684967,546.5120000299066
7,165,2035,247,246,0.6707317073170732,paraphrase,place the cream cheese box and the butter together inside the basket,2026080814,7170165,sha256:0dfaf19ff7d988c8,mps:0,-0.10446428507566452,0.05624999850988388,-0.8491071462631226,0.0,0.0,-0.0,-1.0,0.053089410066604614,-0.060768336057662964,-0.18729278445243835,-0.0015779291279613972,0.03229227662086487,0.04310395568609238,-0.9928992986679077,510.3331250138581
7,165,2035,247,246,0.6707317073170732,contradictory,put the cream cheese box in the basket but leave the butter outside the basket,2026080814,7170165,sha256:0dfaf19ff7d988c8,mps:0,-0.10446428507566452,0.05624999850988388,-0.8491071462631226,0.0,0.0,-0.0,-1.0,0.004014372825622559,-0.045318394899368286,-0.07565244287252426,-0.0037108627147972584,0.057751961052417755,0.03057018481194973,-0.9860605001449585,534.8287080414593
7,165,2035,247,246,0.6707317073170732,unrelated,open the top drawer of the cabinet,2026080814,7170165,sha256:0dfaf19ff7d988c8,mps:0,-0.10446428507566452,0.05624999850988388,-0.8491071462631226,0.0,0.0,-0.0,-1.0,0.16701829433441162,0.08819582313299179,0.16077855229377747,-0.03253773972392082,0.0764707624912262,0.08396720886230469,-0.9877225160598755,544.4835838861763
7,178,2048,247,246,0.7235772357723578,correct,put both the cream cheese box and the butter in the basket,2026080814,7170178,sha256:d6f5483052df9890,mps:0,-0.40982142090797424,0.0,-0.5089285969734192,-0.002142857061699033,0.04928571358323097,0.035357143729925156,-1.0,-0.22343876957893372,-0.22410234808921814,-0.4210512340068817,0.026948928833007812,0.03188519924879074,0.0232277512550354,-0.9879748821258545,555.2007909864187
7,178,2048,247,246,0.7235772357723578,paraphrase,place the cream cheese box and the butter together inside the basket,2026080814,7170178,sha256:d6f5483052df9890,mps:0,-0.40982142090797424,0.0,-0.5089285969734192,-0.002142857061699033,0.04928571358323097,0.035357143729925156,-1.0,-0.31282004714012146,-0.2941056191921234,-0.471381813287735,0.04047683626413345,0.02005702070891857,0.009473646990954876,-0.9996004104614258,523.4685000032187
7,178,2048,247,246,0.7235772357723578,contradictory,put the cream cheese box in the basket but leave the butter outside the basket,2026080814,7170178,sha256:d6f5483052df9890,mps:0,-0.40982142090797424,0.0,-0.5089285969734192,-0.002142857061699033,0.04928571358323097,0.035357143729925156,-1.0,-0.20008012652397156,-0.2008603811264038,-0.2219429910182953,0.018647046759724617,0.024944502860307693,0.0028121033683419228,0.9872961640357971,554.1913330089301
7,178,2048,247,246,0.7235772357723578,unrelated,open the top drawer of the cabinet,2026080814,7170178,sha256:d6f5483052df9890,mps:0,-0.40982142090797424,0.0,-0.5089285969734192,-0.002142857061699033,0.04928571358323097,0.035357143729925156,-1.0,-0.2776722013950348,-0.1186322420835495,-0.32751160860061646,0.0014929401222616434,0.014958932995796204,0.020858237519860268,-1.0028656721115112,539.5875000394881
7,185,2055,247,246,0.7520325203252033,correct,put both the cream cheese box and the butter in the basket,2026080814,7170185,sha256:20152ee6f2bea3d7,mps:0,0.0,-0.21964286267757416,0.10446428507566452,0.0,0.02678571455180645,-0.0,1.0,-0.039552122354507446,-0.05620385706424713,-0.022713296115398407,-0.008305547758936882,0.016604876145720482,-0.018268007785081863,0.9883002638816833,561.0859161242843
7,185,2055,247,246,0.7520325203252033,paraphrase,place the cream cheese box and the butter together inside the basket,2026080814,7170185,sha256:20152ee6f2bea3d7,mps:0,0.0,-0.21964286267757416,0.10446428507566452,0.0,0.02678571455180645,-0.0,1.0,-0.1306954324245453,-0.07759791612625122,-0.10486164689064026,-0.0012077870778739452,0.007663684897124767,-0.018714867532253265,0.9931005835533142,529.6851668972522
7,185,2055,247,246,0.7520325203252033,contradictory,put the cream cheese box in the basket but leave the butter outside the basket,2026080814,7170185,sha256:20152ee6f2bea3d7,mps:0,0.0,-0.21964286267757416,0.10446428507566452,0.0,0.02678571455180645,-0.0,1.0,-0.15984788537025452,-0.07108338177204132,-0.2094414085149765,-0.0032305968925356865,0.02071499451994896,-0.01877405494451523,0.9904614090919495,538.5200420860201
7,185,2055,247,246,0.7520325203252033,unrelated,open the top drawer of the cabinet,2026080814,7170185,sha256:20152ee6f2bea3d7,mps:0,0.0,-0.21964286267757416,0.10446428507566452,0.0,0.02678571455180645,-0.0,1.0,-0.17815470695495605,-0.04657904803752899,-0.25906768441200256,-0.0029209826607257128,0.019725991412997246,-0.01994170993566513,0.992608368396759,533.5538750514388
7,199,2069,247,246,0.8089430894308943,correct,put both the cream cheese box and the butter in the basket,2026080814,7170199,sha256:a3a12e1366a23fd0,mps:0,0.0,0.5383928418159485,0.7071428298950195,0.055714286863803864,-0.06750000268220901,0.024642856791615486,1.0,-0.05348560959100723,0.5566105246543884,0.8029623031616211,-0.02442127652466297,0.03953753411769867,-0.0009172423742711544,1.008956789970398,554.1269578970969
7,199,2069,247,246,0.8089430894308943,paraphrase,place the cream cheese box and the butter together inside the basket,2026080814,7170199,sha256:a3a12e1366a23fd0,mps:0,0.0,0.5383928418159485,0.7071428298950195,0.055714286863803864,-0.06750000268220901,0.024642856791615486,1.0,-0.12823328375816345,0.6940953731536865,0.6459126472473145,-0.020813416689634323,0.030337821692228317,-0.0015096194110810757,1.0099775791168213,514.3009589519352
7,199,2069,247,246,0.8089430894308943,contradictory,put the cream cheese box in the basket but leave the butter outside the basket,2026080814,7170199,sha256:a3a12e1366a23fd0,mps:0,0.0,0.5383928418159485,0.7071428298950195,0.055714286863803864,-0.06750000268220901,0.024642856791615486,1.0,0.09589484333992004,0.4157274663448334,0.871312141418457,-0.023551419377326965,0.046224579215049744,-0.011297384276986122,1.0123142004013062,540.7204169314355
7,199,2069,247,246,0.8089430894308943,unrelated,open the top drawer of the cabinet,2026080814,7170199,sha256:a3a12e1366a23fd0,mps:0,0.0,0.5383928418159485,0.7071428298950195,0.055714286863803864,-0.06750000268220901,0.024642856791615486,1.0,0.029879048466682434,0.15626269578933716,0.0647207573056221,-0.0350160114467144,0.06572916358709335,0.0036617452278733253,-0.9921082854270935,530.7096249889582
7,213,2083,247,246,0.8658536585365854,correct,put both the cream cheese box and the butter in the basket,2026080814,7170213,sha256:e9dc8bf06bc1f964,mps:0,-0.31607142090797424,0.7901785969734192,-0.03214285895228386,0.002142857061699033,-0.056785713881254196,-0.0,1.0,-0.11902759224176407,-0.03158459812402725,-0.13674156367778778,0.004755555652081966,0.03495392948389053,-0.02506176568567753,-0.9892162680625916,548.767875181511
7,213,2083,247,246,0.8658536585365854,paraphrase,place the cream cheese box and the butter together inside the basket,2026080814,7170213,sha256:e9dc8bf06bc1f964,mps:0,-0.31607142090797424,0.7901785969734192,-0.03214285895228386,0.002142857061699033,-0.056785713881254196,-0.0,1.0,-0.14976173639297485,-0.059601783752441406,-0.21738728880882263,0.018419189378619194,0.029892615973949432,-0.025652699172496796,-0.9940102100372314,550.8281660731882
7,213,2083,247,246,0.8658536585365854,contradictory,put the cream cheese box in the basket but leave the butter outside the basket,2026080814,7170213,sha256:e9dc8bf06bc1f964,mps:0,-0.31607142090797424,0.7901785969734192,-0.03214285895228386,0.002142857061699033,-0.056785713881254196,-0.0,1.0,-0.08221190422773361,-0.07464513182640076,-0.03809621185064316,0.00614916393533349,0.0476573184132576,-0.048416078090667725,-0.9821300506591797,548.7602499779314
7,213,2083,247,246,0.8658536585365854,unrelated,open the top drawer of the cabinet,2026080814,7170213,sha256:e9dc8bf06bc1f964,mps:0,-0.31607142090797424,0.7901785969734192,-0.03214285895228386,0.002142857061699033,-0.056785713881254196,-0.0,1.0,-0.07626914232969284,-0.11898505687713623,-0.04938969761133194,0.004986564163118601,0.07504696398973465,-0.03912875056266785,-0.9884014129638672,535.0559591315687
7,227,2097,247,246,0.9227642276422764,correct,put both the cream cheese box and the butter in the basket,2026080814,7170227,sha256:649e3880412121f9,mps:0,-0.18482142686843872,-0.09107142686843872,-0.18482142686843872,0.010714286006987095,0.02678571455180645,-0.0,1.0,0.06707154214382172,-0.062467798590660095,0.26189571619033813,-0.007595316972583532,0.041201431304216385,-0.03758060932159424,-1.000262975692749,568.93041706644
7,227,2097,247,246,0.9227642276422764,paraphrase,place the cream cheese box and the butter together inside the basket,2026080814,7170227,sha256:649e3880412121f9,mps:0,-0.18482142686843872,-0.09107142686843872,-0.18482142686843872,0.010714286006987095,0.02678571455180645,-0.0,1.0,0.0471637025475502,-0.06114912033081055,0.22589647769927979,2.3826782125979662e-05,0.03260616958141327,-0.03971192240715027,-1.0035655498504639,541.6402500122786
7,227,2097,247,246,0.9227642276422764,contradictory,put the cream cheese box in the basket but leave the butter outside the basket,2026080814,7170227,sha256:649e3880412121f9,mps:0,-0.18482142686843872,-0.09107142686843872,-0.18482142686843872,0.010714286006987095,0.02678571455180645,-0.0,1.0,0.10928792506456375,-0.037406668066978455,0.3504481315612793,-0.008776094764471054,0.06445774435997009,-0.04778570681810379,-0.9974792003631592,567.7912500686944
7,227,2097,247,246,0.9227642276422764,unrelated,open the top drawer of the cabinet,2026080814,7170227,sha256:649e3880412121f9,mps:0,-0.18482142686843872,-0.09107142686843872,-0.18482142686843872,0.010714286006987095,0.02678571455180645,-0.0,1.0,0.13164237141609192,-0.14908376336097717,0.4215119183063507,-0.003203400643542409,0.08075680583715439,-0.030985064804553986,-1.0044796466827393,539.2119160387665
7,246,2116,247,246,1.0,correct,put both the cream cheese box and the butter in the basket,2026080814,7170246,sha256:08fdd1f3b840113f,mps:0,0.13660714030265808,0.0,0.08303571492433548,0.0,0.055714286863803864,-0.0,-1.0,0.002657424658536911,0.049535173922777176,-0.006629727780818939,-0.0002768352278508246,-0.03348155319690704,-0.014051171950995922,-0.9943220019340515,551.9260000437498
7,246,2116,247,246,1.0,paraphrase,place the cream cheese box and the butter together inside the basket,2026080814,7170246,sha256:08fdd1f3b840113f,mps:0,0.13660714030265808,0.0,0.08303571492433548,0.0,0.055714286863803864,-0.0,-1.0,-0.00802544504404068,0.06488499045372009,-0.030886147171258926,4.277366679161787e-05,-0.039022959768772125,-0.013130882754921913,-1.0006557703018188,518.4980409685522
7,246,2116,247,246,1.0,contradictory,put the cream cheese box in the basket but leave the butter outside the basket,2026080814,7170246,sha256:08fdd1f3b840113f,mps:0,0.13660714030265808,0.0,0.08303571492433548,0.0,0.055714286863803864,-0.0,-1.0,-0.0012661665678024292,0.07125267386436462,0.05859585851430893,-0.0005721242050640285,-0.026932016015052795,-0.021155402064323425,-0.9952524304389954,547.5277919322252
7,246,2116,247,246,1.0,unrelated,open the top drawer of the cabinet,2026080814,7170246,sha256:08fdd1f3b840113f,mps:0,0.13660714030265808,0.0,0.08303571492433548,0.0,0.055714286863803864,-0.0,-1.0,-0.0005586892366409302,0.068855419754982,-0.0023118779063224792,-0.0026195566169917583,-0.024031352251768112,-0.01807894930243492,-1.008741855621338,529.1778338141739
8,0,2117,238,237,0.0,correct,put both the cream cheese box and the butter in the basket,2026080815,7180000,sha256:4a96bb4f2c0e0ab5,mps:0,0.14196428656578064,-0.24910713732242584,0.02142857201397419,0.0,0.0,-0.0,-1.0,0.3749483525753021,0.06781339645385742,-0.07642745971679688,-0.02347201481461525,-0.017273351550102234,0.0025843530893325806,-1.0204098224639893,537.7919168677181
8,0,2117,238,237,0.0,paraphrase,place the cream cheese box and the butter together inside the basket,2026080815,7180000,sha256:4a96bb4f2c0e0ab5,mps:0,0.14196428656578064,-0.24910713732242584,0.02142857201397419,0.0,0.0,-0.0,-1.0,0.5278229713439941,0.06283163279294968,-0.11654961109161377,-0.020786458626389503,-0.020680133253335953,-0.00232653203420341,-1.0205769538879395,519.0593330189586
8,0,2117,238,237,0.0,contradictory,put the cream cheese box in the basket but leave the butter outside the basket,2026080815,7180000,sha256:4a96bb4f2c0e0ab5,mps:0,0.14196428656578064,-0.24910713732242584,0.02142857201397419,0.0,0.0,-0.0,-1.0,0.24502304196357727,0.2649441957473755,-0.06266685575246811,-0.011200712993741035,-0.02359921485185623,-0.0054811700247228146,-1.0175083875656128,545.5485000275075
8,0,2117,238,237,0.0,unrelated,open the top drawer of the cabinet,2026080815,7180000,sha256:4a96bb4f2c0e0ab5,mps:0,0.14196428656578064,-0.24910713732242584,0.02142857201397419,0.0,0.0,-0.0,-1.0,0.2551284730434418,-0.1902739405632019,-0.11082661151885986,-0.027375347912311554,-0.007310683839023113,0.03833853453397751,-1.0239795446395874,555.4246248211712
8,13,2130,238,237,0.05485232067510549,correct,put both the cream cheese box and the butter in the basket,2026080815,7180013,sha256:7b068b0f5c24e431,mps:0,0.5116071701049805,-0.8651785850524902,-0.0,0.04714285582304001,0.0,-0.0,-1.0,0.7774569988250732,-0.5259940028190613,0.03651154786348343,-3.111333353444934e-05,0.0030943206511437893,0.004629971459507942,-0.9978159666061401,543.2237919885665
8,13,2130,238,237,0.05485232067510549,paraphrase,place the cream cheese box and the butter together inside the basket,2026080815,7180013,sha256:7b068b0f5c24e431,mps:0,0.5116071701049805,-0.8651785850524902,-0.0,0.04714285582304001,0.0,-0.0,-1.0,0.8136814832687378,-0.46780288219451904,-0.030677922070026398,0.0015002423897385597,-0.004359707236289978,0.001727075781673193,-1.0074549913406372,507.5221660081297
8,13,2130,238,237,0.05485232067510549,contradictory,put the cream cheese box in the basket but leave the butter outside the basket,2026080815,7180013,sha256:7b068b0f5c24e431,mps:0,0.5116071701049805,-0.8651785850524902,-0.0,0.04714285582304001,0.0,-0.0,-1.0,0.7718905210494995,-0.33122900128364563,0.044916413724422455,-0.0005852204631082714,0.0045835538767278194,-0.002356152981519699,-0.9913228154182434,517.3491251189262
8,13,2130,238,237,0.05485232067510549,unrelated,open the top drawer of the cabinet,2026080815,7180013,sha256:7b068b0f5c24e431,mps:0,0.5116071701049805,-0.8651785850524902,-0.0,0.04714285582304001,0.0,-0.0,-1.0,0.5151821970939636,-0.4007871448993683,-0.05287580564618111,-0.004203346092253923,0.0010481663048267365,0.05968526750802994,-0.9877007007598877,526.7767920158803
8,26,2143,238,237,0.10970464135021098,correct,put both the cream cheese box and the butter in the basket,2026080815,7180026,sha256:adc9b7f29f88202a,mps:0,0.35357141494750977,0.0,-0.7741071581840515,0.04821428656578064,-0.04285714402794838,-0.0,-1.0,0.7827619314193726,-0.2915758788585663,-0.19860729575157166,0.0015769521705806255,-0.015600244514644146,-0.049952082335948944,-0.9899716973304749,567.6284581422806
8,26,2143,238,237,0.10970464135021098,paraphrase,place the cream cheese box and the butter together inside the basket,2026080815,7180026,sha256:adc9b7f29f88202a,mps:0,0.35357141494750977,0.0,-0.7741071581840515,0.04821428656578064,-0.04285714402794838,-0.0,-1.0,0.5401479601860046,-0.10386328399181366,-0.4614589214324951,0.005417421460151672,-0.03869359940290451,-0.046075090765953064,-0.9964460730552673,538.440375123173
8,26,2143,238,237,0.10970464135021098,contradictory,put the cream cheese box in the basket but leave the butter outside the basket,2026080815,7180026,sha256:adc9b7f29f88202a,mps:0,0.35357141494750977,0.0,-0.7741071581840515,0.04821428656578064,-0.04285714402794838,-0.0,-1.0,0.2785072326660156,-0.03653271496295929,-0.4798009693622589,0.005894314032047987,-0.03726842254400253,-0.03953428566455841,-0.9930002689361572,540.150084067136
8,26,2143,238,237,0.10970464135021098,unrelated,open the top drawer of the cabinet,2026080815,7180026,sha256:adc9b7f29f88202a,mps:0,0.35357141494750977,0.0,-0.7741071581840515,0.04821428656578064,-0.04285714402794838,-0.0,-1.0,0.13140645623207092,-0.2848103940486908,-0.36708900332450867,0.0012968287337571383,-0.022653765976428986,0.05509563535451889,-0.9942463636398315,566.7107079643756
8,45,2162,238,237,0.189873417721519,correct,put both the cream cheese box and the butter in the basket,2026080815,7180045,sha256:4aaaba97390f2120,mps:0,-0.3482142984867096,-0.06964285671710968,-0.2678571343421936,-0.056785713881254196,0.051428571343421936,-0.0,-1.0,-0.43800610303878784,0.12054866552352905,-0.4404138922691345,-0.01478372048586607,0.02961069718003273,0.0202147476375103,-1.0223164558410645,583.2769591361284
8,45,2162,238,237,0.189873417721519,paraphrase,place the cream cheese box and the butter together inside the basket,2026080815,7180045,sha256:4aaaba97390f2120,mps:0,-0.3482142984867096,-0.06964285671710968,-0.2678571343421936,-0.056785713881254196,0.051428571343421936,-0.0,-1.0,-0.5743004679679871,0.1059003472328186,-0.48079246282577515,-0.00796584878116846,0.022799678146839142,0.01706167496740818,-1.02155601978302,515.7383328769356
8,45,2162,238,237,0.189873417721519,contradictory,put the cream cheese box in the basket but leave the butter outside the basket,2026080815,7180045,sha256:4aaaba97390f2120,mps:0,-0.3482142984867096,-0.06964285671710968,-0.2678571343421936,-0.056785713881254196,0.051428571343421936,-0.0,-1.0,-0.3111675977706909,0.09702267497777939,-0.21632328629493713,-0.03673768788576126,0.03409114480018616,0.009607125073671341,0.9971408247947693,547.1043752040714
8,45,2162,238,237,0.189873417721519,unrelated,open the top drawer of the cabinet,2026080815,7180045,sha256:4aaaba97390f2120,mps:0,-0.3482142984867096,-0.06964285671710968,-0.2678571343421936,-0.056785713881254196,0.051428571343421936,-0.0,-1.0,-0.5630407929420471,0.1983746439218521,-0.4189148247241974,-0.023090023547410965,0.03769760578870773,0.07138891518115997,-1.0244842767715454,514.0217919833958
8,50,2167,238,237,0.2109704641350211,correct,put both the cream cheese box and the butter in the basket,2026080815,7180050,sha256:48e17704a1e0bbd6,mps:0,-0.11249999701976776,0.0,-0.2785714268684387,-0.06750000268220901,0.031071428209543228,-0.03214285895228386,1.0,-0.3102528750896454,-0.22079795598983765,-0.5614392161369324,0.012305604293942451,0.05471732094883919,0.011939499527215958,-1.0005550384521484,543.300042161718
8,50,2167,238,237,0.2109704641350211,paraphrase,place the cream cheese box and the butter together inside the basket,2026080815,7180050,sha256:48e17704a1e0bbd6,mps:0,-0.11249999701976776,0.0,-0.2785714268684387,-0.06750000268220901,0.031071428209543228,-0.03214285895228386,1.0,-0.44082504510879517,-0.2410385012626648,-0.637765109539032,0.019729912281036377,0.04128104820847511,0.006430220790207386,-1.0063735246658325,508.5209161043167
8,50,2167,238,237,0.2109704641350211,contradictory,put the cream cheese box in the basket but leave the butter outside the basket,2026080815,7180050,sha256:48e17704a1e0bbd6,mps:0,-0.11249999701976776,0.0,-0.2785714268684387,-0.06750000268220901,0.031071428209543228,-0.03214285895228386,1.0,-0.28093764185905457,-0.15359997749328613,-0.31264054775238037,0.0019057998433709145,0.05960186570882797,-0.008409924805164337,1.005301594734192,529.5830420218408
8,50,2167,238,237,0.2109704641350211,unrelated,open the top drawer of the cabinet,2026080815,7180050,sha256:48e17704a1e0bbd6,mps:0,-0.11249999701976776,0.0,-0.2785714268684387,-0.06750000268220901,0.031071428209543228,-0.03214285895228386,1.0,-0.4337460994720459,-0.1665022373199463,-0.5241428017616272,0.0017435019835829735,0.05782084912061691,0.05438736826181412,-1.0077241659164429,525.3270829562098
8,67,2184,238,237,0.28270042194092826,correct,put both the cream cheese box and the butter in the basket,2026080815,7180067,sha256:c14122ddb33335f0,mps:0,0.18482142686843872,0.1741071492433548,0.9375,-0.012857142835855484,0.0,-0.0503571443259716,1.0,0.1644173562526703,0.023652106523513794,0.955414891242981,0.0038434576708823442,0.022595196962356567,-0.0016258596442639828,0.9843241572380066,542.610458098352
8,67,2184,238,237,0.28270042194092826,paraphrase,place the cream cheese box and the butter together inside the basket,2026080815,7180067,sha256:c14122ddb33335f0,mps:0,0.18482142686843872,0.1741071492433548,0.9375,-0.012857142835855484,0.0,-0.0503571443259716,1.0,0.0897161141037941,0.10738551616668701,0.9450072050094604,0.0028635922353714705,0.01819976419210434,-0.003412664867937565,0.9902543425559998,510.7614160515368
8,67,2184,238,237,0.28270042194092826,contradictory,put the cream cheese box in the basket but leave the butter outside the basket,2026080815,7180067,sha256:c14122ddb33335f0,mps:0,0.18482142686843872,0.1741071492433548,0.9375,-0.012857142835855484,0.0,-0.0503571443259716,1.0,0.15334981679916382,0.011123083531856537,0.9089145660400391,0.001143298577517271,0.03416164964437485,-0.01581764966249466,0.9935056567192078,530.7340000290424
8,67,2184,238,237,0.28270042194092826,unrelated,open the top drawer of the cabinet,2026080815,7180067,sha256:c14122ddb33335f0,mps:0,0.18482142686843872,0.1741071492433548,0.9375,-0.012857142835855484,0.0,-0.0503571443259716,1.0,0.05239115282893181,-0.05305585265159607,0.4763396680355072,-0.0013029135297983885,0.03978646919131279,0.007337159477174282,1.0103336572647095,527.4494171608239
8,73,2190,238,237,0.3080168776371308,correct,put both the cream cheese box and the butter in the basket,2026080815,7180073,sha256:aef7b77da65ea097,mps:0,-0.22232143580913544,0.5544642806053162,0.6428571343421936,-0.029999999329447746,0.0010714285308495164,-0.0,1.0,-0.05186747759580612,0.29705536365509033,0.8827549815177917,-0.001027457183226943,0.00886169821023941,0.045610301196575165,0.9982351660728455,551.3139171525836
8,73,2190,238,237,0.3080168776371308,paraphrase,place the cream cheese box and the butter together inside the basket,2026080815,7180073,sha256:aef7b77da65ea097,mps:0,-0.22232143580913544,0.5544642806053162,0.6428571343421936,-0.029999999329447746,0.0010714285308495164,-0.0,1.0,-0.06062805652618408,0.3759150207042694,0.8780189752578735,-0.00134544656611979,0.01062316820025444,0.038484103977680206,0.9994450211524963,523.114874958992
8,73,2190,238,237,0.3080168776371308,contradictory,put the cream cheese box in the basket but leave the butter outside the basket,2026080815,7180073,sha256:aef7b77da65ea097,mps:0,-0.22232143580913544,0.5544642806053162,0.6428571343421936,-0.029999999329447746,0.0010714285308495164,-0.0,1.0,0.1095670759677887,0.11277802288532257,0.9371668100357056,-0.0004518154892139137,0.029213622212409973,0.01728963479399681,1.0018322467803955,528.1194590497762
8,73,2190,238,237,0.3080168776371308,unrelated,open the top drawer of the cabinet,2026080815,7180073,sha256:aef7b77da65ea097,mps:0,-0.22232143580913544,0.5544642806053162,0.6428571343421936,-0.029999999329447746,0.0010714285308495164,-0.0,1.0,0.07364970445632935,-0.24551916122436523,0.7519182562828064,-0.002189906081184745,0.030428636819124222,0.107837975025177,1.0026886463165283,532.4957920238376
8,91,2208,238,237,0.38396624472573837,correct,put both the cream cheese box and the butter in the basket,2026080815,7180091,sha256:8105e2d05c34eed4,mps:0,-0.0669642835855484,0.8651785850524902,-0.0,0.010714286006987095,-0.02678571455180645,0.006428571417927742,1.0,-0.2995714545249939,0.7895384430885315,0.28004226088523865,-0.0007505965768359601,-0.040569692850112915,-0.013093585148453712,1.001558542251587,543.6394580174237
8,91,2208,238,237,0.38396624472573837,paraphrase,place the cream cheese box and the butter together inside the basket,2026080815,7180091,sha256:8105e2d05c34eed4,mps:0,-0.0669642835855484,0.8651785850524902,-0.0,0.010714286006987095,-0.02678571455180645,0.006428571417927742,1.0,-0.26843374967575073,0.8159928917884827,0.1919538676738739,-0.0007696744869463146,-0.04470500349998474,-0.013909177854657173,1.002095103263855,511.8569158948958
8,91,2208,238,237,0.38396624472573837,contradictory,put the cream cheese box in the basket but leave the butter outside the basket,2026080815,7180091,sha256:8105e2d05c34eed4,mps:0,-0.0669642835855484,0.8651785850524902,-0.0,0.010714286006987095,-0.02678571455180645,0.006428571417927742,1.0,-0.20594066381454468,0.7568433284759521,0.3133387267589569,-0.0012909960933029652,-0.04865822196006775,-0.0252251997590065,0.9896931052207947,522.0957919955254
8,91,2208,238,237,0.38396624472573837,unrelated,open the top drawer of the cabinet,2026080815,7180091,sha256:8105e2d05c34eed4,mps:0,-0.0669642835855484,0.8651785850524902,-0.0,0.010714286006987095,-0.02678571455180645,0.006428571417927742,1.0,-0.10099979490041733,0.07122768461704254,0.28559479117393494,-0.005792463663965464,-0.009302849881350994,-0.00963561236858368,-1.059479832649231,545.6635421141982
8,103,2220,238,237,0.4345991561181435,correct,put both the cream cheese box and the butter in the basket,2026080815,7180103,sha256:3253d17e6f0db0a2,mps:0,-0.28928571939468384,0.7848214507102966,-0.04285714402794838,0.014999999664723873,-0.010714286006987095,-0.0,1.0,-0.47733229398727417,0.6566217541694641,-0.18729794025421143,0.0012977770529687405,-0.008087508380413055,-4.643155261874199e-05,1.00974440574646,541.959083173424
8,103,2220,238,237,0.4345991561181435,paraphrase,place the cream cheese box and the butter together inside the basket,2026080815,7180103,sha256:3253d17e6f0db0a2,mps:0,-0.28928571939468384,0.7848214507102966,-0.04285714402794838,0.014999999664723873,-0.010714286006987095,-0.0,1.0,-0.46081048250198364,0.7154508829116821,-0.24624216556549072,0.0010543842799961567,-0.016374874860048294,-0.004808812867850065,1.0061283111572266,504.3914169073105
8,103,2220,238,237,0.4345991561181435,contradictory,put the cream cheese box in the basket but leave the butter outside the basket,2026080815,7180103,sha256:3253d17e6f0db0a2,mps:0,-0.28928571939468384,0.7848214507102966,-0.04285714402794838,0.014999999664723873,-0.010714286006987095,-0.0,1.0,-0.38120806217193604,0.5403103828430176,-0.3235672414302826,0.007872035726904869,-0.017847873270511627,-0.012383083812892437,0.9910891652107239,518.1910409592092
8,103,2220,238,237,0.4345991561181435,unrelated,open the top drawer of the cabinet,2026080815,7180103,sha256:3253d17e6f0db0a2,mps:0,-0.28928571939468384,0.7848214507102966,-0.04285714402794838,0.014999999664723873,-0.010714286006987095,-0.0,1.0,-0.18697458505630493,-0.23133721947669983,0.1123633161187172,0.001130204414948821,0.059497904032468796,-0.018672185018658638,1.001521348953247,526.3639579061419
8,110,2227,238,237,0.4641350210970464,correct,put both the cream cheese box and the butter in the basket,2026080815,7180110,sha256:cdc0a2c4d1aa6794,mps:0,-0.43660715222358704,0.5035714507102966,-0.39375001192092896,0.0,0.0,0.027857143431901932,1.0,-0.52037513256073,0.44973111152648926,-0.3626739978790283,-0.0022731784265488386,-0.0046476759016513824,0.05129653960466385,1.0223608016967773,546.397291123867
8,110,2227,238,237,0.4641350210970464,paraphrase,place the cream cheese box and the butter together inside the basket,2026080815,7180110,sha256:cdc0a2c4d1aa6794,mps:0,-0.43660715222358704,0.5035714507102966,-0.39375001192092896,0.0,0.0,0.027857143431901932,1.0,-0.42972904443740845,0.4835844337940216,-0.4371422529220581,0.0003139795735478401,-0.015921171754598618,0.03216627985239029,1.0264623165130615,568.2505001313984
8,110,2227,238,237,0.4641350210970464,contradictory,put the cream cheese box in the basket but leave the butter outside the basket,2026080815,7180110,sha256:cdc0a2c4d1aa6794,mps:0,-0.43660715222358704,0.5035714507102966,-0.39375001192092896,0.0,0.0,0.027857143431901932,1.0,-0.36301496624946594,0.30011218786239624,-0.37229686975479126,0.0004921617801301181,-0.011833942495286465,0.02073478512465954,1.0153687000274658,537.4197082128376
8,110,2227,238,237,0.4641350210970464,unrelated,open the top drawer of the cabinet,2026080815,7180110,sha256:cdc0a2c4d1aa6794,mps:0,-0.43660715222358704,0.5035714507102966,-0.39375001192092896,0.0,0.0,0.027857143431901932,1.0,-0.12145645171403885,-0.016857005655765533,0.2717834711074829,-0.006562182679772377,0.01690615713596344,0.016811789944767952,-1.010587453842163,547.2203330136836
8,122,2239,238,237,0.5147679324894515,correct,put both the cream cheese box and the butter in the basket,2026080815,7180122,sha256:4af0421c0c28b6eb,mps:0,-0.19017857313156128,0.0,-0.13928571343421936,0.0,0.02678571455180645,-0.0,1.0,-0.07648932188749313,0.34658879041671753,-0.29068002104759216,0.00628203060477972,-0.005845030769705772,-0.001548978267237544,1.0056118965148926,597.799374954775
8,122,2239,238,237,0.5147679324894515,paraphrase,place the cream cheese box and the butter together inside the basket,2026080815,7180122,sha256:4af0421c0c28b6eb,mps:0,-0.19017857313156128,0.0,-0.13928571343421936,0.0,0.02678571455180645,-0.0,1.0,-0.10108812898397446,0.33921942114830017,-0.467571884393692,0.043505653738975525,-0.024165570735931396,-0.00852866843342781,1.016486644744873,548.6730001866817
8,122,2239,238,237,0.5147679324894515,contradictory,put the cream cheese box in the basket but leave the butter outside the basket,2026080815,7180122,sha256:4af0421c0c28b6eb,mps:0,-0.19017857313156128,0.0,-0.13928571343421936,0.0,0.02678571455180645,-0.0,1.0,-0.03632621467113495,0.2862524688243866,-0.1855044662952423,-8.750957204028964e-05,-0.020364709198474884,-0.020037692040205002,1.0036702156066895,570.2119590714574
8,122,2239,238,237,0.5147679324894515,unrelated,open the top drawer of the cabinet,2026080815,7180122,sha256:4af0421c0c28b6eb,mps:0,-0.19017857313156128,0.0,-0.13928571343421936,0.0,0.02678571455180645,-0.0,1.0,0.023106981068849564,0.16739323735237122,-0.018902607262134552,-0.001720653148368001,-0.007669655606150627,-0.020343977957963943,1.025801658630371,550.1601668074727
8,132,2249,238,237,0.5569620253164557,correct,put both the cream cheese box and the butter in the basket,2026080815,7180132,sha256:cc5d27847ca8ebb0,mps:0,0.20357142388820648,-0.13928571343421936,0.3883928656578064,0.0,0.0,-0.010714286006987095,-1.0,0.12455601245164871,0.050623200833797455,0.22098085284233093,-0.004348833579570055,0.10267075151205063,-0.08301451802253723,-1.0124030113220215,577.4661251343787
8,132,2249,238,237,0.5569620253164557,paraphrase,place the cream cheese box and the butter together inside the basket,2026080815,7180132,sha256:cc5d27847ca8ebb0,mps:0,0.20357142388820648,-0.13928571343421936,0.3883928656578064,0.0,0.0,-0.010714286006987095,-1.0,0.07480297237634659,0.04961738735437393,0.16856083273887634,-0.0018067853525280952,0.08251840621232986,-0.07508515566587448,-1.0163999795913696,584.2659580521286
8,132,2249,238,237,0.5569620253164557,contradictory,put the cream cheese box in the basket but leave the butter outside the basket,2026080815,7180132,sha256:cc5d27847ca8ebb0,mps:0,0.20357142388820648,-0.13928571343421936,0.3883928656578064,0.0,0.0,-0.010714286006987095,-1.0,0.12645083665847778,0.081234410405159,0.28715720772743225,-0.005195956211537123,0.11795000731945038,-0.07707103341817856,-1.018233060836792,561.9204579852521
8,132,2249,238,237,0.5569620253164557,unrelated,open the top drawer of the cabinet,2026080815,7180132,sha256:cc5d27847ca8ebb0,mps:0,0.20357142388820648,-0.13928571343421936,0.3883928656578064,0.0,0.0,-0.010714286006987095,-1.0,0.09021149575710297,-0.04864923655986786,0.3197813034057617,-0.0030754159670323133,0.11789271980524063,-0.06548424810171127,-1.023684024810791,576.7647500615567
8,151,2268,238,237,0.6371308016877637,correct,put both the cream cheese box and the butter in the basket,2026080815,7180151,sha256:1d09b8db2ab3914f,mps:0,0.31339284777641296,-0.8678571581840515,-0.3187499940395355,0.028928572311997414,-0.023571427911520004,-0.0,-1.0,0.32199832797050476,-0.5171552300453186,-0.5204817652702332,-0.002892710966989398,-0.029759999364614487,0.08654418587684631,-1.0044132471084595,579.4055839069188
8,151,2268,238,237,0.6371308016877637,paraphrase,place the cream cheese box and the butter together inside the basket,2026080815,7180151,sha256:1d09b8db2ab3914f,mps:0,0.31339284777641296,-0.8678571581840515,-0.3187499940395355,0.028928572311997414,-0.023571427911520004,-0.0,-1.0,0.058679088950157166,-0.3445407748222351,-0.7088252902030945,-0.006373673211783171,-0.043767139315605164,0.09593305736780167,-1.008490800857544,520.1520419213921
8,151,2268,238,237,0.6371308016877637,contradictory,put the cream cheese box in the basket but leave the butter outside the basket,2026080815,7180151,sha256:1d09b8db2ab3914f,mps:0,0.31339284777641296,-0.8678571581840515,-0.3187499940395355,0.028928572311997414,-0.023571427911520004,-0.0,-1.0,-0.03917737305164337,-0.21405351161956787,-0.6886975169181824,-0.0030774911865592003,-0.018608108162879944,0.07591855525970459,-1.006038784980774,540.046792011708
8,151,2268,238,237,0.6371308016877637,unrelated,open the top drawer of the cabinet,2026080815,7180151,sha256:1d09b8db2ab3914f,mps:0,0.31339284777641296,-0.8678571581840515,-0.3187499940395355,0.028928572311997414,-0.023571427911520004,-0.0,-1.0,-0.127346009016037,-0.15121780335903168,-0.4385048449039459,-0.04628019407391548,-0.0017369831912219524,0.21880914270877838,-1.0155750513076782,547.6741660386324
8,163,2280,238,237,0.6877637130801688,correct,put both the cream cheese box and the butter in the basket,2026080815,7180163,sha256:dc5aedcf44c7cc36,mps:0,-0.12857143580913544,0.15000000596046448,-0.8892857432365417,-0.006428571417927742,-0.05999999865889549,0.06428571790456772,-1.0,0.18760472536087036,0.15104666352272034,-0.4441533088684082,-0.03525901585817337,-0.002694760449230671,0.041918836534023285,-0.9961689114570618,550.003917189315
8,163,2280,238,237,0.6877637130801688,paraphrase,place the cream cheese box and the butter together inside the basket,2026080815,7180163,sha256:dc5aedcf44c7cc36,mps:0,-0.12857143580913544,0.15000000596046448,-0.8892857432365417,-0.006428571417927742,-0.05999999865889549,0.06428571790456772,-1.0,0.1041216254234314,0.1283777505159378,-0.433986097574234,-0.035926081240177155,-0.007909480482339859,0.027819449082016945,-0.9993751645088196,521.8511249404401
8,163,2280,238,237,0.6877637130801688,contradictory,put the cream cheese box in the basket but leave the butter outside the basket,2026080815,7180163,sha256:dc5aedcf44c7cc36,mps:0,-0.12857143580913544,0.15000000596046448,-0.8892857432365417,-0.006428571417927742,-0.05999999865889549,0.06428571790456772,-1.0,0.06307156383991241,0.13976439833641052,-0.36016833782196045,-0.030299227684736252,-0.0008939267136156559,0.01819794438779354,-0.9919766187667847,541.0582078620791
8,163,2280,238,237,0.6877637130801688,unrelated,open the top drawer of the cabinet,2026080815,7180163,sha256:dc5aedcf44c7cc36,mps:0,-0.12857143580913544,0.15000000596046448,-0.8892857432365417,-0.006428571417927742,-0.05999999865889549,0.06428571790456772,-1.0,0.18957817554473877,0.617123007774353,-0.3430507183074951,-0.04585537314414978,0.017755409702658653,0.05346955358982086,-1.011623501777649,536.730624968186
8,177,2294,238,237,0.7468354430379747,correct,put both the cream cheese box and the butter in the basket,2026080815,7180177,sha256:535f4d9c18943a3e,mps:0,0.0,-0.0401785708963871,0.08839285373687744,-0.04285714402794838,0.02142857201397419,-0.0,1.0,-0.1261518895626068,-0.164972186088562,-0.20845285058021545,0.08642924576997757,0.009950249455869198,-0.016073063015937805,0.9890307784080505,547.7318328339607
8,177,2294,238,237,0.7468354430379747,paraphrase,place the cream cheese box and the butter together inside the basket,2026080815,7180177,sha256:535f4d9c18943a3e,mps:0,0.0,-0.0401785708963871,0.08839285373687744,-0.04285714402794838,0.02142857201397419,-0.0,1.0,-0.2304031252861023,-0.2270311415195465,-0.2764376401901245,0.09828515350818634,-0.0034507978707551956,-0.018451372161507607,0.988719642162323,558.742584194988
8,177,2294,238,237,0.7468354430379747,contradictory,put the cream cheese box in the basket but leave the butter outside the basket,2026080815,7180177,sha256:535f4d9c18943a3e,mps:0,0.0,-0.0401785708963871,0.08839285373687744,-0.04285714402794838,0.02142857201397419,-0.0,1.0,-0.16018909215927124,-0.19980335235595703,-0.1891269087791443,0.08179338276386261,0.016427597030997276,-0.018094222992658615,0.9916678071022034,627.3580831475556
8,177,2294,238,237,0.7468354430379747,unrelated,open the top drawer of the cabinet,2026080815,7180177,sha256:535f4d9c18943a3e,mps:0,0.0,-0.0401785708963871,0.08839285373687744,-0.04285714402794838,0.02142857201397419,-0.0,1.0,-0.21413525938987732,-0.18695449829101562,-0.2933042347431183,0.0945439338684082,0.004951882176101208,-0.008129063062369823,0.9937013983726501,531.7919170483947
8,188,2305,238,237,0.7932489451476793,correct,put both the cream cheese box and the butter in the basket,2026080815,7180188,sha256:b33643157254a73d,mps:0,-0.1875,0.28125,0.9375,-0.019285714253783226,0.0,-0.0,1.0,0.10089515149593353,0.09446484595537186,0.891964852809906,0.005180275067687035,0.023098617792129517,0.004746907390654087,0.9951561093330383,631.0306668747216
8,188,2305,238,237,0.7932489451476793,paraphrase,place the cream cheese box and the butter together inside the basket,2026080815,7180188,sha256:b33643157254a73d,mps:0,-0.1875,0.28125,0.9375,-0.019285714253783226,0.0,-0.0,1.0,-0.006827622652053833,0.18928155303001404,0.8969360589981079,0.009303051978349686,0.013045353814959526,-0.0007828650996088982,0.9993159174919128,528.6645831074566
8,188,2305,238,237,0.7932489451476793,contradictory,put the cream cheese box in the basket but leave the butter outside the basket,2026080815,7180188,sha256:b33643157254a73d,mps:0,-0.1875,0.28125,0.9375,-0.019285714253783226,0.0,-0.0,1.0,0.05260392650961876,0.013752259314060211,0.6331052184104919,-0.00022364151664078236,0.029816191643476486,-0.007265129126608372,0.9975840449333191,558.8409171905369
8,188,2305,238,237,0.7932489451476793,unrelated,open the top drawer of the cabinet,2026080815,7180188,sha256:b33643157254a73d,mps:0,-0.1875,0.28125,0.9375,-0.019285714253783226,0.0,-0.0,1.0,-0.03818026930093765,0.02198176085948944,0.1745316982269287,-0.001389000564813614,0.022565975785255432,0.006345956586301327,-1.012158989906311,582.433708012104
8,198,2315,238,237,0.8354430379746836,correct,put both the cream cheese box and the butter in the basket,2026080815,7180198,sha256:d4c49dc7bbf72acc,mps:0,-0.5089285969734192,0.7714285850524902,0.32678571343421936,-0.034285712987184525,0.0,-0.0,1.0,-0.06955219060182571,0.4854501187801361,0.6478366255760193,-0.0455305241048336,0.05349510908126831,8.622417226433754e-05,0.9924325346946716,564.3295000772923
8,198,2315,238,237,0.8354430379746836,paraphrase,place the cream cheese box and the butter together inside the basket,2026080815,7180198,sha256:d4c49dc7bbf72acc,mps:0,-0.5089285969734192,0.7714285850524902,0.32678571343421936,-0.034285712987184525,0.0,-0.0,1.0,-0.18160077929496765,0.6494564414024353,0.39860695600509644,-0.03747451305389404,0.03368084132671356,-0.00396206509321928,0.9926133751869202,515.1954579632729
8,198,2315,238,237,0.8354430379746836,contradictory,put the cream cheese box in the basket but leave the butter outside the basket,2026080815,7180198,sha256:d4c49dc7bbf72acc,mps:0,-0.5089285969734192,0.7714285850524902,0.32678571343421936,-0.034285712987184525,0.0,-0.0,1.0,0.07665129750967026,0.32865995168685913,0.7780105471611023,-0.03977377712726593,0.051141686737537384,-0.014226462692022324,0.9920513033866882,523.7944999244064
8,198,2315,238,237,0.8354430379746836,unrelated,open the top drawer of the cabinet,2026080815,7180198,sha256:d4c49dc7bbf72acc,mps:0,-0.5089285969734192,0.7714285850524902,0.32678571343421936,-0.034285712987184525,0.0,-0.0,1.0,0.03386734053492546,0.03524666279554367,0.15016943216323853,-0.06260773539543152,0.09979651868343353,0.0026015425100922585,1.0088132619857788,544.0774159505963
8,204,2321,238,237,0.8607594936708861,correct,put both the cream cheese box and the butter in the basket,2026080815,7180204,sha256:f25bfc50bc8fc169,mps:0,-0.3723214268684387,0.8357142806053162,-0.0,0.0,-0.006428571417927742,-0.0,1.0,-0.15851739048957825,0.6745580434799194,0.389400839805603,-0.001248763408511877,-0.013293533585965633,-0.000421866774559021,1.0169095993041992,640.1990000158548
8,204,2321,238,237,0.8607594936708861,paraphrase,place the cream cheese box and the butter together inside the basket,2026080815,7180204,sha256:f25bfc50bc8fc169,mps:0,-0.3723214268684387,0.8357142806053162,-0.0,0.0,-0.006428571417927742,-0.0,1.0,-0.1770542860031128,0.7713587880134583,0.13245651125907898,-0.000680185912642628,-0.02519967034459114,-0.001008935272693634,1.021732211112976,542.8368751890957
8,204,2321,238,237,0.8607594936708861,contradictory,put the cream cheese box in the basket but leave the butter outside the basket,2026080815,7180204,sha256:f25bfc50bc8fc169,mps:0,-0.3723214268684387,0.8357142806053162,-0.0,0.0,-0.006428571417927742,-0.0,1.0,-0.046592630445957184,0.36996549367904663,0.33691662549972534,-0.0002596206031739712,-0.012109079398214817,-0.00737190805375576,1.019515872001648,562.1144170872867
8,204,2321,238,237,0.8607594936708861,unrelated,open the top drawer of the cabinet,2026080815,7180204,sha256:f25bfc50bc8fc169,mps:0,-0.3723214268684387,0.8357142806053162,-0.0,0.0,-0.006428571417927742,-0.0,1.0,0.030139263719320297,0.027819909155368805,0.1852916181087494,-0.005472855642437935,0.005012672394514084,-0.008258534595370293,-1.0020211935043335,559.5861249603331
8,221,2338,238,237,0.9324894514767933,correct,put both the cream cheese box and the butter in the basket,2026080815,7180221,sha256:76f16c124875a7dc,mps:0,-0.2410714328289032,-0.09375,-0.0,0.0,0.0835714265704155,-0.01607142947614193,-1.0,-0.11803505569696426,-0.14672553539276123,0.24043667316436768,0.07283274829387665,0.021697472780942917,-0.062226422131061554,-0.984439492225647,576.9102079793811
8,221,2338,238,237,0.9324894514767933,paraphrase,place the cream cheese box and the butter together inside the basket,2026080815,7180221,sha256:76f16c124875a7dc,mps:0,-0.2410714328289032,-0.09375,-0.0,0.0,0.0835714265704155,-0.01607142947614193,-1.0,-0.17361846566200256,-0.19214868545532227,0.15104418992996216,0.09242228418588638,0.014030412770807743,-0.06321955472230911,-0.9907038807868958,524.8848749324679
8,221,2338,238,237,0.9324894514767933,contradictory,put the cream cheese box in the basket but leave the butter outside the basket,2026080815,7180221,sha256:76f16c124875a7dc,mps:0,-0.2410714328289032,-0.09375,-0.0,0.0,0.0835714265704155,-0.01607142947614193,-1.0,-0.09866081923246384,-0.19033774733543396,0.3452584743499756,0.07865745574235916,0.03910939022898674,-0.08200626075267792,-0.972784698009491,553.6006670445204
8,221,2338,238,237,0.9324894514767933,unrelated,open the top drawer of the cabinet,2026080815,7180221,sha256:76f16c124875a7dc,mps:0,-0.2410714328289032,-0.09375,-0.0,0.0,0.0835714265704155,-0.01607142947614193,-1.0,-0.13441938161849976,-0.38828304409980774,0.44184866547584534,0.11100328713655472,0.04237612709403038,-0.06401362270116806,-1.003374695777893,550.6377909332514
8,237,2354,238,237,1.0,correct,put both the cream cheese box and the butter in the basket,2026080815,7180237,sha256:32cfd21e8a11d32f,mps:0,0.1875,-0.008035714738070965,0.2410714328289032,0.0,0.06642857193946838,-0.0010714285308495164,-1.0,0.12553821504116058,-0.07749022543430328,0.16899600625038147,-0.0011530104093253613,0.04576149955391884,-0.008863165974617004,-1.010848879814148,561.09116692096
8,237,2354,238,237,1.0,paraphrase,place the cream cheese box and the butter together inside the basket,2026080815,7180237,sha256:32cfd21e8a11d32f,mps:0,0.1875,-0.008035714738070965,0.2410714328289032,0.0,0.06642857193946838,-0.0010714285308495164,-1.0,0.07750435918569565,-0.03129970282316208,0.10572465509176254,-0.0009537137229926884,0.02994747832417488,-0.006682167761027813,-1.0184427499771118,513.301458908245
8,237,2354,238,237,1.0,contradictory,put the cream cheese box in the basket but leave the butter outside the basket,2026080815,7180237,sha256:32cfd21e8a11d32f,mps:0,0.1875,-0.008035714738070965,0.2410714328289032,0.0,0.06642857193946838,-0.0010714285308495164,-1.0,0.09780223667621613,-0.02176687866449356,0.2379905879497528,-0.0019614717457443476,0.05246509984135628,-0.015677493065595627,-1.0076144933700562,525.0592909287661
8,237,2354,238,237,1.0,unrelated,open the top drawer of the cabinet,2026080815,7180237,sha256:32cfd21e8a11d32f,mps:0,0.1875,-0.008035714738070965,0.2410714328289032,0.0,0.06642857193946838,-0.0010714285308495164,-1.0,0.1646931767463684,-0.15308068692684174,0.3693619668483734,-0.003990017808973789,0.06111440435051918,0.007134988903999329,-1.0257420539855957,565.1756660081446
9,0,2355,257,256,0.0,correct,put both the cream cheese box and the butter in the basket,2026080816,7190000,sha256:0cafbab144beccf0,mps:0,0.20892857015132904,-0.3723214268684387,-0.0,0.0010714285308495164,0.0,0.018214285373687744,-1.0,-0.052982397377491,0.10375044494867325,-0.12588362395763397,0.00011813969467766583,-0.008805936202406883,0.016017798334360123,-1.0110350847244263,550.3243750426918
9,0,2355,257,256,0.0,paraphrase,place the cream cheese box and the butter together inside the basket,2026080816,7190000,sha256:0cafbab144beccf0,mps:0,0.20892857015132904,-0.3723214268684387,-0.0,0.0010714285308495164,0.0,0.018214285373687744,-1.0,0.021684691309928894,0.016065247356891632,-0.16790491342544556,-0.00038052868330851197,-0.010878092609345913,0.013606997206807137,-1.0309836864471436,513.3404999505728
9,0,2355,257,256,0.0,contradictory,put the cream cheese box in the basket but leave the butter outside the basket,2026080816,7190000,sha256:0cafbab144beccf0,mps:0,0.20892857015132904,-0.3723214268684387,-0.0,0.0010714285308495164,0.0,0.018214285373687744,-1.0,-0.05857163667678833,0.1687294989824295,-0.12351219356060028,0.00011124764569103718,-0.012858451344072819,0.004987520165741444,-1.025324821472168,526.3592500705272
9,0,2355,257,256,0.0,unrelated,open the top drawer of the cabinet,2026080816,7190000,sha256:0cafbab144beccf0,mps:0,0.20892857015132904,-0.3723214268684387,-0.0,0.0010714285308495164,0.0,0.018214285373687744,-1.0,-0.12658536434173584,-0.20956456661224365,-0.24428707361221313,-0.0020697310101240873,0.005757906008511782,0.030750321224331856,-1.031639814376831,529.5096251647919
9,18,2373,257,256,0.0703125,correct,put both the cream cheese box and the butter in the basket,2026080816,7190018,sha256:c69e98add739793c,mps:0,0.6910714507102966,-0.4955357015132904,-0.14196428656578064,0.0,0.04178571328520775,-0.1071428582072258,-1.0,0.789717972278595,-0.3809887766838074,-0.3272377550601959,0.007065479643642902,-0.011988227255642414,-0.018709968775510788,-0.997380793094635,537.4833329115063
9,18,2373,257,256,0.0703125,paraphrase,place the cream cheese box and the butter together inside the basket,2026080816,7190018,sha256:c69e98add739793c,mps:0,0.6910714507102966,-0.4955357015132904,-0.14196428656578064,0.0,0.04178571328520775,-0.1071428582072258,-1.0,0.6653117537498474,-0.17192360758781433,-0.5665270090103149,0.012354085221886635,-0.024494022130966187,-0.022912008687853813,-1.0051395893096924,569.8173330165446
9,18,2373,257,256,0.0703125,contradictory,put the cream cheese box in the basket but leave the butter outside the basket,2026080816,7190018,sha256:c69e98add739793c,mps:0,0.6910714507102966,-0.4955357015132904,-0.14196428656578064,0.0,0.04178571328520775,-0.1071428582072258,-1.0,0.4847658574581146,-0.058743685483932495,-0.5749297142028809,0.009860162623226643,-0.029272519052028656,-0.011444665491580963,-1.008704423904419,522.3629998508841
9,18,2373,257,256,0.0703125,unrelated,open the top drawer of the cabinet,2026080816,7190018,sha256:c69e98add739793c,mps:0,0.6910714507102966,-0.4955357015132904,-0.14196428656578064,0.0,0.04178571328520775,-0.1071428582072258,-1.0,0.19135451316833496,-0.3367075026035309,-0.5103018283843994,0.0011998843401670456,-0.014593581669032574,0.0792679414153099,-1.0074628591537476,526.4000419992954
9,30,2385,257,256,0.1171875,correct,put both the cream cheese box and the butter in the basket,2026080816,7190030,sha256:0e4bd16a910897d8,mps:0,0.10178571194410324,-0.13928571343421936,-0.7285714149475098,0.05785714462399483,-0.07500000298023224,-0.08250000327825546,-1.0,0.2913725972175598,-0.184059739112854,-0.7057622075080872,0.015780258923768997,-0.016337178647518158,-0.06691206991672516,-1.0148323774337769,529.5221251435578
9,30,2385,257,256,0.1171875,paraphrase,place the cream cheese box and the butter together inside the basket,2026080816,7190030,sha256:0e4bd16a910897d8,mps:0,0.10178571194410324,-0.13928571343421936,-0.7285714149475098,0.05785714462399483,-0.07500000298023224,-0.08250000327825546,-1.0,0.0632840096950531,-0.114039346575737,-0.8044941425323486,0.03077142871916294,-0.02493835985660553,-0.05479564517736435,-1.0194752216339111,510.89729089289904
9,30,2385,257,256,0.1171875,contradictory,put the cream cheese box in the basket but leave the butter outside the basket,2026080816,7190030,sha256:0e4bd16a910897d8,mps:0,0.10178571194410324,-0.13928571343421936,-0.7285714149475098,0.05785714462399483,-0.07500000298023224,-0.08250000327825546,-1.0,-0.03493256866931915,-0.057979390025138855,-0.7386786341667175,0.018991578370332718,-0.027932893484830856,-0.04163151979446411,-1.009390115737915,537.9561251029372
9,30,2385,257,256,0.1171875,unrelated,open the top drawer of the cabinet,2026080816,7190030,sha256:0e4bd16a910897d8,mps:0,0.10178571194410324,-0.13928571343421936,-0.7285714149475098,0.05785714462399483,-0.07500000298023224,-0.08250000327825546,-1.0,-0.14792877435684204,-0.10687069594860077,-0.8534759283065796,0.009195918217301369,-0.012835768051445484,0.02494232729077339,-1.0039118528366089,519.6910421364009
9,50,2405,257,256,0.1953125,correct,put both the cream cheese box and the butter in the basket,2026080816,7190050,sha256:982da0b4826c3305,mps:0,0.0,0.0,-0.34017857909202576,0.0,0.0,-0.0,1.0,-0.13992515206336975,-0.05347082018852234,-0.44001150131225586,0.015507888980209827,-0.046287037432193756,0.048239149153232574,-0.9970176815986633,528.7972500082105
9,50,2405,257,256,0.1953125,paraphrase,place the cream cheese box and the butter together inside the basket,2026080816,7190050,sha256:982da0b4826c3305,mps:0,0.0,0.0,-0.34017857909202576,0.0,0.0,-0.0,1.0,-0.2698451578617096,-0.045044124126434326,-0.49122142791748047,0.019747529178857803,-0.045516237616539,0.04959804564714432,-0.9895477890968323,503.3022090792656
9,50,2405,257,256,0.1953125,contradictory,put the cream cheese box in the basket but leave the butter outside the basket,2026080816,7190050,sha256:982da0b4826c3305,mps:0,0.0,0.0,-0.34017857909202576,0.0,0.0,-0.0,1.0,-0.1385939121246338,-0.029084376990795135,-0.09126664698123932,0.002072517992928624,-0.012433984316885471,0.008518616668879986,1.0306894779205322,528.2010410446674
9,50,2405,257,256,0.1953125,unrelated,open the top drawer of the cabinet,2026080816,7190050,sha256:982da0b4826c3305,mps:0,0.0,0.0,-0.34017857909202576,0.0,0.0,-0.0,1.0,-0.3412914276123047,-0.01661773771047592,-0.3400324881076813,-0.0006694833864457905,-0.0529186874628067,0.1374102681875229,-1.0039141178131104,522.9952079243958
9,52,2407,257,256,0.203125,correct,put both the cream cheese box and the butter in the basket,2026080816,7190052,sha256:a880f1ebf6037144,mps:0,0.01875000074505806,0.0,-0.12589286267757416,-0.006428571417927742,0.0,-0.0,1.0,-0.32716885209083557,-0.028377041220664978,-0.43321242928504944,-0.0002325823879800737,0.03432206064462662,0.043281376361846924,-0.9937243461608887,557.4894999153912
9,52,2407,257,256,0.203125,paraphrase,place the cream cheese box and the butter together inside the basket,2026080816,7190052,sha256:a880f1ebf6037144,mps:0,0.01875000074505806,0.0,-0.12589286267757416,-0.006428571417927742,0.0,-0.0,1.0,-0.537224531173706,-0.05799773335456848,-0.5983191132545471,0.0016769885551184416,0.011213301680982113,0.04201836138963699,-0.990814745426178,506.40116701833904
9,52,2407,257,256,0.203125,contradictory,put the cream cheese box in the basket but leave the butter outside the basket,2026080816,7190052,sha256:a880f1ebf6037144,mps:0,0.01875000074505806,0.0,-0.12589286267757416,-0.006428571417927742,0.0,-0.0,1.0,-0.16939660906791687,-0.010049521923065186,-0.0876222625374794,-0.02239169552922249,0.044185735285282135,0.014139518141746521,1.0071898698806763,521.0637089330703
9,52,2407,257,256,0.203125,unrelated,open the top drawer of the cabinet,2026080816,7190052,sha256:a880f1ebf6037144,mps:0,0.01875000074505806,0.0,-0.12589286267757416,-0.006428571417927742,0.0,-0.0,1.0,-0.48153460025787354,-0.01917514204978943,-0.37389475107192993,-0.007609150838106871,0.040953975170850754,0.11222238838672638,-0.9998326897621155,521.7379580717534
9,64,2419,257,256,0.25,correct,put both the cream cheese box and the butter in the basket,2026080816,7190064,sha256:658562511d64b630,mps:0,0.34017857909202576,0.2839285731315613,0.9375,-0.062142856419086456,0.03857142850756645,0.029999999329447746,1.0,0.015064813196659088,0.5384727716445923,0.9514706134796143,-0.027992865070700645,0.01011347584426403,-0.0017962942365556955,1.0095733404159546,536.9999171234667
9,64,2419,257,256,0.25,paraphrase,place the cream cheese box and the butter together inside the basket,2026080816,7190064,sha256:658562511d64b630,mps:0,0.34017857909202576,0.2839285731315613,0.9375,-0.062142856419086456,0.03857142850756645,0.029999999329447746,1.0,-0.03231299668550491,0.620529055595398,0.9414706230163574,-0.0280768945813179,0.01035374402999878,0.0017310301773250103,1.0141346454620361,512.0627081487328
9,64,2419,257,256,0.25,contradictory,put the cream cheese box in the basket but leave the butter outside the basket,2026080816,7190064,sha256:658562511d64b630,mps:0,0.34017857909202576,0.2839285731315613,0.9375,-0.062142856419086456,0.03857142850756645,0.029999999329447746,1.0,0.08968163281679153,0.44398754835128784,0.926655650138855,-0.03299431502819061,0.020659983158111572,-0.0134412981569767,1.0102403163909912,529.5757499989122
9,64,2419,257,256,0.25,unrelated,open the top drawer of the cabinet,2026080816,7190064,sha256:658562511d64b630,mps:0,0.34017857909202576,0.2839285731315613,0.9375,-0.062142856419086456,0.03857142850756645,0.029999999329447746,1.0,0.05806705355644226,0.191226989030838,0.4097479283809662,-0.040483225136995316,0.038752224296331406,0.009010188281536102,-1.007091999053955,526.2249999213964
9,83,2438,257,256,0.32421875,correct,put both the cream cheese box and the butter in the basket,2026080816,7190083,sha256:2e3e7311ab021fa7,mps:0,-0.3107142746448517,0.7848214507102966,0.14464285969734192,0.0,0.0,0.051428571343421936,1.0,-0.21886563301086426,0.8078930377960205,-0.025794044137001038,-0.0013682071585208178,-0.048151202499866486,-0.005229196976870298,0.9987706542015076,543.7737910542637
9,83,2438,257,256,0.32421875,paraphrase,place the cream cheese box and the butter together inside the basket,2026080816,7190083,sha256:2e3e7311ab021fa7,mps:0,-0.3107142746448517,0.7848214507102966,0.14464285969734192,0.0,0.0,0.051428571343421936,1.0,-0.20011654496192932,0.8192551732063293,-0.05364169552922249,-0.001483686501160264,-0.05050777643918991,-0.004291287623345852,1.0015994310379028,509.3234998639673
9,83,2438,257,256,0.32421875,contradictory,put the cream cheese box in the basket but leave the butter outside the basket,2026080816,7190083,sha256:2e3e7311ab021fa7,mps:0,-0.3107142746448517,0.7848214507102966,0.14464285969734192,0.0,0.0,0.051428571343421936,1.0,-0.15057885646820068,0.7705387473106384,0.028642795979976654,-0.0014268758241087198,-0.05280982330441475,-0.017985135316848755,0.9887260794639587,521.6754169669002
9,83,2438,257,256,0.32421875,unrelated,open the top drawer of the cabinet,2026080816,7190083,sha256:2e3e7311ab021fa7,mps:0,-0.3107142746448517,0.7848214507102966,0.14464285969734192,0.0,0.0,0.051428571343421936,1.0,-0.1931365728378296,0.22831639647483826,-0.2532830834388733,-0.0018610034603625536,-0.0311533622443676,0.011103108525276184,1.0226901769638062,539.7312908899039
9,98,2453,257,256,0.3828125,correct,put both the cream cheese box and the butter in the basket,2026080816,7190098,sha256:baa649ce7a0098b8,mps:0,-0.14196428656578064,0.8919642567634583,-0.0,0.0,0.0,0.004285714123398066,1.0,-0.12062915414571762,0.7413225173950195,0.24912407994270325,0.005244875326752663,0.003904458601027727,0.008197644725441933,0.9905378222465515,536.8672080803663
9,98,2453,257,256,0.3828125,paraphrase,place the cream cheese box and the butter together inside the basket,2026080816,7190098,sha256:baa649ce7a0098b8,mps:0,-0.14196428656578064,0.8919642567634583,-0.0,0.0,0.0,0.004285714123398066,1.0,-0.12298724800348282,0.7938525676727295,0.11931595951318741,0.0067862700670957565,-0.004668165929615498,0.005383500829339027,0.9849873185157776,512.2827501036227
9,98,2453,257,256,0.3828125,contradictory,put the cream cheese box in the basket but leave the butter outside the basket,2026080816,7190098,sha256:baa649ce7a0098b8,mps:0,-0.14196428656578064,0.8919642567634583,-0.0,0.0,0.0,0.004285714123398066,1.0,-0.025149628520011902,0.7265394926071167,0.27453312277793884,0.004337932914495468,0.0007038088515400887,-0.001016526948660612,0.9793533682823181,520.9368329960853
9,98,2453,257,256,0.3828125,unrelated,open the top drawer of the cabinet,2026080816,7190098,sha256:baa649ce7a0098b8,mps:0,-0.14196428656578064,0.8919642567634583,-0.0,0.0,0.0,0.004285714123398066,1.0,0.03018110990524292,0.04240882396697998,0.43629392981529236,-0.0017197162378579378,0.03716692328453064,0.00435065571218729,1.014577865600586,526.1293749790639
9,105,2460,257,256,0.41015625,correct,put both the cream cheese box and the butter in the basket,2026080816,7190105,sha256:71cdd1c446d0be85,mps:0,-0.02410714328289032,0.8223214149475098,-0.19285714626312256,-0.02250000089406967,0.0,-0.0,1.0,-0.450650155544281,0.8423122763633728,-0.19771891832351685,-0.010119931772351265,-0.02970992773771286,-0.002905691508203745,0.9967545866966248,558.4107919130474
9,105,2460,257,256,0.41015625,paraphrase,place the cream cheese box and the butter together inside the basket,2026080816,7190105,sha256:71cdd1c446d0be85,mps:0,-0.02410714328289032,0.8223214149475098,-0.19285714626312256,-0.02250000089406967,0.0,-0.0,1.0,-0.3979180157184601,0.8638687133789062,-0.24694785475730896,-0.008211856707930565,-0.03833652287721634,-0.00731298653408885,0.9965371489524841,515.7582079991698
9,105,2460,257,256,0.41015625,contradictory,put the cream cheese box in the basket but leave the butter outside the basket,2026080816,7190105,sha256:71cdd1c446d0be85,mps:0,-0.02410714328289032,0.8223214149475098,-0.19285714626312256,-0.02250000089406967,0.0,-0.0,1.0,-0.37074440717697144,0.8266361355781555,-0.20661881566047668,-0.0035030036233365536,-0.04741877317428589,-0.021131886169314384,0.9888333678245544,526.5375408343971
9,105,2460,257,256,0.41015625,unrelated,open the top drawer of the cabinet,2026080816,7190105,sha256:71cdd1c446d0be85,mps:0,-0.02410714328289032,0.8223214149475098,-0.19285714626312256,-0.02250000089406967,0.0,-0.0,1.0,-0.21454745531082153,0.18663156032562256,0.033605486154556274,-0.0046437690034508705,-0.0012098420411348343,-0.0158759206533432,1.002423882484436,533.1469171214849
9,123,2478,257,256,0.48046875,correct,put both the cream cheese box and the butter in the basket,2026080816,7190123,sha256:63ab99deca0b7ea7,mps:0,-0.12857143580913544,-0.07232142984867096,-0.03482142835855484,0.008571428246796131,-0.013928571715950966,-0.011785713955760002,1.0,-0.10618240386247635,0.13915835320949554,-0.08744057267904282,0.01834387145936489,0.018636219203472137,0.023960359394550323,0.9152711629867554,540.2050830889493
9,123,2478,257,256,0.48046875,paraphrase,place the cream cheese box and the butter together inside the basket,2026080816,7190123,sha256:63ab99deca0b7ea7,mps:0,-0.12857143580913544,-0.07232142984867096,-0.03482142835855484,0.008571428246796131,-0.013928571715950966,-0.011785713955760002,1.0,-0.12294507771730423,0.14008979499340057,-0.31606027483940125,0.06321803480386734,0.014358330518007278,0.02951829694211483,1.0055756568908691,512.8919999115169
9,123,2478,257,256,0.48046875,contradictory,put the cream cheese box in the basket but leave the butter outside the basket,2026080816,7190123,sha256:63ab99deca0b7ea7,mps:0,-0.12857143580913544,-0.07232142984867096,-0.03482142835855484,0.008571428246796131,-0.013928571715950966,-0.011785713955760002,1.0,-0.026127897202968597,0.0335141122341156,0.1745605170726776,0.005705602467060089,0.013093719258904457,-0.003594860667362809,-0.9993156790733337,548.4612921718508
9,123,2478,257,256,0.48046875,unrelated,open the top drawer of the cabinet,2026080816,7190123,sha256:63ab99deca0b7ea7,mps:0,-0.12857143580913544,-0.07232142984867096,-0.03482142835855484,0.008571428246796131,-0.013928571715950966,-0.011785713955760002,1.0,-0.004874996840953827,-0.1739967167377472,0.3739893138408661,0.01712723635137081,0.023007147014141083,0.031136034056544304,-0.9939481019973755,528.1732499133795
9,137,2492,257,256,0.53515625,correct,put both the cream cheese box and the butter in the basket,2026080816,7190137,sha256:b935f2236c2f5005,mps:0,0.05892857164144516,0.0,0.10982143133878708,-0.025714285671710968,0.017142856493592262,-0.0,-1.0,-0.019293785095214844,-0.02957727015018463,0.04965332895517349,4.040304338559508e-05,0.01178659126162529,-0.004728570114821196,-1.0066276788711548,543.5787918977439
9,137,2492,257,256,0.53515625,paraphrase,place the cream cheese box and the butter together inside the basket,2026080816,7190137,sha256:b935f2236c2f5005,mps:0,0.05892857164144516,0.0,0.10982143133878708,-0.025714285671710968,0.017142856493592262,-0.0,-1.0,-0.03369402140378952,-0.027052156627178192,0.010958895087242126,0.00021481848671101034,0.004465480335056782,-0.0055982088670134544,-1.016558289527893,511.23391604050994
9,137,2492,257,256,0.53515625,contradictory,put the cream cheese box in the basket but leave the butter outside the basket,2026080816,7190137,sha256:b935f2236c2f5005,mps:0,0.05892857164144516,0.0,0.10982143133878708,-0.025714285671710968,0.017142856493592262,-0.0,-1.0,0.0029018446803092957,-0.022157855331897736,0.1584841012954712,-0.00014542089775204659,0.027533050626516342,-0.011990826576948166,-1.0054017305374146,526.0026250034571
9,137,2492,257,256,0.53515625,unrelated,open the top drawer of the cabinet,2026080816,7190137,sha256:b935f2236c2f5005,mps:0,0.05892857164144516,0.0,0.10982143133878708,-0.025714285671710968,0.017142856493592262,-0.0,-1.0,0.010943617671728134,-0.19443532824516296,0.24487271904945374,-0.001903411466628313,0.036576125770807266,0.010360699146986008,-1.0005275011062622,536.1962080933154
9,149,2504,257,256,0.58203125,correct,put both the cream cheese box and the butter in the basket,2026080816,7190149,sha256:9beaa5aaad025a5a,mps:0,0.47410714626312256,-0.7124999761581421,0.05892857164144516,0.0,0.0,-0.03642857074737549,-1.0,0.4917133152484894,-0.49156755208969116,0.06207134574651718,-0.0066384207457304,-0.0393497608602047,-0.0732247456908226,-1.0115365982055664,560.569291934371
9,149,2504,257,256,0.58203125,paraphrase,place the cream cheese box and the butter together inside the basket,2026080816,7190149,sha256:9beaa5aaad025a5a,mps:0,0.47410714626312256,-0.7124999761581421,0.05892857164144516,0.0,0.0,-0.03642857074737549,-1.0,0.3547076880931854,-0.41851693391799927,-0.004650279879570007,-0.0018113455735147,-0.058997783809900284,-0.07175544649362564,-1.00774347782135,539.5041250158101
9,149,2504,257,256,0.58203125,contradictory,put the cream cheese box in the basket but leave the butter outside the basket,2026080816,7190149,sha256:9beaa5aaad025a5a,mps:0,0.47410714626312256,-0.7124999761581421,0.05892857164144516,0.0,0.0,-0.03642857074737549,-1.0,0.10691539943218231,-0.02887605130672455,0.20994478464126587,-0.006749119143933058,-0.015923399478197098,-0.07237585633993149,-0.9988923668861389,525.9932498447597
9,149,2504,257,256,0.58203125,unrelated,open the top drawer of the cabinet,2026080816,7190149,sha256:9beaa5aaad025a5a,mps:0,0.47410714626312256,-0.7124999761581421,0.05892857164144516,0.0,0.0,-0.03642857074737549,-1.0,0.14961986243724823,-0.13112637400627136,0.25643211603164673,-0.017870046198368073,-0.008075467310845852,-0.07456935197114944,-1.007485270500183,531.7435830365866
9,166,2521,257,256,0.6484375,correct,put both the cream cheese box and the butter in the basket,2026080816,7190166,sha256:24264baf09880e94,mps:0,0.08303571492433548,-0.375,-0.5223214030265808,0.08250000327825546,0.0,-0.0,-1.0,0.02064996212720871,-0.46607887744903564,-0.6536230444908142,0.023264670744538307,0.011683003045618534,0.07510651648044586,-0.9977831244468689,545.648125000298
9,166,2521,257,256,0.6484375,paraphrase,place the cream cheese box and the butter together inside the basket,2026080816,7190166,sha256:24264baf09880e94,mps:0,0.08303571492433548,-0.375,-0.5223214030265808,0.08250000327825546,0.0,-0.0,-1.0,-0.1394711136817932,-0.2459486722946167,-0.8018621802330017,0.02442975714802742,0.0008283271454274654,0.06361798197031021,-0.9939146041870117,535.0070837885141
9,166,2521,257,256,0.6484375,contradictory,put the cream cheese box in the basket but leave the butter outside the basket,2026080816,7190166,sha256:24264baf09880e94,mps:0,0.08303571492433548,-0.375,-0.5223214030265808,0.08250000327825546,0.0,-0.0,-1.0,-0.21979457139968872,-0.2153700590133667,-0.7361516952514648,0.024431264027953148,0.013116935268044472,0.03396005928516388,-0.9935876131057739,537.383999908343
9,166,2521,257,256,0.6484375,unrelated,open the top drawer of the cabinet,2026080816,7190166,sha256:24264baf09880e94,mps:0,0.08303571492433548,-0.375,-0.5223214030265808,0.08250000327825546,0.0,-0.0,-1.0,-0.1976555585861206,-0.00819801539182663,-0.5419266819953918,4.9319176468998194e-05,0.03049968183040619,0.06510657072067261,-1.0016282796859741,540.2857498265803
9,173,2528,257,256,0.67578125,correct,put both the cream cheese box and the butter in the basket,2026080816,7190173,sha256:63206468ba5ed1fd,mps:0,0.0,0.0,-0.7526785731315613,0.07928571105003357,0.018214285373687744,0.013928571715950966,-1.0,-0.28070327639579773,0.2238287329673767,-0.7305964231491089,-0.025666706264019012,-0.04688699170947075,0.011904371902346611,-1.000244140625,555.7867500465363
9,173,2528,257,256,0.67578125,paraphrase,place the cream cheese box and the butter together inside the basket,2026080816,7190173,sha256:63206468ba5ed1fd,mps:0,0.0,0.0,-0.7526785731315613,0.07928571105003357,0.018214285373687744,0.013928571715950966,-1.0,-0.37788885831832886,0.22151443362236023,-0.7188088893890381,-0.01941484771668911,-0.05139334872364998,-0.005606858525425196,-0.993567705154419,515.3238328639418
9,173,2528,257,256,0.67578125,contradictory,put the cream cheese box in the basket but leave the butter outside the basket,2026080816,7190173,sha256:63206468ba5ed1fd,mps:0,0.0,0.0,-0.7526785731315613,0.07928571105003357,0.018214285373687744,0.013928571715950966,-1.0,-0.3633413016796112,0.23589247465133667,-0.6556740403175354,-0.01190148200839758,-0.04054076597094536,-0.017906837165355682,-0.9958081245422363,526.5037908684462
9,173,2528,257,256,0.67578125,unrelated,open the top drawer of the cabinet,2026080816,7190173,sha256:63206468ba5ed1fd,mps:0,0.0,0.0,-0.7526785731315613,0.07928571105003357,0.018214285373687744,0.013928571715950966,-1.0,-0.23395535349845886,0.888414740562439,-0.4674000144004822,-0.019786957651376724,-0.020968489348888397,0.0028891190886497498,-1.0151541233062744,523.7070000730455
9,186,2541,257,256,0.7265625,correct,put both the cream cheese box and the butter in the basket,2026080816,7190186,sha256:9fa0ccc88b0d8cd2,mps:0,-0.4017857015132904,0.28125,-0.42053571343421936,-0.06964285671710968,0.0,0.13821429014205933,-1.0,-0.12056683748960495,-0.16574370861053467,-0.21513962745666504,0.015957113355398178,0.06177491694688797,0.030215224251151085,0.9710981249809265,539.9807079229504
9,186,2541,257,256,0.7265625,paraphrase,place the cream cheese box and the butter together inside the basket,2026080816,7190186,sha256:9fa0ccc88b0d8cd2,mps:0,-0.4017857015132904,0.28125,-0.42053571343421936,-0.06964285671710968,0.0,0.13821429014205933,-1.0,-0.21300393342971802,-0.2151220440864563,-0.2677149474620819,0.023909645155072212,0.05073961243033409,0.025981100276112556,0.9817754626274109,528.7502910941839
9,186,2541,257,256,0.7265625,contradictory,put the cream cheese box in the basket but leave the butter outside the basket,2026080816,7190186,sha256:9fa0ccc88b0d8cd2,mps:0,-0.4017857015132904,0.28125,-0.42053571343421936,-0.06964285671710968,0.0,0.13821429014205933,-1.0,-0.12356201559305191,-0.17634740471839905,-0.17616240680217743,0.010721374303102493,0.0792178213596344,0.011804535984992981,0.9783787131309509,527.7105839923024
9,186,2541,257,256,0.7265625,unrelated,open the top drawer of the cabinet,2026080816,7190186,sha256:9fa0ccc88b0d8cd2,mps:0,-0.4017857015132904,0.28125,-0.42053571343421936,-0.06964285671710968,0.0,0.13821429014205933,-1.0,-0.17773139476776123,-0.1107444018125534,-0.21694833040237427,0.0009830102790147066,0.061428532004356384,0.025729216635227203,0.9865652918815613,524.3616660591215
9,203,2558,257,256,0.79296875,correct,put both the cream cheese box and the butter in the basket,2026080816,7190203,sha256:29f717d135c3a953,mps:0,0.2919642925262451,0.0053571430034935474,0.9375,-0.03642857074737549,0.011785713955760002,-0.0,1.0,0.08715660125017166,0.12479814887046814,0.9190990924835205,-0.0024623561184853315,0.002079254249110818,-0.051823414862155914,0.995266854763031,540.9947498701513
9,203,2558,257,256,0.79296875,paraphrase,place the cream cheese box and the butter together inside the basket,2026080816,7190203,sha256:29f717d135c3a953,mps:0,0.2919642925262451,0.0053571430034935474,0.9375,-0.03642857074737549,0.011785713955760002,-0.0,1.0,-0.005680285394191742,0.16529157757759094,0.9023648500442505,-0.0008334729936905205,-0.009448239579796791,-0.05539494752883911,0.9939256310462952,517.089958069846
9,203,2558,257,256,0.79296875,contradictory,put the cream cheese box in the basket but leave the butter outside the basket,2026080816,7190203,sha256:29f717d135c3a953,mps:0,0.2919642925262451,0.0053571430034935474,0.9375,-0.03642857074737549,0.011785713955760002,-0.0,1.0,0.03729836642742157,0.05423649400472641,0.7207271456718445,-0.0032076286152005196,0.003454822115600109,-0.06105408817529678,0.98920077085495,562.8034169785678
9,203,2558,257,256,0.79296875,unrelated,open the top drawer of the cabinet,2026080816,7190203,sha256:29f717d135c3a953,mps:0,0.2919642925262451,0.0053571430034935474,0.9375,-0.03642857074737549,0.011785713955760002,-0.0,1.0,-0.07026081532239914,0.061734095215797424,0.17407822608947754,-0.008319487795233727,0.003669939935207367,-0.046026378870010376,1.0008198022842407,559.7343330737203
9,209,2564,257,256,0.81640625,correct,put both the cream cheese box and the butter in the basket,2026080816,7190209,sha256:1131d93bde8cee4a,mps:0,0.09375,0.18482142686843872,0.9375,0.0,0.06535714119672775,-0.0,1.0,0.1576058268547058,0.2961467504501343,0.8779906630516052,-0.004494859836995602,-0.018531162291765213,-0.02358265407383442,1.0067366361618042,534.5217089634389
9,209,2564,257,256,0.81640625,paraphrase,place the cream cheese box and the butter together inside the basket,2026080816,7190209,sha256:1131d93bde8cee4a,mps:0,0.09375,0.18482142686843872,0.9375,0.0,0.06535714119672775,-0.0,1.0,0.0397031307220459,0.45544150471687317,0.8344036340713501,-0.0034282049164175987,-0.031491998583078384,-0.0249173603951931,1.0078481435775757,506.0857501812279
9,209,2564,257,256,0.81640625,contradictory,put the cream cheese box in the basket but leave the butter outside the basket,2026080816,7190209,sha256:1131d93bde8cee4a,mps:0,0.09375,0.18482142686843872,0.9375,0.0,0.06535714119672775,-0.0,1.0,0.23752617835998535,0.23173880577087402,0.8645225167274475,-0.008537978865206242,-0.01431161817163229,-0.036063261330127716,1.0023874044418335,519.6331669576466
9,209,2564,257,256,0.81640625,unrelated,open the top drawer of the cabinet,2026080816,7190209,sha256:1131d93bde8cee4a,mps:0,0.09375,0.18482142686843872,0.9375,0.0,0.06535714119672775,-0.0,1.0,0.08966808021068573,0.09545311331748962,0.1606140434741974,-0.00963324774056673,-0.01517766434699297,-0.02599482238292694,-0.9999755024909973,527.8644999489188
9,228,2583,257,256,0.890625,correct,put both the cream cheese box and the butter in the basket,2026080816,7190228,sha256:abc06a69ae82f8de,mps:0,-0.3053571283817291,0.6401785612106323,-0.0535714291036129,0.08142857253551483,-0.003214285708963871,-0.0,1.0,-0.16305062174797058,0.08654015511274338,-0.31958067417144775,-0.020924245938658714,0.011825531721115112,0.0819939598441124,1.0015369653701782,558.6728330235928
9,228,2583,257,256,0.890625,paraphrase,place the cream cheese box and the butter together inside the basket,2026080816,7190228,sha256:abc06a69ae82f8de,mps:0,-0.3053571283817291,0.6401785612106323,-0.0535714291036129,0.08142857253551483,-0.003214285708963871,-0.0,1.0,-0.20944252610206604,0.07610916346311569,-0.4215500056743622,-0.0012513226829469204,0.0025707953609526157,0.06531674414873123,1.014689564704895,517.4503331072628
9,228,2583,257,256,0.890625,contradictory,put the cream cheese box in the basket but leave the butter outside the basket,2026080816,7190228,sha256:abc06a69ae82f8de,mps:0,-0.3053571283817291,0.6401785612106323,-0.0535714291036129,0.08142857253551483,-0.003214285708963871,-0.0,1.0,-0.0474553108215332,0.03562909737229347,-0.04160161688923836,-0.014522340148687363,0.0017829283606261015,0.014401394873857498,-0.9928386807441711,523.3799999114126
9,228,2583,257,256,0.890625,unrelated,open the top drawer of the cabinet,2026080816,7190228,sha256:abc06a69ae82f8de,mps:0,-0.3053571283817291,0.6401785612106323,-0.0535714291036129,0.08142857253551483,-0.003214285708963871,-0.0,1.0,-0.052422940731048584,0.006871625781059265,-0.054900772869586945,-0.02318926528096199,0.010657567530870438,0.042648375034332275,-1.0053107738494873,526.1262089479715
9,242,2597,257,256,0.9453125,correct,put both the cream cheese box and the butter in the basket,2026080816,7190242,sha256:d0b6df2d1391f536,mps:0,0.0,0.10178571194410324,0.12589286267757416,-0.007499999832361937,-0.03857142850756645,-0.0,-1.0,0.025613032281398773,0.03927489370107651,-0.09741818904876709,0.0003628634731285274,0.05808406323194504,-0.02546834573149681,-0.9864238500595093,541.5189999621361
9,242,2597,257,256,0.9453125,paraphrase,place the cream cheese box and the butter together inside the basket,2026080816,7190242,sha256:d0b6df2d1391f536,mps:0,0.0,0.10178571194410324,0.12589286267757416,-0.007499999832361937,-0.03857142850756645,-0.0,-1.0,-0.010941430926322937,0.014157362282276154,-0.14469273388385773,0.0004408230888657272,0.04527347534894943,-0.02672317437827587,-0.9911995530128479,513.0755421705544
9,242,2597,257,256,0.9453125,contradictory,put the cream cheese box in the basket but leave the butter outside the basket,2026080816,7190242,sha256:d0b6df2d1391f536,mps:0,0.0,0.10178571194410324,0.12589286267757416,-0.007499999832361937,-0.03857142850756645,-0.0,-1.0,0.05514436587691307,0.013917751610279083,-0.008828029036521912,0.0003045180346816778,0.07097218930721283,-0.038505151867866516,-0.9891003966331482,590.8726661000401
9,242,2597,257,256,0.9453125,unrelated,open the top drawer of the cabinet,2026080816,7190242,sha256:d0b6df2d1391f536,mps:0,0.0,0.10178571194410324,0.12589286267757416,-0.007499999832361937,-0.03857142850756645,-0.0,-1.0,0.07759250700473785,-0.0062149763107299805,-0.03498673811554909,-0.0013466642703860998,0.09298592805862427,-0.02962576597929001,-0.9960853457450867,535.8008330222219
9,256,2611,257,256,1.0,correct,put both the cream cheese box and the butter in the basket,2026080816,7190256,sha256:edc258eef2f04081,mps:0,0.03214285895228386,0.0,0.0026785715017467737,0.009642857126891613,-0.06321428716182709,-0.027857143431901932,-1.0,-0.00010856986045837402,-0.16294266283512115,0.08308020979166031,0.04721609503030777,-0.026649516075849533,-0.042389556765556335,-1.004127860069275,571.1653751786798
9,256,2611,257,256,1.0,paraphrase,place the cream cheese box and the butter together inside the basket,2026080816,7190256,sha256:edc258eef2f04081,mps:0,0.03214285895228386,0.0,0.0026785715017467737,0.009642857126891613,-0.06321428716182709,-0.027857143431901932,-1.0,-0.0347256064414978,-0.15597575902938843,0.004609033465385437,0.05185428261756897,-0.03715718910098076,-0.045609794557094574,-1.0088982582092285,564.2972090281546
9,256,2611,257,256,1.0,contradictory,put the cream cheese box in the basket but leave the butter outside the basket,2026080816,7190256,sha256:edc258eef2f04081,mps:0,0.03214285895228386,0.0,0.0026785715017467737,0.009642857126891613,-0.06321428716182709,-0.027857143431901932,-1.0,-0.007093444466590881,-0.1542055457830429,0.168442040681839,0.044559236615896225,-0.006240791641175747,-0.055724263191223145,-1.0039430856704712,564.3379997927696
9,256,2611,257,256,1.0,unrelated,open the top drawer of the cabinet,2026080816,7190256,sha256:edc258eef2f04081,mps:0,0.03214285895228386,0.0,0.0026785715017467737,0.009642857126891613,-0.06321428716182709,-0.027857143431901932,-1.0,-0.03292807936668396,-0.26706865429878235,0.12380250543355942,0.057458698749542236,-0.033760588616132736,-0.0501675084233284,-1.0138401985168457,554.499999852851
